scheme,true_factor,true_span_eV,structure_free_null_power
common_h1_block_3,0.5,0.1398583699999998,0.15666666666666668
common_h1_block_3,1.0,0.2797167399999996,0.15
common_h1_block_3,2.0,0.5594334799999992,0.09666666666666666
common_h1_block_3,4.0,1.1188669599999983,0.1
common_h1_block_3,12.0,3.356600879999995,0.12
common_h1_block_5,0.5,0.1398583699999998,0.12
common_h1_block_5,1.0,0.2797167399999996,0.14666666666666667
common_h1_block_5,2.0,0.5594334799999992,0.11333333333333333
common_h1_block_5,4.0,1.1188669599999983,0.16333333333333333
common_h1_block_5,12.0,3.356600879999995,0.12
common_h1_block_9,0.5,0.1398583699999998,0.10666666666666667
common_h1_block_9,1.0,0.2797167399999996,0.11
common_h1_block_9,2.0,0.5594334799999992,0.12
common_h1_block_9,4.0,1.1188669599999983,0.11666666666666667
common_h1_block_9,12.0,3.356600879999995,0.17666666666666667
common_h1_phase,0.5,0.1398583699999998,0.11
common_h1_phase,1.0,0.2797167399999996,0.10333333333333333
common_h1_phase,2.0,0.5594334799999992,0.08333333333333333
common_h1_phase,4.0,1.1188669599999983,0.1
common_h1_phase,12.0,3.356600879999995,0.10666666666666667
