design,lag_V,direction,D02_D24_correlation,D02_D24_rmse_uA,second_singular_variance_fraction
linear_vr2,0.0,forward,1.0,1.8147157318294142e-16,8.226892473154564e-31
linear_vr2,0.0,reverse,1.0,1.8147157318294142e-16,8.226892473154564e-31
linear_vr2,0.125,forward,1.0,2.6864098052960737e-16,1.8240867262313593e-30
linear_vr2,0.125,reverse,0.9999999999999999,2.311791964450538e-16,1.379746112350094e-30
linear_vr2,0.25,forward,1.0,2.698640677403695e-16,1.9112363246539402e-30
linear_vr2,0.25,reverse,1.0,2.7281159439087474e-16,1.8835225944406268e-30
linear_vr2,0.5,forward,0.9999999999999999,2.8063207727308584e-16,2.086300257060074e-30
linear_vr2,0.5,reverse,0.9999999999999996,2.631561288821842e-16,1.7460018729973173e-30
linear_vr2,1.0,forward,1.0,3.2288246652316407e-16,3.0531036950943374e-30
linear_vr2,1.0,reverse,0.9999999999999997,2.6190171731164143e-16,1.915580978824689e-30
linear_vr2,2.0,forward,0.9999999999999999,3.186659131641784e-16,2.9966528603856532e-30
linear_vr2,2.0,reverse,0.9999999999999998,3.7842681991730795e-16,4.2323766289946664e-30
linear_vr2,4.0,forward,1.0,5.122699009455528e-16,1.1548692238323801e-29
linear_vr2,4.0,reverse,1.0,3.787995931023414e-16,7.371790436628893e-30
pchip_vr2,0.0,forward,0.8163614048230844,0.06583518860335338,0.09181929758845772
pchip_vr2,0.0,reverse,0.8163614048230844,0.06583518860335338,0.09181929758845772
pchip_vr2,0.125,forward,0.8166704355750845,0.06575449272537079,0.09166478221245788
pchip_vr2,0.125,reverse,0.8163251093298095,0.06580583894367437,0.09183744533509508
pchip_vr2,0.25,forward,0.8190488209267884,0.06512099765379528,0.0904755895366057
pchip_vr2,0.25,reverse,0.8161682207680873,0.06554129841428573,0.09191588961595629
pchip_vr2,0.5,forward,0.8271614570476966,0.06283999316223794,0.08641927147615155
pchip_vr2,0.5,reverse,0.8166388484545474,0.06428970691606589,0.09168057577272648
pchip_vr2,1.0,forward,0.8471919960679275,0.056904685513604336,0.07640400196603625
pchip_vr2,1.0,reverse,0.8201832582829588,0.06021186718662387,0.08990837085852058
pchip_vr2,2.0,forward,0.8869023151723383,0.045988203020157846,0.0565488424138307
pchip_vr2,2.0,reverse,0.8289167679437535,0.05196541474223952,0.0855416160281232
pchip_vr2,4.0,forward,0.940047859501902,0.03427628076674496,0.029976070249049174
pchip_vr2,4.0,reverse,0.8347782636058407,0.04439687005796137,0.08261086819707994
