setting_id,family,sg_window,sg_order,trend_degree,block_definition,block,low_V,high_V_exclusive,is_steady_block,rank1_rmse,rank2_rmse,relative_gain,trend5_rmse,best_pseudo_period_V,best_pseudo_rmse,rank2_beats_trend5,rank2_beats_best_pseudo,rank2_beats_both
poly_d2,poly_trend,0,0,2,original_5,1,22.5,34.0,False,0.6111027015587766,0.5890011073279179,0.03616674279868637,0.47676549665723506,9.0,0.49586876354669923,False,False,False
poly_d2,poly_trend,0,0,2,original_5,2,34.0,45.5,True,0.5617200675174684,0.31993233200362936,0.4304416906136612,0.6648304915037413,10.0,0.7843988124070753,True,True,True
poly_d2,poly_trend,0,0,2,original_5,3,45.5,57.0,True,0.733725815153733,0.32914315908326086,0.5514085067126914,1.0311250617611467,10.0,0.8925314693497468,True,True,True
poly_d2,poly_trend,0,0,2,original_5,4,57.0,68.5,True,0.8739755005690697,0.5282875735133901,0.39553503139457874,1.2832434022121888,10.0,1.0442029322700264,True,True,True
poly_d2,poly_trend,0,0,2,original_5,5,68.5,80.0,True,0.9087923010647807,0.5342904013794365,0.41208744753510945,1.5179877151341732,15.0,1.2828981205977048,True,True,True
poly_d2,poly_trend,0,0,2,steady_4,1,34.0,45.5,True,0.5617200675174684,0.31993233200362936,0.4304416906136612,0.6648304915037413,10.0,0.7843988124070753,True,True,True
poly_d2,poly_trend,0,0,2,steady_4,2,45.5,57.0,True,0.733725815153733,0.32914315908326086,0.5514085067126914,1.0311250617611467,10.0,0.8925314693497468,True,True,True
poly_d2,poly_trend,0,0,2,steady_4,3,57.0,68.5,True,0.8739755005690697,0.5282875735133901,0.39553503139457874,1.2832434022121888,10.0,1.0442029322700264,True,True,True
poly_d2,poly_trend,0,0,2,steady_4,4,68.5,80.0,True,0.9087923010647807,0.5342904013794365,0.41208744753510945,1.5179877151341732,15.0,1.2828981205977048,True,True,True
poly_d2,poly_trend,0,0,2,split_first_5,1,28.25,34.0,False,0.5319311800172676,0.48212235902194783,0.09363771643110458,0.641874479512447,9.0,0.4777632099291079,True,False,False
poly_d2,poly_trend,0,0,2,split_first_5,2,34.0,45.5,True,0.5617200675174684,0.31993233200362936,0.4304416906136612,0.6648304915037413,10.0,0.7843988124070753,True,True,True
poly_d2,poly_trend,0,0,2,split_first_5,3,45.5,57.0,True,0.733725815153733,0.32914315908326086,0.5514085067126914,1.0311250617611467,10.0,0.8925314693497468,True,True,True
poly_d2,poly_trend,0,0,2,split_first_5,4,57.0,68.5,True,0.8739755005690697,0.5282875735133901,0.39553503139457874,1.2832434022121888,10.0,1.0442029322700264,True,True,True
poly_d2,poly_trend,0,0,2,split_first_5,5,68.5,80.0,True,0.9087923010647807,0.5342904013794365,0.41208744753510945,1.5179877151341732,15.0,1.2828981205977048,True,True,True
poly_d3,poly_trend,0,0,3,original_5,1,22.5,34.0,False,0.6005321601862847,0.581625645777414,0.03148293407468121,0.47676549665723506,9.0,0.46943629624697547,False,False,False
poly_d3,poly_trend,0,0,3,original_5,2,34.0,45.5,True,0.562006994485497,0.3251436969108275,0.42145969694115953,0.6648304915037413,10.0,0.7966402655974885,True,True,True
poly_d3,poly_trend,0,0,3,original_5,3,45.5,57.0,True,0.7501442495015531,0.34094227959484297,0.5454977095120196,1.0311250617611467,10.0,0.907110861290374,True,True,True
poly_d3,poly_trend,0,0,3,original_5,4,57.0,68.5,True,0.8899726607356971,0.5241971424115457,0.4109963535529087,1.2832434022121888,10.0,1.0260243330979182,True,True,True
poly_d3,poly_trend,0,0,3,original_5,5,68.5,80.0,True,1.0982687899811627,0.6174382648942591,0.43780769286464993,1.5179877151341732,9.0,1.5072799269213182,True,True,True
poly_d3,poly_trend,0,0,3,steady_4,1,34.0,45.5,True,0.562006994485497,0.3251436969108275,0.42145969694115953,0.6648304915037413,10.0,0.7966402655974885,True,True,True
poly_d3,poly_trend,0,0,3,steady_4,2,45.5,57.0,True,0.7501442495015531,0.34094227959484297,0.5454977095120196,1.0311250617611467,10.0,0.907110861290374,True,True,True
poly_d3,poly_trend,0,0,3,steady_4,3,57.0,68.5,True,0.8899726607356971,0.5241971424115457,0.4109963535529087,1.2832434022121888,10.0,1.0260243330979182,True,True,True
poly_d3,poly_trend,0,0,3,steady_4,4,68.5,80.0,True,1.0982687899811627,0.6174382648942591,0.43780769286464993,1.5179877151341732,9.0,1.5072799269213182,True,True,True
poly_d3,poly_trend,0,0,3,split_first_5,1,28.25,34.0,False,0.5450336577875103,0.4964150393242033,0.08920296530065262,0.641874479512447,9.0,0.48707957328806384,True,False,False
poly_d3,poly_trend,0,0,3,split_first_5,2,34.0,45.5,True,0.562006994485497,0.3251436969108275,0.42145969694115953,0.6648304915037413,10.0,0.7966402655974885,True,True,True
poly_d3,poly_trend,0,0,3,split_first_5,3,45.5,57.0,True,0.7501442495015531,0.34094227959484297,0.5454977095120196,1.0311250617611467,10.0,0.907110861290374,True,True,True
poly_d3,poly_trend,0,0,3,split_first_5,4,57.0,68.5,True,0.8899726607356971,0.5241971424115457,0.4109963535529087,1.2832434022121888,10.0,1.0260243330979182,True,True,True
poly_d3,poly_trend,0,0,3,split_first_5,5,68.5,80.0,True,1.0982687899811627,0.6174382648942591,0.43780769286464993,1.5179877151341732,9.0,1.5072799269213182,True,True,True
poly_d4,poly_trend,0,0,4,original_5,1,22.5,34.0,False,0.6512262588498892,0.6394968302745785,0.018011295484346195,0.47676549665723506,9.0,0.44973998234467577,False,False,False
poly_d4,poly_trend,0,0,4,original_5,2,34.0,45.5,True,0.5237298616842505,0.29876690378845916,0.42954006321567817,0.6648304915037413,10.0,0.7680697693916618,True,True,True
poly_d4,poly_trend,0,0,4,original_5,3,45.5,57.0,True,0.7732804792492433,0.3720882034427267,0.5188185743367311,1.0311250617611467,10.0,0.9074220892437755,True,True,True
poly_d4,poly_trend,0,0,4,original_5,4,57.0,68.5,True,0.9756577995310018,0.5673228321105176,0.41852273165526954,1.2832434022121888,10.0,1.163188755826667,True,True,True
poly_d4,poly_trend,0,0,4,original_5,5,68.5,80.0,True,1.0954556946151122,0.62749146251188,0.42718681769019523,1.5179877151341732,9.0,1.523930496549958,True,True,True
poly_d4,poly_trend,0,0,4,steady_4,1,34.0,45.5,True,0.5237298616842505,0.29876690378845916,0.42954006321567817,0.6648304915037413,10.0,0.7680697693916618,True,True,True
poly_d4,poly_trend,0,0,4,steady_4,2,45.5,57.0,True,0.7732804792492433,0.3720882034427267,0.5188185743367311,1.0311250617611467,10.0,0.9074220892437755,True,True,True
poly_d4,poly_trend,0,0,4,steady_4,3,57.0,68.5,True,0.9756577995310018,0.5673228321105176,0.41852273165526954,1.2832434022121888,10.0,1.163188755826667,True,True,True
poly_d4,poly_trend,0,0,4,steady_4,4,68.5,80.0,True,1.0954556946151122,0.62749146251188,0.42718681769019523,1.5179877151341732,9.0,1.523930496549958,True,True,True
poly_d4,poly_trend,0,0,4,split_first_5,1,28.25,34.0,False,0.6791728971779605,0.4997617981691993,0.2641611580118029,0.641874479512447,9.0,0.6459837108219718,True,True,True
poly_d4,poly_trend,0,0,4,split_first_5,2,34.0,45.5,True,0.5237298616842505,0.29876690378845916,0.42954006321567817,0.6648304915037413,10.0,0.7680697693916618,True,True,True
poly_d4,poly_trend,0,0,4,split_first_5,3,45.5,57.0,True,0.7732804792492433,0.3720882034427267,0.5188185743367311,1.0311250617611467,10.0,0.9074220892437755,True,True,True
poly_d4,poly_trend,0,0,4,split_first_5,4,57.0,68.5,True,0.9756577995310018,0.5673228321105176,0.41852273165526954,1.2832434022121888,10.0,1.163188755826667,True,True,True
poly_d4,poly_trend,0,0,4,split_first_5,5,68.5,80.0,True,1.0954556946151122,0.62749146251188,0.42718681769019523,1.5179877151341732,9.0,1.523930496549958,True,True,True
poly_d5,poly_trend,0,0,5,original_5,1,22.5,34.0,False,0.8153991227228419,0.8163459353707233,-0.0011611646634101917,0.47676549665723506,9.0,0.49996280020976913,False,False,False
poly_d5,poly_trend,0,0,5,original_5,2,34.0,45.5,True,0.5419354233959027,0.27859610035213084,0.4859238050792508,0.6648304915037413,10.0,0.7630121615312156,True,True,True
poly_d5,poly_trend,0,0,5,original_5,3,45.5,57.0,True,0.7697233035442774,0.35065742491703544,0.5444370421131932,1.0311250617611467,10.0,0.8830616944544255,True,True,True
poly_d5,poly_trend,0,0,5,original_5,4,57.0,68.5,True,1.04234157347783,0.5829748668874687,0.4407064999409542,1.2832434022121888,10.0,1.189136948684901,True,True,True
poly_d5,poly_trend,0,0,5,original_5,5,68.5,80.0,True,1.127946470764759,0.7640690982190086,0.3226016322379536,1.5179877151341732,13.5,1.5874651451476833,True,True,True
poly_d5,poly_trend,0,0,5,steady_4,1,34.0,45.5,True,0.5419354233959027,0.27859610035213084,0.4859238050792508,0.6648304915037413,10.0,0.7630121615312156,True,True,True
poly_d5,poly_trend,0,0,5,steady_4,2,45.5,57.0,True,0.7697233035442774,0.35065742491703544,0.5444370421131932,1.0311250617611467,10.0,0.8830616944544255,True,True,True
poly_d5,poly_trend,0,0,5,steady_4,3,57.0,68.5,True,1.04234157347783,0.5829748668874687,0.4407064999409542,1.2832434022121888,10.0,1.189136948684901,True,True,True
poly_d5,poly_trend,0,0,5,steady_4,4,68.5,80.0,True,1.127946470764759,0.7640690982190086,0.3226016322379536,1.5179877151341732,13.5,1.5874651451476833,True,True,True
poly_d5,poly_trend,0,0,5,split_first_5,1,28.25,34.0,False,0.7118142079432364,0.5058295845329009,0.2893797582455135,0.641874479512447,9.0,0.6679293481427953,True,True,True
poly_d5,poly_trend,0,0,5,split_first_5,2,34.0,45.5,True,0.5419354233959027,0.27859610035213084,0.4859238050792508,0.6648304915037413,10.0,0.7630121615312156,True,True,True
poly_d5,poly_trend,0,0,5,split_first_5,3,45.5,57.0,True,0.7697233035442774,0.35065742491703544,0.5444370421131932,1.0311250617611467,10.0,0.8830616944544255,True,True,True
poly_d5,poly_trend,0,0,5,split_first_5,4,57.0,68.5,True,1.04234157347783,0.5829748668874687,0.4407064999409542,1.2832434022121888,10.0,1.189136948684901,True,True,True
poly_d5,poly_trend,0,0,5,split_first_5,5,68.5,80.0,True,1.127946470764759,0.7640690982190086,0.3226016322379536,1.5179877151341732,13.5,1.5874651451476833,True,True,True
sg_w21_o2,sg_presmooth,21,2,3,original_5,1,22.5,34.0,False,0.6120683013111886,0.5514209540375601,0.0990859143394752,0.4924284311191169,9.0,0.5045328020126951,False,False,False
sg_w21_o2,sg_presmooth,21,2,3,original_5,2,34.0,45.5,True,0.5531847550799737,0.29861191947914273,0.460194958850642,0.6269738381674435,9.0,0.7572990151576882,True,True,True
sg_w21_o2,sg_presmooth,21,2,3,original_5,3,45.5,57.0,True,0.7167197559622769,0.2819225112534548,0.6066488904370411,0.9566150251638539,13.5,0.8117318985702981,True,True,True
sg_w21_o2,sg_presmooth,21,2,3,original_5,4,57.0,68.5,True,0.8279712811224385,0.433003799228571,0.47703041264719975,1.2137032610306802,13.5,0.9790257704543778,True,True,True
sg_w21_o2,sg_presmooth,21,2,3,original_5,5,68.5,80.0,True,1.5051135856713376,0.9794267708259422,0.3492672047145991,1.7135479103398967,9.0,1.7130067904974215,True,True,True
sg_w21_o2,sg_presmooth,21,2,3,steady_4,1,34.0,45.5,True,0.5531847550799737,0.29861191947914273,0.460194958850642,0.6269738381674435,9.0,0.7572990151576882,True,True,True
sg_w21_o2,sg_presmooth,21,2,3,steady_4,2,45.5,57.0,True,0.7167197559622769,0.2819225112534548,0.6066488904370411,0.9566150251638539,13.5,0.8117318985702981,True,True,True
sg_w21_o2,sg_presmooth,21,2,3,steady_4,3,57.0,68.5,True,0.8279712811224385,0.433003799228571,0.47703041264719975,1.2137032610306802,13.5,0.9790257704543778,True,True,True
sg_w21_o2,sg_presmooth,21,2,3,steady_4,4,68.5,80.0,True,1.5051135856713376,0.9794267708259422,0.3492672047145991,1.7135479103398967,9.0,1.7130067904974215,True,True,True
sg_w21_o2,sg_presmooth,21,2,3,split_first_5,1,28.25,34.0,False,0.5498806210335959,0.44653036865589396,0.1879503449011119,0.666881158724376,9.0,0.48956521959886673,True,True,True
sg_w21_o2,sg_presmooth,21,2,3,split_first_5,2,34.0,45.5,True,0.5531847550799737,0.29861191947914273,0.460194958850642,0.6269738381674435,9.0,0.7572990151576882,True,True,True
sg_w21_o2,sg_presmooth,21,2,3,split_first_5,3,45.5,57.0,True,0.7167197559622769,0.2819225112534548,0.6066488904370411,0.9566150251638539,13.5,0.8117318985702981,True,True,True
sg_w21_o2,sg_presmooth,21,2,3,split_first_5,4,57.0,68.5,True,0.8279712811224385,0.433003799228571,0.47703041264719975,1.2137032610306802,13.5,0.9790257704543778,True,True,True
sg_w21_o2,sg_presmooth,21,2,3,split_first_5,5,68.5,80.0,True,1.5051135856713376,0.9794267708259422,0.3492672047145991,1.7135479103398967,9.0,1.7130067904974215,True,True,True
sg_w21_o3,sg_presmooth,21,3,3,original_5,1,22.5,34.0,False,0.6019546611550933,0.5618772064851497,0.06657885926664114,0.4721330272736351,9.0,0.4975320155665444,False,False,False
sg_w21_o3,sg_presmooth,21,3,3,original_5,2,34.0,45.5,True,0.5340385019041008,0.3039204219791867,0.4309016655249274,0.6144866034891755,9.0,0.7680524059860804,True,True,True
sg_w21_o3,sg_presmooth,21,3,3,original_5,3,45.5,57.0,True,0.6721723296210935,0.2661614241187364,0.6040279964086401,0.9451149630753,13.5,0.8252565471680381,True,True,True
sg_w21_o3,sg_presmooth,21,3,3,original_5,4,57.0,68.5,True,0.8237589161059671,0.41588044954203945,0.49514300675740275,1.1940431061878545,10.0,0.96399937616949,True,True,True
sg_w21_o3,sg_presmooth,21,3,3,original_5,5,68.5,80.0,True,1.189936064396132,0.6240394871529313,0.47556889330048296,1.4800094652393365,9.0,1.479619873074365,True,True,True
sg_w21_o3,sg_presmooth,21,3,3,steady_4,1,34.0,45.5,True,0.5340385019041008,0.3039204219791867,0.4309016655249274,0.6144866034891755,9.0,0.7680524059860804,True,True,True
sg_w21_o3,sg_presmooth,21,3,3,steady_4,2,45.5,57.0,True,0.6721723296210935,0.2661614241187364,0.6040279964086401,0.9451149630753,13.5,0.8252565471680381,True,True,True
sg_w21_o3,sg_presmooth,21,3,3,steady_4,3,57.0,68.5,True,0.8237589161059671,0.41588044954203945,0.49514300675740275,1.1940431061878545,10.0,0.96399937616949,True,True,True
sg_w21_o3,sg_presmooth,21,3,3,steady_4,4,68.5,80.0,True,1.189936064396132,0.6240394871529313,0.47556889330048296,1.4800094652393365,9.0,1.479619873074365,True,True,True
sg_w21_o3,sg_presmooth,21,3,3,split_first_5,1,28.25,34.0,False,0.5317682126330613,0.4588675828778781,0.13709098818489773,0.6476425335539737,9.0,0.4714960604107357,True,True,True
sg_w21_o3,sg_presmooth,21,3,3,split_first_5,2,34.0,45.5,True,0.5340385019041008,0.3039204219791867,0.4309016655249274,0.6144866034891755,9.0,0.7680524059860804,True,True,True
sg_w21_o3,sg_presmooth,21,3,3,split_first_5,3,45.5,57.0,True,0.6721723296210935,0.2661614241187364,0.6040279964086401,0.9451149630753,13.5,0.8252565471680381,True,True,True
sg_w21_o3,sg_presmooth,21,3,3,split_first_5,4,57.0,68.5,True,0.8237589161059671,0.41588044954203945,0.49514300675740275,1.1940431061878545,10.0,0.96399937616949,True,True,True
sg_w21_o3,sg_presmooth,21,3,3,split_first_5,5,68.5,80.0,True,1.189936064396132,0.6240394871529313,0.47556889330048296,1.4800094652393365,9.0,1.479619873074365,True,True,True
sg_w31_o2,sg_presmooth,31,2,3,original_5,1,22.5,34.0,False,0.5827224413644558,0.5168344661545196,0.11306922564310087,0.4516299223689794,9.0,0.5717955683929208,False,True,False
sg_w31_o2,sg_presmooth,31,2,3,original_5,2,34.0,45.5,True,0.4165054084247904,0.30528493981393534,0.2670324715145649,0.40072614104234877,9.0,0.5557350203896155,True,True,True
sg_w31_o2,sg_presmooth,31,2,3,original_5,3,45.5,57.0,True,0.4980879577124707,0.2922657558277244,0.4132246096251949,0.6377510319399622,13.5,0.4759902695628268,True,True,True
sg_w31_o2,sg_presmooth,31,2,3,original_5,4,57.0,68.5,True,0.5711107813915837,0.36786080247846126,0.3558853825485103,0.9826202080496975,13.5,0.6857406416643756,True,True,True
sg_w31_o2,sg_presmooth,31,2,3,original_5,5,68.5,80.0,True,1.4544728963052849,1.1839702819320512,0.18597982476014238,1.5476874956088085,13.5,1.4004717840326264,True,True,True
sg_w31_o2,sg_presmooth,31,2,3,steady_4,1,34.0,45.5,True,0.4165054084247904,0.30528493981393534,0.2670324715145649,0.40072614104234877,9.0,0.5557350203896155,True,True,True
sg_w31_o2,sg_presmooth,31,2,3,steady_4,2,45.5,57.0,True,0.4980879577124707,0.2922657558277244,0.4132246096251949,0.6377510319399622,13.5,0.4759902695628268,True,True,True
sg_w31_o2,sg_presmooth,31,2,3,steady_4,3,57.0,68.5,True,0.5711107813915837,0.36786080247846126,0.3558853825485103,0.9826202080496975,13.5,0.6857406416643756,True,True,True
sg_w31_o2,sg_presmooth,31,2,3,steady_4,4,68.5,80.0,True,1.4544728963052849,1.1839702819320512,0.18597982476014238,1.5476874956088085,13.5,1.4004717840326264,True,True,True
sg_w31_o2,sg_presmooth,31,2,3,split_first_5,1,28.25,34.0,False,0.3227023346455558,0.30757514760045696,0.04687659623446478,0.6121131344982206,9.0,0.3719952341179383,True,True,True
sg_w31_o2,sg_presmooth,31,2,3,split_first_5,2,34.0,45.5,True,0.4165054084247904,0.30528493981393534,0.2670324715145649,0.40072614104234877,9.0,0.5557350203896155,True,True,True
sg_w31_o2,sg_presmooth,31,2,3,split_first_5,3,45.5,57.0,True,0.4980879577124707,0.2922657558277244,0.4132246096251949,0.6377510319399622,13.5,0.4759902695628268,True,True,True
sg_w31_o2,sg_presmooth,31,2,3,split_first_5,4,57.0,68.5,True,0.5711107813915837,0.36786080247846126,0.3558853825485103,0.9826202080496975,13.5,0.6857406416643756,True,True,True
sg_w31_o2,sg_presmooth,31,2,3,split_first_5,5,68.5,80.0,True,1.4544728963052849,1.1839702819320512,0.18597982476014238,1.5476874956088085,13.5,1.4004717840326264,True,True,True
sg_w31_o3,sg_presmooth,31,3,3,original_5,1,22.5,34.0,False,0.5900155434624027,0.5264700933953933,0.10770131528078748,0.44416452046507576,9.0,0.5302944942377524,False,True,False
sg_w31_o3,sg_presmooth,31,3,3,original_5,2,34.0,45.5,True,0.44237281644830134,0.33506751379199856,0.24256757799412207,0.4349691561058523,9.0,0.5252092454948972,True,True,True
sg_w31_o3,sg_presmooth,31,3,3,original_5,3,45.5,57.0,True,0.4882224193841782,0.23931258281483742,0.5098287720652085,0.6466131742995425,13.5,0.5202641096756631,True,True,True
sg_w31_o3,sg_presmooth,31,3,3,original_5,4,57.0,68.5,True,0.5550253860852234,0.2879779821177774,0.48114448575229896,0.856489517779187,13.5,0.6388747468696495,True,True,True
sg_w31_o3,sg_presmooth,31,3,3,original_5,5,68.5,80.0,True,1.8089925347767384,1.4753832444884463,0.18441717357858825,1.8359013024889301,9.0,1.9304180088109901,True,True,True
sg_w31_o3,sg_presmooth,31,3,3,steady_4,1,34.0,45.5,True,0.44237281644830134,0.33506751379199856,0.24256757799412207,0.4349691561058523,9.0,0.5252092454948972,True,True,True
sg_w31_o3,sg_presmooth,31,3,3,steady_4,2,45.5,57.0,True,0.4882224193841782,0.23931258281483742,0.5098287720652085,0.6466131742995425,13.5,0.5202641096756631,True,True,True
sg_w31_o3,sg_presmooth,31,3,3,steady_4,3,57.0,68.5,True,0.5550253860852234,0.2879779821177774,0.48114448575229896,0.856489517779187,13.5,0.6388747468696495,True,True,True
sg_w31_o3,sg_presmooth,31,3,3,steady_4,4,68.5,80.0,True,1.8089925347767384,1.4753832444884463,0.18441717357858825,1.8359013024889301,9.0,1.9304180088109901,True,True,True
sg_w31_o3,sg_presmooth,31,3,3,split_first_5,1,28.25,34.0,False,0.38802377240703173,0.40058051704462166,-0.0323607611969147,0.5143069613725765,9.0,0.28853335945062264,True,False,False
sg_w31_o3,sg_presmooth,31,3,3,split_first_5,2,34.0,45.5,True,0.44237281644830134,0.33506751379199856,0.24256757799412207,0.4349691561058523,9.0,0.5252092454948972,True,True,True
sg_w31_o3,sg_presmooth,31,3,3,split_first_5,3,45.5,57.0,True,0.4882224193841782,0.23931258281483742,0.5098287720652085,0.6466131742995425,13.5,0.5202641096756631,True,True,True
sg_w31_o3,sg_presmooth,31,3,3,split_first_5,4,57.0,68.5,True,0.5550253860852234,0.2879779821177774,0.48114448575229896,0.856489517779187,13.5,0.6388747468696495,True,True,True
sg_w31_o3,sg_presmooth,31,3,3,split_first_5,5,68.5,80.0,True,1.8089925347767384,1.4753832444884463,0.18441717357858825,1.8359013024889301,9.0,1.9304180088109901,True,True,True
sg_w41_o2,sg_presmooth,41,2,3,original_5,1,22.5,34.0,False,0.5803261656464253,0.5829564466290127,-0.004532418385198212,0.24077838454057238,10.0,0.5352460971538616,False,False,False
sg_w41_o2,sg_presmooth,41,2,3,original_5,2,34.0,45.5,True,0.37065206351131985,0.36550036181182266,0.013899023387845934,0.2503139942785578,10.0,0.3582263591384535,False,False,False
sg_w41_o2,sg_presmooth,41,2,3,original_5,3,45.5,57.0,True,0.26710840124007723,0.2600666228937161,0.026362998369459555,0.21974922225776475,10.0,0.22846201297011465,False,False,False
sg_w41_o2,sg_presmooth,41,2,3,original_5,4,57.0,68.5,True,0.20431845412644456,0.19354736234236938,0.0527171754021268,0.22775447744209323,9.0,0.2120962172011378,True,True,True
sg_w41_o2,sg_presmooth,41,2,3,original_5,5,68.5,80.0,True,0.4313253680816927,0.42590583247335,0.012564843177311632,0.28507670837389243,15.0,0.3284626085391544,False,False,False
sg_w41_o2,sg_presmooth,41,2,3,steady_4,1,34.0,45.5,True,0.37065206351131985,0.36550036181182266,0.013899023387845934,0.2503139942785578,10.0,0.3582263591384535,False,False,False
sg_w41_o2,sg_presmooth,41,2,3,steady_4,2,45.5,57.0,True,0.26710840124007723,0.2600666228937161,0.026362998369459555,0.21974922225776475,10.0,0.22846201297011465,False,False,False
sg_w41_o2,sg_presmooth,41,2,3,steady_4,3,57.0,68.5,True,0.20431845412644456,0.19354736234236938,0.0527171754021268,0.22775447744209323,9.0,0.2120962172011378,True,True,True
sg_w41_o2,sg_presmooth,41,2,3,steady_4,4,68.5,80.0,True,0.4313253680816927,0.42590583247335,0.012564843177311632,0.28507670837389243,15.0,0.3284626085391544,False,False,False
sg_w41_o2,sg_presmooth,41,2,3,split_first_5,1,28.25,34.0,False,0.27229394498559645,0.24508204994776564,0.09993573319917282,0.20035145933951193,10.0,0.2754102587348607,False,True,False
sg_w41_o2,sg_presmooth,41,2,3,split_first_5,2,34.0,45.5,True,0.37065206351131985,0.36550036181182266,0.013899023387845934,0.2503139942785578,10.0,0.3582263591384535,False,False,False
sg_w41_o2,sg_presmooth,41,2,3,split_first_5,3,45.5,57.0,True,0.26710840124007723,0.2600666228937161,0.026362998369459555,0.21974922225776475,10.0,0.22846201297011465,False,False,False
sg_w41_o2,sg_presmooth,41,2,3,split_first_5,4,57.0,68.5,True,0.20431845412644456,0.19354736234236938,0.0527171754021268,0.22775447744209323,9.0,0.2120962172011378,True,True,True
sg_w41_o2,sg_presmooth,41,2,3,split_first_5,5,68.5,80.0,True,0.4313253680816927,0.42590583247335,0.012564843177311632,0.28507670837389243,15.0,0.3284626085391544,False,False,False
sg_w41_o3,sg_presmooth,41,3,3,original_5,1,22.5,34.0,False,0.5398167254797271,0.5543186673758957,-0.02686456571585651,0.2659938733701547,10.0,0.49295539420221995,False,False,False
sg_w41_o3,sg_presmooth,41,3,3,original_5,2,34.0,45.5,True,0.4232740589501838,0.41922162943276675,0.009574008687109179,0.3472402764675642,10.0,0.3615439566265366,False,False,False
sg_w41_o3,sg_presmooth,41,3,3,original_5,3,45.5,57.0,True,0.3511823036923166,0.34862841361178076,0.007272263020329787,0.38183476849600856,15.0,0.22304420313526863,True,False,False
sg_w41_o3,sg_presmooth,41,3,3,original_5,4,57.0,68.5,True,0.4213293308283937,0.419026128822904,0.0054665123858366185,0.4826567561782573,9.0,0.45052758743346916,True,True,True
sg_w41_o3,sg_presmooth,41,3,3,original_5,5,68.5,80.0,True,1.6311299639430055,1.6668816106267952,-0.02191833114104876,1.4209182405144352,10.0,1.5637340390191714,False,False,False
sg_w41_o3,sg_presmooth,41,3,3,steady_4,1,34.0,45.5,True,0.4232740589501838,0.41922162943276675,0.009574008687109179,0.3472402764675642,10.0,0.3615439566265366,False,False,False
sg_w41_o3,sg_presmooth,41,3,3,steady_4,2,45.5,57.0,True,0.3511823036923166,0.34862841361178076,0.007272263020329787,0.38183476849600856,15.0,0.22304420313526863,True,False,False
sg_w41_o3,sg_presmooth,41,3,3,steady_4,3,57.0,68.5,True,0.4213293308283937,0.419026128822904,0.0054665123858366185,0.4826567561782573,9.0,0.45052758743346916,True,True,True
sg_w41_o3,sg_presmooth,41,3,3,steady_4,4,68.5,80.0,True,1.6311299639430055,1.6668816106267952,-0.02191833114104876,1.4209182405144352,10.0,1.5637340390191714,False,False,False
sg_w41_o3,sg_presmooth,41,3,3,split_first_5,1,28.25,34.0,False,0.31726313285912067,0.3042290099271044,0.041083005184229915,0.23818334420231374,13.5,0.22684298820310786,False,False,False
sg_w41_o3,sg_presmooth,41,3,3,split_first_5,2,34.0,45.5,True,0.4232740589501838,0.41922162943276675,0.009574008687109179,0.3472402764675642,10.0,0.3615439566265366,False,False,False
sg_w41_o3,sg_presmooth,41,3,3,split_first_5,3,45.5,57.0,True,0.3511823036923166,0.34862841361178076,0.007272263020329787,0.38183476849600856,15.0,0.22304420313526863,True,False,False
sg_w41_o3,sg_presmooth,41,3,3,split_first_5,4,57.0,68.5,True,0.4213293308283937,0.419026128822904,0.0054665123858366185,0.4826567561782573,9.0,0.45052758743346916,True,True,True
sg_w41_o3,sg_presmooth,41,3,3,split_first_5,5,68.5,80.0,True,1.6311299639430055,1.6668816106267952,-0.02191833114104876,1.4209182405144352,10.0,1.5637340390191714,False,False,False
sg_w51_o2,sg_presmooth,51,2,3,original_5,1,22.5,34.0,False,0.5775740725760552,0.5772781596146852,0.0005123376817283067,0.29948739560726884,9.0,0.5749754964872206,False,False,False
sg_w51_o2,sg_presmooth,51,2,3,original_5,2,34.0,45.5,True,0.3865543494296816,0.37236653653706225,0.036703280957909,0.3566121370273235,10.0,0.41178481237745485,False,True,False
sg_w51_o2,sg_presmooth,51,2,3,original_5,3,45.5,57.0,True,0.36652458686041356,0.3162938450957005,0.13704603610628394,0.4395911339929765,13.5,0.30953290183910404,True,False,False
sg_w51_o2,sg_presmooth,51,2,3,original_5,4,57.0,68.5,True,0.5615329097820301,0.5295870563228599,0.056890438481282654,0.5465741935336398,10.0,0.6308229222478178,True,True,True
sg_w51_o2,sg_presmooth,51,2,3,original_5,5,68.5,80.0,True,0.6685820681369455,0.7901648008229174,-0.18185162073636127,0.3507735373074837,13.5,0.4118142915328018,False,False,False
sg_w51_o2,sg_presmooth,51,2,3,steady_4,1,34.0,45.5,True,0.3865543494296816,0.37236653653706225,0.036703280957909,0.3566121370273235,10.0,0.41178481237745485,False,True,False
sg_w51_o2,sg_presmooth,51,2,3,steady_4,2,45.5,57.0,True,0.36652458686041356,0.3162938450957005,0.13704603610628394,0.4395911339929765,13.5,0.30953290183910404,True,False,False
sg_w51_o2,sg_presmooth,51,2,3,steady_4,3,57.0,68.5,True,0.5615329097820301,0.5295870563228599,0.056890438481282654,0.5465741935336398,10.0,0.6308229222478178,True,True,True
sg_w51_o2,sg_presmooth,51,2,3,steady_4,4,68.5,80.0,True,0.6685820681369455,0.7901648008229174,-0.18185162073636127,0.3507735373074837,13.5,0.4118142915328018,False,False,False
sg_w51_o2,sg_presmooth,51,2,3,split_first_5,1,28.25,34.0,False,0.34566076934774415,0.2821035135737762,0.18387176506578795,0.2920935575340486,10.0,0.5045706145648342,True,True,True
sg_w51_o2,sg_presmooth,51,2,3,split_first_5,2,34.0,45.5,True,0.3865543494296816,0.37236653653706225,0.036703280957909,0.3566121370273235,10.0,0.41178481237745485,False,True,False
sg_w51_o2,sg_presmooth,51,2,3,split_first_5,3,45.5,57.0,True,0.36652458686041356,0.3162938450957005,0.13704603610628394,0.4395911339929765,13.5,0.30953290183910404,True,False,False
sg_w51_o2,sg_presmooth,51,2,3,split_first_5,4,57.0,68.5,True,0.5615329097820301,0.5295870563228599,0.056890438481282654,0.5465741935336398,10.0,0.6308229222478178,True,True,True
sg_w51_o2,sg_presmooth,51,2,3,split_first_5,5,68.5,80.0,True,0.6685820681369455,0.7901648008229174,-0.18185162073636127,0.3507735373074837,13.5,0.4118142915328018,False,False,False
sg_w51_o3,sg_presmooth,51,3,3,original_5,1,22.5,34.0,False,0.6328405046112431,0.6370322955500148,-0.006623771563652982,0.2429693500267444,10.0,0.6107402372293845,False,False,False
sg_w51_o3,sg_presmooth,51,3,3,original_5,2,34.0,45.5,True,0.42666056663147073,0.40008276846083807,0.062292605057146774,0.3492293052363995,10.0,0.43706800209259156,False,True,False
sg_w51_o3,sg_presmooth,51,3,3,original_5,3,45.5,57.0,True,0.37668306116305,0.32680720413297343,0.13240801663892035,0.44615062908201886,13.5,0.34602209602109824,True,True,True
sg_w51_o3,sg_presmooth,51,3,3,original_5,4,57.0,68.5,True,0.5696145180884639,0.5303274098646528,0.06897139552491115,0.5771905577314289,13.5,0.6318315382431288,True,True,True
sg_w51_o3,sg_presmooth,51,3,3,original_5,5,68.5,80.0,True,0.7209322585162956,0.8123668504297002,-0.12682827107997677,0.32372347310112937,15.0,0.48861831331601474,False,False,False
sg_w51_o3,sg_presmooth,51,3,3,steady_4,1,34.0,45.5,True,0.42666056663147073,0.40008276846083807,0.062292605057146774,0.3492293052363995,10.0,0.43706800209259156,False,True,False
sg_w51_o3,sg_presmooth,51,3,3,steady_4,2,45.5,57.0,True,0.37668306116305,0.32680720413297343,0.13240801663892035,0.44615062908201886,13.5,0.34602209602109824,True,True,True
sg_w51_o3,sg_presmooth,51,3,3,steady_4,3,57.0,68.5,True,0.5696145180884639,0.5303274098646528,0.06897139552491115,0.5771905577314289,13.5,0.6318315382431288,True,True,True
sg_w51_o3,sg_presmooth,51,3,3,steady_4,4,68.5,80.0,True,0.7209322585162956,0.8123668504297002,-0.12682827107997677,0.32372347310112937,15.0,0.48861831331601474,False,False,False
sg_w51_o3,sg_presmooth,51,3,3,split_first_5,1,28.25,34.0,False,0.34566215576854464,0.2601282220247189,0.24744951773401322,0.2592261691337911,10.0,0.46806811478521965,False,True,False
sg_w51_o3,sg_presmooth,51,3,3,split_first_5,2,34.0,45.5,True,0.42666056663147073,0.40008276846083807,0.062292605057146774,0.3492293052363995,10.0,0.43706800209259156,False,True,False
sg_w51_o3,sg_presmooth,51,3,3,split_first_5,3,45.5,57.0,True,0.37668306116305,0.32680720413297343,0.13240801663892035,0.44615062908201886,13.5,0.34602209602109824,True,True,True
sg_w51_o3,sg_presmooth,51,3,3,split_first_5,4,57.0,68.5,True,0.5696145180884639,0.5303274098646528,0.06897139552491115,0.5771905577314289,13.5,0.6318315382431288,True,True,True
sg_w51_o3,sg_presmooth,51,3,3,split_first_5,5,68.5,80.0,True,0.7209322585162956,0.8123668504297002,-0.12682827107997677,0.32372347310112937,15.0,0.48861831331601474,False,False,False
sg_w61_o2,sg_presmooth,61,2,3,original_5,1,22.5,34.0,False,0.5323589241141272,0.5310355105367018,0.002485942317258247,0.21866731833036201,10.0,0.5117638105258773,False,False,False
sg_w61_o2,sg_presmooth,61,2,3,original_5,2,34.0,45.5,True,0.3083469612271989,0.3027825329128862,0.01804599692556291,0.23733908911615312,13.5,0.3061745116699466,False,True,False
sg_w61_o2,sg_presmooth,61,2,3,original_5,3,45.5,57.0,True,0.24923058613669374,0.24236553532473482,0.027544977197115374,0.24133228704848747,15.0,0.25187444129621106,False,True,False
sg_w61_o2,sg_presmooth,61,2,3,original_5,4,57.0,68.5,True,0.3686401417465514,0.36326815801253176,0.014572432911316017,0.2822785130741325,13.5,0.3344230028529833,False,False,False
sg_w61_o2,sg_presmooth,61,2,3,original_5,5,68.5,80.0,True,0.46763079282946507,0.4997216082685353,-0.06862425642439045,0.1169269942985487,15.0,0.36072428162162284,False,False,False
sg_w61_o2,sg_presmooth,61,2,3,steady_4,1,34.0,45.5,True,0.3083469612271989,0.3027825329128862,0.01804599692556291,0.23733908911615312,13.5,0.3061745116699466,False,True,False
sg_w61_o2,sg_presmooth,61,2,3,steady_4,2,45.5,57.0,True,0.24923058613669374,0.24236553532473482,0.027544977197115374,0.24133228704848747,15.0,0.25187444129621106,False,True,False
sg_w61_o2,sg_presmooth,61,2,3,steady_4,3,57.0,68.5,True,0.3686401417465514,0.36326815801253176,0.014572432911316017,0.2822785130741325,13.5,0.3344230028529833,False,False,False
sg_w61_o2,sg_presmooth,61,2,3,steady_4,4,68.5,80.0,True,0.46763079282946507,0.4997216082685353,-0.06862425642439045,0.1169269942985487,15.0,0.36072428162162284,False,False,False
sg_w61_o2,sg_presmooth,61,2,3,split_first_5,1,28.25,34.0,False,0.33481261195955414,0.33021419553668824,0.013734298705036233,0.1737088805592023,9.0,0.2902863336047563,False,False,False
sg_w61_o2,sg_presmooth,61,2,3,split_first_5,2,34.0,45.5,True,0.3083469612271989,0.3027825329128862,0.01804599692556291,0.23733908911615312,13.5,0.3061745116699466,False,True,False
sg_w61_o2,sg_presmooth,61,2,3,split_first_5,3,45.5,57.0,True,0.24923058613669374,0.24236553532473482,0.027544977197115374,0.24133228704848747,15.0,0.25187444129621106,False,True,False
sg_w61_o2,sg_presmooth,61,2,3,split_first_5,4,57.0,68.5,True,0.3686401417465514,0.36326815801253176,0.014572432911316017,0.2822785130741325,13.5,0.3344230028529833,False,False,False
sg_w61_o2,sg_presmooth,61,2,3,split_first_5,5,68.5,80.0,True,0.46763079282946507,0.4997216082685353,-0.06862425642439045,0.1169269942985487,15.0,0.36072428162162284,False,False,False
sg_w61_o3,sg_presmooth,61,3,3,original_5,1,22.5,34.0,False,0.5958591114228394,0.5988687431618838,-0.005050911669132158,0.23569607149053906,13.5,0.5834075385646476,False,False,False
sg_w61_o3,sg_presmooth,61,3,3,original_5,2,34.0,45.5,True,0.42263916993282097,0.42496316268174733,-0.0054987632814435155,0.26075488917729867,10.0,0.4296657590926645,False,True,False
sg_w61_o3,sg_presmooth,61,3,3,original_5,3,45.5,57.0,True,0.2644178630160064,0.2659231789078043,-0.005692943262712916,0.31719450795457044,15.0,0.2020987942840639,True,False,False
sg_w61_o3,sg_presmooth,61,3,3,original_5,4,57.0,68.5,True,0.5833659313093726,0.588502781255097,-0.008805536405245088,0.43412368386989136,13.5,0.5248391376842352,False,False,False
sg_w61_o3,sg_presmooth,61,3,3,original_5,5,68.5,80.0,True,0.9224548289447303,0.9675251036980284,-0.04885905882769083,0.4906770778878594,15.0,0.7756456707472102,False,False,False
sg_w61_o3,sg_presmooth,61,3,3,steady_4,1,34.0,45.5,True,0.42263916993282097,0.42496316268174733,-0.0054987632814435155,0.26075488917729867,10.0,0.4296657590926645,False,True,False
sg_w61_o3,sg_presmooth,61,3,3,steady_4,2,45.5,57.0,True,0.2644178630160064,0.2659231789078043,-0.005692943262712916,0.31719450795457044,15.0,0.2020987942840639,True,False,False
sg_w61_o3,sg_presmooth,61,3,3,steady_4,3,57.0,68.5,True,0.5833659313093726,0.588502781255097,-0.008805536405245088,0.43412368386989136,13.5,0.5248391376842352,False,False,False
sg_w61_o3,sg_presmooth,61,3,3,steady_4,4,68.5,80.0,True,0.9224548289447303,0.9675251036980284,-0.04885905882769083,0.4906770778878594,15.0,0.7756456707472102,False,False,False
sg_w61_o3,sg_presmooth,61,3,3,split_first_5,1,28.25,34.0,False,0.35972009747750633,0.3679319829959995,-0.022828542458644987,0.18566175501173668,9.0,0.3559921000344727,False,False,False
sg_w61_o3,sg_presmooth,61,3,3,split_first_5,2,34.0,45.5,True,0.42263916993282097,0.42496316268174733,-0.0054987632814435155,0.26075488917729867,10.0,0.4296657590926645,False,True,False
sg_w61_o3,sg_presmooth,61,3,3,split_first_5,3,45.5,57.0,True,0.2644178630160064,0.2659231789078043,-0.005692943262712916,0.31719450795457044,15.0,0.2020987942840639,True,False,False
sg_w61_o3,sg_presmooth,61,3,3,split_first_5,4,57.0,68.5,True,0.5833659313093726,0.588502781255097,-0.008805536405245088,0.43412368386989136,13.5,0.5248391376842352,False,False,False
sg_w61_o3,sg_presmooth,61,3,3,split_first_5,5,68.5,80.0,True,0.9224548289447303,0.9675251036980284,-0.04885905882769083,0.4906770778878594,15.0,0.7756456707472102,False,False,False
