representation,block_shift_fraction,improved_blocks,median_gain,worst_gain,mean_rank1_rmse,mean_rank2_rmse
raw_fraction,-0.5,5,0.419644522134003,0.02777655512244954,0.7901524050422675,0.5340700460513339
raw_fraction,-0.25,5,0.41871428430240326,0.020111229258043165,0.8048038373150106,0.5090941788818548
raw_fraction,0.0,5,0.42145969694115953,0.03148293407468121,0.780184970978039,0.4778694059177779
hellinger,-0.5,4,0.37772857410999605,-0.004553681777420958,0.7743007667902144,0.5332368182061367
hellinger,-0.25,4,0.4192153482009123,-0.038237025440142784,0.794880065399624,0.5163586107965623
hellinger,0.0,4,0.40941486464968374,-0.04802833069044568,0.7868482185754508,0.4969341783621304
clr,-0.5,4,0.1599054094578867,-0.16441378947981547,0.7974821770713211,0.6639468298779931
clr,-0.25,4,0.17406963418439195,-0.13393458405856945,0.8065868513077256,0.654233917712172
clr,0.0,4,0.26521696801067796,-0.14253453684131687,0.8601301688639701,0.6637962994320452
ilr,-0.5,4,0.1322023808568127,-0.2789799648679618,0.7686137823892762,0.6716387951049014
ilr,-0.25,4,0.1511170438261193,-0.15676963339487682,0.7755273366349734,0.6516024568032831
ilr,0.0,4,0.20925465150194747,-0.0907646467553486,0.8310511547166491,0.662829611958723
