representation,block_length,replicates,observed_improved_blocks,observed_median_gain,observed_worst_gain,surrogate_median_gain_q95,surrogate_median_gain_q99,conditional_p,task_seconds
raw_fraction,3,2000,5,0.42145969694115953,0.03148293407468121,0.03681542401549549,0.05810859953241092,0.0004997501249375312,6.2475501999942935
raw_fraction,5,2000,5,0.42145969694115953,0.03148293407468121,0.045917411722778315,0.08074597361413025,0.0004997501249375312,6.1842258000033326
raw_fraction,9,2000,5,0.42145969694115953,0.03148293407468121,0.062127900452155015,0.1144975640895702,0.0004997501249375312,6.098176899999089
raw_fraction,23,2000,5,0.42145969694115953,0.03148293407468121,0.11677883522914788,0.22407182349744906,0.0004997501249375312,6.2299944999977015
hellinger,3,2000,4,0.40941486464968374,-0.04802833069044568,0.03512298246222572,0.06215615301026723,0.0004997501249375312,6.074634699994931
hellinger,5,2000,4,0.40941486464968374,-0.04802833069044568,0.04948113859200022,0.0848640876693742,0.0004997501249375312,6.124331999999413
hellinger,9,2000,4,0.40941486464968374,-0.04802833069044568,0.0588524942803691,0.09866302715016696,0.0004997501249375312,6.294885600000271
hellinger,23,2000,4,0.40941486464968374,-0.04802833069044568,0.11244131655751335,0.18725965299722788,0.0004997501249375312,6.227716900000814
clr,3,2000,4,0.26521696801067796,-0.14253453684131687,0.027509040176821136,0.04932796333530784,0.0004997501249375312,6.17422169999918
clr,5,2000,4,0.26521696801067796,-0.14253453684131687,0.03702137150437716,0.0689943970656166,0.0004997501249375312,6.153701100003673
clr,9,2000,4,0.26521696801067796,-0.14253453684131687,0.04591250247737537,0.08396339067613885,0.0004997501249375312,6.175995999998122
clr,23,2000,4,0.26521696801067796,-0.14253453684131687,0.08795798575445979,0.14728685491500842,0.0004997501249375312,6.176853100005246
ilr,3,2000,4,0.20925465150194747,-0.0907646467553486,0.023917470691294924,0.047350064431346935,0.0004997501249375312,6.120757299999241
ilr,5,2000,4,0.20925465150194747,-0.0907646467553486,0.03136226099991293,0.06329989090434207,0.0004997501249375312,6.233032200005255
ilr,9,2000,4,0.20925465150194747,-0.0907646467553486,0.04426027322798446,0.074720117766669,0.0004997501249375312,5.929874000001291
ilr,23,2000,4,0.20925465150194747,-0.0907646467553486,0.08769204871045316,0.15847151769759193,0.0029985007496251873,6.051032499999565
