replicate,status,mode_median_eV,mode_range_eV
0,unstable_concentration,12.355,1.4600000000000009
1,stable_concentration,10.215,0.4150000000000009
2,unstable_concentration,10.315,0.5749999999999993
3,unstable_concentration,10.275,1.9949999999999992
4,stable_concentration,10.215,0.3849999999999998
5,unstable_concentration,10.295,2.1000000000000014
6,unstable_concentration,10.31,2.049999999999999
7,stable_concentration,10.415,0.21500000000000163
8,unstable_concentration,10.27,2.120000000000001
9,unstable_concentration,10.325,2.075000000000001
10,unstable_concentration,10.315,2.155000000000001
11,unstable_concentration,10.275,2.0749999999999993
12,stable_concentration,10.29,0.3500000000000014
13,unstable_concentration,10.35,0.5700000000000003
14,stable_concentration,12.34,0.04499999999999993
15,unstable_concentration,10.4,1.995000000000001
16,unstable_concentration,10.335,2.045
17,stable_concentration,10.235,0.009999999999999787
18,stable_concentration,10.215,0.3800000000000008
19,stable_concentration,10.27,0.009999999999999787
20,stable_concentration,10.33,0.03999999999999915
21,unstable_concentration,10.395,2.0
22,stable_concentration,10.365,0.009999999999999787
23,stable_concentration,10.24,0.40000000000000036
24,unstable_concentration,10.27,2.0199999999999996
25,unstable_concentration,10.335,2.0599999999999987
26,stable_concentration,10.34,0.28500000000000014
27,stable_concentration,10.365,0.27999999999999936
28,unstable_concentration,10.31,1.9900000000000002
29,stable_concentration,10.295,0.33500000000000085
