path,bytes,sha256,source_path,source_sha256,transformation
bootstrap.csv,31617,62E73FABEC4325D3CFE62C0B0350819E7C04EE99B2945243A7E19E062BECBD23,output/spectral_revision/bootstrap.csv,62E73FABEC4325D3CFE62C0B0350819E7C04EE99B2945243A7E19E062BECBD23,exact byte copy
bootstrap_concentration_status.csv,1566,C8FCB517FE8BC555F3645E9326B1FC652ED23735ACD90CD464BFEF80D8DA269A,output/spectral_revision/analysis/bootstrap_concentration_status.csv,C8FCB517FE8BC555F3645E9326B1FC652ED23735ACD90CD464BFEF80D8DA269A,start-aware aggregation; scripts/analyze_spectral_revision.py
bootstrap_density_band.csv,93545,6693023FEA4D239E28BC2D14806D0E1872D8435E0C93DB9F13D143AB5EFA6BF4,output/spectral_revision/analysis/bootstrap_density_band.csv,6693023FEA4D239E28BC2D14806D0E1872D8435E0C93DB9F13D143AB5EFA6BF4,start-aware aggregation; scripts/analyze_spectral_revision.py
bootstrap_seed_medians.csv,5496,4AD4093E071213A84C3852322A4979458DC831E35312A78DE4140668233653DC,output/spectral_revision/analysis/bootstrap_seed_medians.csv,4AD4093E071213A84C3852322A4979458DC831E35312A78DE4140668233653DC,start-aware aggregation; scripts/analyze_spectral_revision.py
claim_summary.json,16266,16D65BB1FF3ACB13AA347B0907E279B55A83A49EB1146E95B7064E71EDD4A67A,output/spectral_revision/analysis/claim_summary.json,16D65BB1FF3ACB13AA347B0907E279B55A83A49EB1146E95B7064E71EDD4A67A,start-aware aggregation; scripts/analyze_spectral_revision.py
concentration.csv,29104,58432A70BA683A1BE37BA9F2EC11A6D4B764F25A8F2E810A6DDAC837CE5E776A,output/spectral_revision/analysis/concentration.csv,58432A70BA683A1BE37BA9F2EC11A6D4B764F25A8F2E810A6DDAC837CE5E776A,start-aware aggregation; scripts/analyze_spectral_revision.py
concentration_status.csv,315,85AAC67954479A85C3649CD2F7FD5A2316CC0D3D1F0775E1C8971C62943758B8,output/spectral_revision/concentration_status.csv,85AAC67954479A85C3649CD2F7FD5A2316CC0D3D1F0775E1C8971C62943758B8,exact byte copy
distribution_reference.csv,8511193,B7B91DBDA851FEFCB34407B1A7C2655C2083B89C2395BCE4F7B5F78C7758F4B2,output/spectral_revision/distributions.csv,E7F7A446CA68A13E283016ED18A314F6CE83D5A623B14F241888FC5D53386F7E,retain real-data outer/final/sensitivity measures
ENVIRONMENT.json,325,4089E8904E57B3D16CCFFA9CF0BFDAD241C0DEF74804C7C44F7D83E750AD5286,generated,,release metadata
final_parameter_ranges.csv,1773,1D5D9185653344AAB787E9BA4177F0926E334C16A7504BF271B1B787843B0AF0,output/spectral_revision/analysis/final_parameter_ranges.csv,1D5D9185653344AAB787E9BA4177F0926E334C16A7504BF271B1B787843B0AF0,start-aware aggregation; scripts/analyze_spectral_revision.py
fit_status.csv,469795,AEBD2CEB945353310A4D7771343CCBBDFF4E43C510E532D4A8140AAC6C85763C,output/spectral_revision/fit_status.csv,AEBD2CEB945353310A4D7771343CCBBDFF4E43C510E532D4A8140AAC6C85763C,exact byte copy
fixed_kernel_recovery.csv,24187,7CE38949C9CDD603196DCCA382DAEE039ED2BA21DA5762B66A843C1E1F9719E5,output/spectral_revision/fixed_kernel_recovery.csv,7CE38949C9CDD603196DCCA382DAEE039ED2BA21DA5762B66A843C1E1F9719E5,exact byte copy
frozen_selection.json,976,108F55C19D91F1A524D53EE48D59E8D60FBE7C705A0F77223C7A3953AE8500DF,output/spectral_revision/frozen_selection.json,108F55C19D91F1A524D53EE48D59E8D60FBE7C705A0F77223C7A3953AE8500DF,exact byte copy
inner_scores.csv,61180,BDF513F306727E8BCEA130921D3961489DA74EAFEB00D3A537F7CEE9AD00A9F7,output/spectral_revision/inner_scores.csv,BDF513F306727E8BCEA130921D3961489DA74EAFEB00D3A537F7CEE9AD00A9F7,exact byte copy
matched_matched_recovery.csv,49683,56A3386F27E66F97B80509F5E2F39C307EB3D622DBB7B162516877E5F8D8A515,output/spectral_revision_matched_recovery/matched_recovery.csv,56A3386F27E66F97B80509F5E2F39C307EB3D622DBB7B162516877E5F8D8A515,exact byte copy
matched_noiseless_recovery.csv,7130,1230A52C0B19494E8AED856E8A859EEA551A24296477955F16295B42DA0459E5,output/spectral_revision_matched_recovery/noiseless_recovery.csv,1230A52C0B19494E8AED856E8A859EEA551A24296477955F16295B42DA0459E5,exact byte copy
matched_quadrature.csv,8154,7468FB68C51F942247708C716C1064E7AEE53567FD1696C6E6688B58A1E565A0,output/spectral_revision_matched_recovery/quadrature.csv,7468FB68C51F942247708C716C1064E7AEE53567FD1696C6E6688B58A1E565A0,exact byte copy
matched_recovery_seed_medians.csv,8703,5A76C24CAC6FF8F07DAF0A538571453533DC28C498F07027097FB7AD82581F0F,output/spectral_revision/analysis/matched_recovery_seed_medians.csv,5A76C24CAC6FF8F07DAF0A538571453533DC28C498F07027097FB7AD82581F0F,start-aware aggregation; scripts/analyze_spectral_revision.py
matched_run_identity.json,2167,A848B8F70125F91381A8109017BB9FC114591C12CD5E337A6EE6C24E4E2A5BE9,output/spectral_revision_matched_recovery/run_identity.json,A848B8F70125F91381A8109017BB9FC114591C12CD5E337A6EE6C24E4E2A5BE9,exact byte copy
matched_summary.json,192,5020E43E2E70DEF296EFED4C324086BED3E4BD120FB051D142F0A75A07E18186,output/spectral_revision_matched_recovery/summary.json,5020E43E2E70DEF296EFED4C324086BED3E4BD120FB051D142F0A75A07E18186,exact byte copy
morphology_seed_medians.csv,505,B37555951134DF226A6F92F473BF053014E35FDB9FB3146B8D7E7905E76F82CC,output/spectral_revision/analysis/morphology_seed_medians.csv,B37555951134DF226A6F92F473BF053014E35FDB9FB3146B8D7E7905E76F82CC,start-aware aggregation; scripts/analyze_spectral_revision.py
outer_scores.csv,11478,6893E469B91C8A8D26CDC7424BDCA70A01357768A6747339017EA1D9D92DC855,output/spectral_revision/outer_scores.csv,6893E469B91C8A8D26CDC7424BDCA70A01357768A6747339017EA1D9D92DC855,exact byte copy
outer_seed_medians.csv,815,579A3B4A8CEF7467E8A8D7A4573979CF4BDC0BE2F2691148E6B809714F7D9E3C,output/spectral_revision/analysis/outer_seed_medians.csv,579A3B4A8CEF7467E8A8D7A4573979CF4BDC0BE2F2691148E6B809714F7D9E3C,start-aware aggregation; scripts/analyze_spectral_revision.py
outer_start_ranges.csv,2267,92D0032CE7337BAC24AFEB4ED50955892AA7D93033B9D967CDB4B90548DF9050,output/spectral_revision/analysis/outer_start_ranges.csv,92D0032CE7337BAC24AFEB4ED50955892AA7D93033B9D967CDB4B90548DF9050,start-aware aggregation; scripts/analyze_spectral_revision.py
peak_threshold_sensitivity.csv,1613,2D3EB483E3594FFD6D2C149237B9919953222CA2B88B7BB9B3E529132A6F98FD,output/spectral_revision/analysis/peak_threshold_sensitivity.csv,2D3EB483E3594FFD6D2C149237B9919953222CA2B88B7BB9B3E529132A6F98FD,start-aware aggregation; scripts/analyze_spectral_revision.py
phase_fit_status.csv,39618,5BECD35679E85A036B3E2261D2525D9CB1373A756B51DB49DCA14DD00349AE01,output/spectral_revision_phase_comparison/fit_status.csv,5BECD35679E85A036B3E2261D2525D9CB1373A756B51DB49DCA14DD00349AE01,exact byte copy
phase_quadrature.csv,9061,D668E2BBEC2613DB7505BA2A0AB3F636A39B0D6601E715C40ADA9F7D362C0484,output/spectral_revision_phase_comparison/quadrature.csv,D668E2BBEC2613DB7505BA2A0AB3F636A39B0D6601E715C40ADA9F7D362C0484,exact byte copy
phase_run_identity.json,260,49817B4FF55E2B7C00CC87110EF4C4EC8C2552D6445979BB8B6ABB1AD41CC826,output/spectral_revision_phase_comparison/run_identity.json,49817B4FF55E2B7C00CC87110EF4C4EC8C2552D6445979BB8B6ABB1AD41CC826,exact byte copy
phase_scores.csv,22674,24A6192D8C7D0B54F50F6E3CF8DB5F669629C83DBF3DCF6444A2F39277F09D36,output/spectral_revision_phase_comparison/phase_scores.csv,24A6192D8C7D0B54F50F6E3CF8DB5F669629C83DBF3DCF6444A2F39277F09D36,exact byte copy
phase_seed_medians.csv,812,AE3A207D0346226E066DF079DE3D08D1D6492B798473C324999D3B1C6CE707E1,output/spectral_revision/analysis/phase_seed_medians.csv,AE3A207D0346226E066DF079DE3D08D1D6492B798473C324999D3B1C6CE707E1,start-aware aggregation; scripts/analyze_spectral_revision.py
phase_summary.json,184,423D1D9F9916F644EAFED6AC91D8C326A93C385410AC174E7B2F73537568E10D,output/spectral_revision_phase_comparison/summary.json,423D1D9F9916F644EAFED6AC91D8C326A93C385410AC174E7B2F73537568E10D,exact byte copy
profile_ranges.csv,3792,F2DDCE31ABC28FD25E4DC6A3C53D9E6F623BF39BDC6AB544B88C1510C69FE5B3,output/spectral_revision/analysis/profile_ranges.csv,F2DDCE31ABC28FD25E4DC6A3C53D9E6F623BF39BDC6AB544B88C1510C69FE5B3,start-aware aggregation; scripts/analyze_spectral_revision.py
profiles.csv,6765,2DD57703B2808131E4CBEFD1FED8DB3471C1FCD9E1BB1BE935F9B179DDE49A32,output/spectral_revision/profiles.csv,2DD57703B2808131E4CBEFD1FED8DB3471C1FCD9E1BB1BE935F9B179DDE49A32,exact byte copy
quadrature.csv,106596,ACE9A219C05A5BA474BE2A05426A7C93FD48D897A4ECFDD47F57BF0E8206DD9B,output/spectral_revision/quadrature.csv,ACE9A219C05A5BA474BE2A05426A7C93FD48D897A4ECFDD47F57BF0E8206DD9B,exact byte copy
README.md,1956,9090CC6FDDFBDBDF2EFE1E9BFDCA75793C990D9F4EA3D7EE1E7F13C728E5EB83,generated,,release metadata
real_prediction_points.csv,1681355,F771E1B7CEE147E5817B2FF4460D70B164C9686554E52576A7A47C38CC52312F,output/spectral_revision/prediction_points.csv,FE6B8B6F838151E428E549639A626A7A5FF1283504B6D1409E4E2040EAB50294,"retain actual outer, final training and frozen stress points"
recovery.csv,95328,FEFDD58D78DB1B43C5B38C4E1FA44519F5DD158076E5344F2FAC61D5DE95CA4E,output/spectral_revision/recovery.csv,FEFDD58D78DB1B43C5B38C4E1FA44519F5DD158076E5344F2FAC61D5DE95CA4E,exact byte copy
recovery_seed_medians.csv,16888,9085A0157788914BB2F1134C7ACF7C9A39A641A7321AB8B88A378E8EE679D50F,output/spectral_revision/analysis/recovery_seed_medians.csv,9085A0157788914BB2F1134C7ACF7C9A39A641A7321AB8B88A378E8EE679D50F,start-aware aggregation; scripts/analyze_spectral_revision.py
run_identity.json,1818,A00CBAF791A0D9B2D654BBBD3B3CDD5B6E91989059EC8200AA35E1FE1A5B1118,output/spectral_revision/run_identity.json,A00CBAF791A0D9B2D654BBBD3B3CDD5B6E91989059EC8200AA35E1FE1A5B1118,exact byte copy
selection.csv,5364,4B87E62064D8A8A8713CBFC72ECC3CAFCDD80CF6E4710D5E056944F3FE1B49CE,output/spectral_revision/selection.csv,4B87E62064D8A8A8713CBFC72ECC3CAFCDD80CF6E4710D5E056944F3FE1B49CE,exact byte copy
SOURCE_MAP.json,75762,62D89A57465936904BE383BECA68B68C22864CB784CDBE613E7562F37E230663,generated,,release metadata
stress_scores.csv,3352,EE2E7785751E2F146B3B4C71F23D1283E9C6C33918BDD0F2F6FB5F130815F9C7,output/spectral_revision/stress_scores.csv,EE2E7785751E2F146B3B4C71F23D1283E9C6C33918BDD0F2F6FB5F130815F9C7,exact byte copy
summary.json,1628,1FBCD65BBA034ADDCAFFABA46724957AD6FB5631CC3CB6F87A2CB71BED3DABC6,output/spectral_revision/summary.json,1FBCD65BBA034ADDCAFFABA46724957AD6FB5631CC3CB6F87A2CB71BED3DABC6,exact byte copy
synthetic_scores.csv,279884,DE1CB793A453B0FB293EDE725115349B28C53960593139BEDF904CED2F39AC45,output/spectral_revision/synthetic_scores.csv,DE1CB793A453B0FB293EDE725115349B28C53960593139BEDF904CED2F39AC45,exact byte copy
training_scores.csv,5731,1103AF3A1200140FDC85B56C8C8606B34054BAC81A2722AF9B72AA1CC4D31943,output/spectral_revision/training_scores.csv,1103AF3A1200140FDC85B56C8C8606B34054BAC81A2722AF9B72AA1CC4D31943,exact byte copy
units/00307E5122EE42F1CA2D.json,6730,392074E4D5FCD5D28A8A2A23D33823DDE94902A1F968D0D0F33EB69F0E6BB987,output/spectral_revision/units/00307E5122EE42F1CA2D/fit.json,51A85B0564A995B0BEE495265A016698DC616EB17363DF45D1C1357C7ECE2104,parameter-only receipt; omit optimizer history and elapsed time
units/00BAEF41259349BCDBA4.json,6182,862557FD34EB6DA79DD4FD7FD07AEC25A5C0B2A62A9AFC3F477D753FD4DAE77C,output/spectral_revision/units/00BAEF41259349BCDBA4/fit.json,6F0E19A6EB2EA5D527FE931E5DDB31E459943FBDAA7E7CC337E578F437F623B6,parameter-only receipt; omit optimizer history and elapsed time
units/020D4C40ED7D8C6818E4.json,6150,5E77E9DFE6C93E2F768D368AEEBB36AB7857D9B934B725E00F5E96C9A3D907B0,output/spectral_revision/units/020D4C40ED7D8C6818E4/fit.json,E3B1CA614AD859DAD6D3BA35BAF8FC98A40D52B307B145DF4D31A637B861B210,parameter-only receipt; omit optimizer history and elapsed time
units/023884822796CF9B1167.json,6111,C07C31DB9F11D362D3031B26FDE4D438E44DC24236108851398DBA1B24DB7503,output/spectral_revision/units/023884822796CF9B1167/fit.json,7B95B93E3677E400E7D447ACCCAD0380D3455CF611EEF3CA3F95E04E9BBBB21A,parameter-only receipt; omit optimizer history and elapsed time
units/02983400804E7FB9FAAA.json,6181,626857D9AEC61715616DBC06C747F43627E18E05E067FEB1971D3B571EB59B2D,output/spectral_revision/units/02983400804E7FB9FAAA/fit.json,795B51DB8AA690EB1811F8DC83D7792D44881E7F6F649EA15FBEAAABDCCDF829,parameter-only receipt; omit optimizer history and elapsed time
units/06D832082DC6820084F2.json,6186,7997155C0FB758F181C9B790441419A4E610F34639F66CC46F43F06837E37E63,output/spectral_revision/units/06D832082DC6820084F2/fit.json,6F4624D90E4A2CD1EEA1D16CA707829D84DFBED1ABB7AC62FA01670E9EF43A79,parameter-only receipt; omit optimizer history and elapsed time
units/09A77866D2A4A24F8D30.json,6135,A41DF7C40AD98F92D0050380127BB26CDC16C0535E61F9BEA788950994BBD68E,output/spectral_revision/units/09A77866D2A4A24F8D30/fit.json,AA60EA57F93EEE79D76EC86C84D34E18ECE0D55712764A049CDF892099D64F2A,parameter-only receipt; omit optimizer history and elapsed time
units/0C890B6192BF390DF796.json,6147,9534CC3F05343140882CE4D222F1F918C821D3643796B6BAFD26915790C8FDA9,output/spectral_revision/units/0C890B6192BF390DF796/fit.json,509DF95F7F121948FF3ED2077871C21DF834CFECB86147401F88828B092D3CFF,parameter-only receipt; omit optimizer history and elapsed time
units/0E100820D4C207A933AA.json,6137,620B87CA04272168825AAFE6F1D9B454AAD01FB66EBEC88FF7E99687E996EE7D,output/spectral_revision/units/0E100820D4C207A933AA/fit.json,1F57BAB3E90C9062EAE3B80A36CC64A79BB9DC3133E4C3002294427A346BD24E,parameter-only receipt; omit optimizer history and elapsed time
units/1123795045A2B6BF7783.json,6070,826B0056E4D9BC06CF3F38A94AC42026741A8E869CA0DE7CC1B2C5CA5F3C522A,output/spectral_revision/units/1123795045A2B6BF7783/fit.json,0C7C0E7078C56ADC71ED9D3CAACAAF282078F196D69257CCCE85963899F7202C,parameter-only receipt; omit optimizer history and elapsed time
units/12F1BAEAB6EA01F3681B.json,6012,FC7E8E7A1D704E5061AF8C240802E201E8196DC32C468A3B250B9DA18756A41C,output/spectral_revision/units/12F1BAEAB6EA01F3681B/fit.json,610B4CFEB1991ABD09227FF611F301BB4A0A402897D91250FE4FAE9E52C0D872,parameter-only receipt; omit optimizer history and elapsed time
units/15DA710E778B989432F2.json,4105,4AC357EBD7432546245B16AB18229BF1D2D146F8F5AA5BED9F31BFC825DBE3FB,output/spectral_revision_phase_comparison/units/15DA710E778B989432F2/fit.json,6E32DC3159C7BEE564994F37D56B62F81AF4847F09C0A65AA73B22064EEC2C44,parameter-only receipt; omit optimizer history and elapsed time
units/18C501B2470055DE3F3E.json,4129,5ABB3159D6D54ECE82FA0D024F0DD8581A39977B23C4B1542D8F2FE8D10A6342,output/spectral_revision_phase_comparison/units/18C501B2470055DE3F3E/fit.json,0438A8AA21F00BC827468C316DC173FBBE75671C2064423F2A2B88C79A7102A5,parameter-only receipt; omit optimizer history and elapsed time
units/194B2D94F8419BCBA26C.json,6141,CBA565EBA78BDE9C544E0685949FE775877E6CF957DF1DA8B9285F7A14132C35,output/spectral_revision/units/194B2D94F8419BCBA26C/fit.json,B631527AD20BF8688E80192227E38EED3D9992AA7ED43CB6C1D3DB8E4279C2EC,parameter-only receipt; omit optimizer history and elapsed time
units/1972E53D39E83DC6E4E8.json,3676,EC2EAA13675F4A520A28B3F365E80C987F83AC1DF3BE99AD250FA0660181214A,output/spectral_revision/units/1972E53D39E83DC6E4E8/fit.json,18D880442F729C4048521A5401B115F6EAFEDBBEDEB216F70B1CC76CD2A1AEBD,parameter-only receipt; omit optimizer history and elapsed time
units/19C4DBC9D3C99FD25BCC.json,3747,9F4A5C306E416B860C62D1F8058F5DFE83F27A2652E7000F27C0C116153FD885,output/spectral_revision_phase_comparison/units/19C4DBC9D3C99FD25BCC/fit.json,B89CB932B58DA641C365B15C4AF13372FB53A65B99EB213718BD75890AE6B965,parameter-only receipt; omit optimizer history and elapsed time
units/1A055859FD3819A296A7.json,6158,F370EAB662FF83559D188C9DF0670D2E4CC78E60467531E77E006A6446D55DDF,output/spectral_revision/units/1A055859FD3819A296A7/fit.json,EFF583A3A6377066918969CEC8FDBEB1F6FB9D7C37029DA2CE4848E147E3F8B7,parameter-only receipt; omit optimizer history and elapsed time
units/1B42F465A14BC7268811.json,6217,F593714AD99834BC970988C8524AF0736C9D5E684E6E9B4992641DBCA4BC76C1,output/spectral_revision/units/1B42F465A14BC7268811/fit.json,3D05503D23D40B20E2A3674B74C155D4C203BA2666514DF29BCEE6DD45A53125,parameter-only receipt; omit optimizer history and elapsed time
units/1BC32802F978FA78DB7C.json,4118,03C97AA19D8903F1C0AB2696A75DE574AFFABDC7DA2EF9269356107CB5998E39,output/spectral_revision_phase_comparison/units/1BC32802F978FA78DB7C/fit.json,38786828FB23BFCEB8BDFA1E78377AFA3C87FB59CED8002713A350D29552FD36,parameter-only receipt; omit optimizer history and elapsed time
units/1DCAA72CCAA6CADB499A.json,6199,2D24B48807AE9C65FC9749E6C75441BA9BD10FE99C8834B0D20B858F425138BE,output/spectral_revision/units/1DCAA72CCAA6CADB499A/fit.json,07FB98EE79F6C60A61EB0D837D348EB34B90FCE66EC38FD463C6F38F9F1A39E8,parameter-only receipt; omit optimizer history and elapsed time
units/1F9593ED968070D2DC8C.json,4148,0629116C999C7D2B34CC3125D2FDA491BFD15B39A12A6821F344CA94E0A4D760,output/spectral_revision/units/1F9593ED968070D2DC8C/fit.json,827597F19809986151AAE476CEFF9FDAC3ADE3535E294EC856074421BF04B867,parameter-only receipt; omit optimizer history and elapsed time
units/1FA540EFC1EFB1937ACF.json,6010,51BDEAF2DE9076DA0CCDEB13DFA20852C31E241D87B5CB09EA2FC97D3B07B4B7,output/spectral_revision/units/1FA540EFC1EFB1937ACF/fit.json,AED60875F1DB0058409487B824B0769862B0AA6F21395B54F77983BCC4F9537D,parameter-only receipt; omit optimizer history and elapsed time
units/21B7A232CB32CB70CA32.json,6221,19625BCD358D86741879E014FEAC0B1D3B6079FC9CB7C2A3035CD35C291E168C,output/spectral_revision/units/21B7A232CB32CB70CA32/fit.json,5CFB0AFBB223482ABFD7C7561FE82F81534FEFE9B7BE0BC4EEBCEE212F58468F,parameter-only receipt; omit optimizer history and elapsed time
units/223C538469FD6F8006E8.json,6111,9D5DAD6DD5F095B3A3C91759542678AA5206D811B9D6B9C70A6F3EC7EE3A3DE9,output/spectral_revision_phase_comparison/units/223C538469FD6F8006E8/fit.json,272961A336045404DE55D34D9AC48718AAAE2C77903B81359E4EC86A330D6F02,parameter-only receipt; omit optimizer history and elapsed time
units/241590EA37E379305DE8.json,6217,6A770D377EF638B8B483CBA0498E738A686DF3D4D9D3BB33D5A8E5A7B2839979,output/spectral_revision/units/241590EA37E379305DE8/fit.json,561A4C8C9EF087F237458125F4E44059E3F25B3F44FD4BEF858F7C4DAC87EE7F,parameter-only receipt; omit optimizer history and elapsed time
units/24294152306EBF47A8CB.json,6124,E016FF56CE0FE58C7A85478A4D6CAB78A9C14BE278E50D8D56F77C2D8C554866,output/spectral_revision/units/24294152306EBF47A8CB/fit.json,D8797F687E7989417E3829A2E4D40392247888D907728AC96A24BD077BE73902,parameter-only receipt; omit optimizer history and elapsed time
units/2580F7E0A319B658D645.json,6089,7C020EA420C95B964169742DC5EDF76E2999FB815216ED1466F52D9A7453E38F,output/spectral_revision/units/2580F7E0A319B658D645/fit.json,2B5C67B21732DA862FBB7F69C8459AB3E975881168606B7DD4C18679A44EA52D,parameter-only receipt; omit optimizer history and elapsed time
units/262327DBFA516EFCC64B.json,3692,438DE02173B97AE6D1A51DAC8236B80FFA052B27C66227922AF2414203ECE6D8,output/spectral_revision/units/262327DBFA516EFCC64B/fit.json,20303E93DC13F1EAC005B3F9591D16C45ABA8F6BD3B14AA6C1929A3730DE8BC9,parameter-only receipt; omit optimizer history and elapsed time
units/2667DC2391257372C8DA.json,6192,8F78BF742C9B0AB21D6E7391D3794B651B66724DA2C300241EF3B0794FB32FE2,output/spectral_revision/units/2667DC2391257372C8DA/fit.json,FC61239A66C31C8E0CACF267B2324382902A5E65579D66E8A0FE06FDCBD660EA,parameter-only receipt; omit optimizer history and elapsed time
units/26F969AD0E377F13CC74.json,3825,A4EA2C2AD62C0F44C2657426A0ECD6DE48E148772D12C2E65370F77E4FB72EE2,output/spectral_revision_phase_comparison/units/26F969AD0E377F13CC74/fit.json,7CE0689542288BCA3B17BF99BD48A0FBCFCABB19C7F29FE8805739A5389187C0,parameter-only receipt; omit optimizer history and elapsed time
units/288B4B9E779C7760B19D.json,5091,31A33E88DEA654FAEAF978426F0D97D0A7DB5B938EF039789650D4E27658EBE9,output/spectral_revision/units/288B4B9E779C7760B19D/fit.json,EFAF6BFE6F14DCE730FFAFB93791935F491CCA6FAD9FE47EFDD2CD90FAB25EF2,parameter-only receipt; omit optimizer history and elapsed time
units/2AC421CA54586358E7D4.json,6246,5D834AB13DE6BBCBC8D969D23FDBEF50A3352244C064143A15B4F69D4F37BEA7,output/spectral_revision/units/2AC421CA54586358E7D4/fit.json,CBE43FA080EE44F82B9423ABD82492DC9C6FBBAFCE343B969CB409FEC7E91521,parameter-only receipt; omit optimizer history and elapsed time
units/2C32EBC591BC430301BC.json,6021,94B66E08FC50008057DB99A6CE91233BCB3B1A915209736279CF4A59604B1E1C,output/spectral_revision/units/2C32EBC591BC430301BC/fit.json,89D5EAD47A67E0E1E67015F83C63D55A220C1CB8A5722D11164143B5FB4095AC,parameter-only receipt; omit optimizer history and elapsed time
units/2CB50892C08DE8C0AC07.json,4116,6D79C2DDE92D63C942C984F45B2A2A5CF28333947722F59F2E1792069859F904,output/spectral_revision/units/2CB50892C08DE8C0AC07/fit.json,7911D290EE17CCBAD144810364FB6CA60CA71845FD46E80D67C23D5D1E6B2FAC,parameter-only receipt; omit optimizer history and elapsed time
units/31EFAFA81BCAE38D7601.json,6061,9A9DC148EFFC9C100150787AAA0735647B1218809C5B0366E92BF4A2DC40581C,output/spectral_revision/units/31EFAFA81BCAE38D7601/fit.json,BADB68715BFF97669A840844168596BCA39C78092452D8B45C48E2D036A9A42B,parameter-only receipt; omit optimizer history and elapsed time
units/31FAFCE71853031B9D3B.json,7968,9C24306DAD585DF7B8B9572B99B15EF8EDD571B09A19899DF6633C3E7A3D5151,output/spectral_revision/units/31FAFCE71853031B9D3B/fit.json,18AF347F01A7782B44D8BD1C802B254ACA57A787A4F3AD9F5A34188CB5341B40,parameter-only receipt; omit optimizer history and elapsed time
units/323F4FAF63DBCE0B5804.json,6168,4D5F116EFB916E5C4F4D6B78D7F521276EB2C397857EF11EBD8871AF6FAA3E4C,output/spectral_revision/units/323F4FAF63DBCE0B5804/fit.json,5B9DBEA0F08BD13C10CA65BB651A291DF1A4C1AF6764B21043C48CCC05FD6AFF,parameter-only receipt; omit optimizer history and elapsed time
units/32BCCD6238E603D64C0E.json,6177,671814C5E08355F05C2AFACA757C84718A6E6659E48456F08602DC62A7161683,output/spectral_revision/units/32BCCD6238E603D64C0E/fit.json,9A3CE5CC53A964ABE93A7CDCF23FEB3462921FF2A1BA21F221810F6708A7DC64,parameter-only receipt; omit optimizer history and elapsed time
units/3404CCF9F1051F2BCC23.json,6162,D340DCBE65A7E673CD9F668E00841528A9D81F9F50B97845215D7439BBDF7AAC,output/spectral_revision/units/3404CCF9F1051F2BCC23/fit.json,FB62816858AB903D0520A45FBC92C3001CFFCA432D1C2635A7B83736BA36AA93,parameter-only receipt; omit optimizer history and elapsed time
units/3433FA27636F4DE2BEDB.json,6174,A77D0EC4679D0638A31DEC46D4F89815030353C136F1D074CF57639CF611A1A5,output/spectral_revision/units/3433FA27636F4DE2BEDB/fit.json,B6129AF54337C3E04DBA127C96831FCD4D350E6EE4026B0D5697808F1C153DF5,parameter-only receipt; omit optimizer history and elapsed time
units/34B17E5B047533CBC09E.json,6048,B5BB34F7A126C2E28145FCDB3D001162348AC74F90CB0A68C03B5E5C78FCB7FF,output/spectral_revision_phase_comparison/units/34B17E5B047533CBC09E/fit.json,BE82015F8C280FDA9CB0BE6E38CBC7BC281FD6FB60366CBAC35EC9C79B338B99,parameter-only receipt; omit optimizer history and elapsed time
units/365ADB3A78D2825D0C42.json,3737,529CB62318F331AC888C460C4D6E7184A1F9273EABF117414D06AFB1C1B03CCF,output/spectral_revision_phase_comparison/units/365ADB3A78D2825D0C42/fit.json,3BD87EABDBB39377D0FF01C210B489183738DD64C6553E8AA858C24E5EC65939,parameter-only receipt; omit optimizer history and elapsed time
units/37B74A79FA49EDCF55AF.json,6212,DC51BA6A3653775D9D10DEDE5F836401FE7A179BE96195A48EA5A480B4A7F9D3,output/spectral_revision/units/37B74A79FA49EDCF55AF/fit.json,9226F64352FD4411F500B0CD16FA34C0B92CC16E65154A475A0F45637C76687C,parameter-only receipt; omit optimizer history and elapsed time
units/3AB2AB8128290F6F150E.json,6127,8035C1E4EC6FE102BFDC5196900E62C5645DA837D833B3FEC62CFE8110350519,output/spectral_revision/units/3AB2AB8128290F6F150E/fit.json,45D1C5F6C09A3F095E3CF1AA5362D71FA6EEFD3094C236F718FF51CC69E6F12C,parameter-only receipt; omit optimizer history and elapsed time
units/3B0B62A6CECBCEB9312C.json,3844,A0AD91C2832B98094F439A30234D80AB41E6CFD808767688AD203BD360D2D6A3,output/spectral_revision_phase_comparison/units/3B0B62A6CECBCEB9312C/fit.json,8713E22B7305CF3816BCA34C438177D1DAC8AA5FE6495C48E74A3E449DCF7367,parameter-only receipt; omit optimizer history and elapsed time
units/3D32318E8423A1301E0C.json,4080,C35D7FEDD3D871A6AFA963E7AE16F35FCCA6B42F27698BC918EBCF8FCDD133C1,output/spectral_revision/units/3D32318E8423A1301E0C/fit.json,FE58683D91952459FCD7AC77866960ABBA3CE7187C6039BFF2296FE75B61146A,parameter-only receipt; omit optimizer history and elapsed time
units/439A6F87DC0B3315AED6.json,3794,00F8EB84975EACD3AED294F862473AD14B7E57C06180254E7BBA88F36F4D14E2,output/spectral_revision/units/439A6F87DC0B3315AED6/fit.json,6FE14B76BBB41E9F5EEF18D224A570777027CBEA1415CE574DDCA006EC170092,parameter-only receipt; omit optimizer history and elapsed time
units/43C0BD7119933B46A714.json,3678,96AF173303FB18A8183D24E56B3CCFF5DDD305007717D381968EF7B6665A71C2,output/spectral_revision_phase_comparison/units/43C0BD7119933B46A714/fit.json,02B2938C7347827461C79E87A1782EC2E95C285C6CA3A1BCF3E799C03CF5C843,parameter-only receipt; omit optimizer history and elapsed time
units/441D6F16BE36F255A864.json,6149,EA16F55650C95C75719A05C591FF92FA19359420456B8100E74BA8FB05DECEA7,output/spectral_revision/units/441D6F16BE36F255A864/fit.json,A271B79EF88EC34A42BD40D5F6C6625DA51305AAAA98C0A7138A56E387F7A34D,parameter-only receipt; omit optimizer history and elapsed time
units/45C8FD7D222741361ADB.json,4012,DFD093035AC92CFE2EB1B93639DBA37E35F439BDC3B13848FCB3E76AC06F5CF8,output/spectral_revision_phase_comparison/units/45C8FD7D222741361ADB/fit.json,0A725BADCB1B5BB12F5357C457E784233312B6DEABAE148272103D0009F2B1B0,parameter-only receipt; omit optimizer history and elapsed time
units/46C28DDAFD9C4CF5F8C2.json,6080,CBF826569B400E58E4FBAB3BAF3CA151EBC75E84D494AE0ADCC6D77CA80E3A3C,output/spectral_revision/units/46C28DDAFD9C4CF5F8C2/fit.json,FAB96AC56F48A81D8240DAE236CA8936B6CBD1070FD96B6495D81EE7A809D6B3,parameter-only receipt; omit optimizer history and elapsed time
units/47D399E19A5442A3CFAB.json,6114,175BC16212D415DD9415B1173CF6327E5FCB83A580EB57D5B1715BC321C928F0,output/spectral_revision/units/47D399E19A5442A3CFAB/fit.json,A6B3307C1CD3E45DE761A50A55B11D42B63C6CF7A605536EF384922EFAF696E9,parameter-only receipt; omit optimizer history and elapsed time
units/4883B0DF336763D09294.json,3599,6EEF45548F6D0894986F665DFDEE89C5F79B4436825F9AF3410E52754F486E6C,output/spectral_revision/units/4883B0DF336763D09294/fit.json,EA4A02877FCF3C85F1C644AE79A2C6946F3618A0219099B1A20988D0DBC344B3,parameter-only receipt; omit optimizer history and elapsed time
units/48849A5A2390AAB4F08C.json,6115,0EF06EFCE32EA71838502226BC24CD066AFAB1595831DAAA3CA779D8BEAC968F,output/spectral_revision/units/48849A5A2390AAB4F08C/fit.json,7460D1F761BE5DCFCC7A0D4831C97B499A3CE88EE52709D533F097E923898591,parameter-only receipt; omit optimizer history and elapsed time
units/48E1DAEFB88C981202A8.json,6125,44025800AB9818EE7C7F464995E5A5DF56AAEB585CAE1A28841B7070ED2EC0FA,output/spectral_revision/units/48E1DAEFB88C981202A8/fit.json,B322EC1C81FB344C3CA948A8D29C4CB05BD894175F19D8CED44C07559B52FD3F,parameter-only receipt; omit optimizer history and elapsed time
units/4A43E1D885B142D3A4E3.json,6230,66C9BC80B3A9D595F47C85369634470E8743FA16290883FA7004C4978E8DDA33,output/spectral_revision/units/4A43E1D885B142D3A4E3/fit.json,89B2537DEEABFAF4967D25019E7A6D71920F136266DC6351860BE579E8615D59,parameter-only receipt; omit optimizer history and elapsed time
units/4BDB5CA95BDE19ADE5AC.json,6087,E41E4897456F62EA9C111AB544DF1B648026143EF00394232067276FA18AAE1A,output/spectral_revision/units/4BDB5CA95BDE19ADE5AC/fit.json,6726D5F8A90A27AB61BDBC6EEB116E853C5B65AB63588CED2EE9E6B2A092D750,parameter-only receipt; omit optimizer history and elapsed time
units/4CBC7AFEAD9DE5723042.json,6191,C522805DE6E3B4766D01762F6ABAB0B07468D5E8D24741E8598FBDA0994C62F2,output/spectral_revision/units/4CBC7AFEAD9DE5723042/fit.json,8545000B3823F066BCBACD92C128BB06921BB73785566EA4CFF82F8B2C219F71,parameter-only receipt; omit optimizer history and elapsed time
units/4E0DCAB851E5BE071AD4.json,3755,938FC2E99ABB53F881F94C4069DBE10BD8686351329C47CA2796A0DC6EB4E338,output/spectral_revision_phase_comparison/units/4E0DCAB851E5BE071AD4/fit.json,479C207F47991ABA3E3185C6DA8D7CE2522271C627F31151247E7321F966723A,parameter-only receipt; omit optimizer history and elapsed time
units/4EA261BD2A3DA6C2AAB5.json,6098,734A7DC574C3D39B3A0374D1981D782663833D3247818F8D44A707D485D7D1FB,output/spectral_revision/units/4EA261BD2A3DA6C2AAB5/fit.json,AF0873194126D5CC23D651C7BEC31DE8C5DC3C47865BF1BD0FA794A64BB119AB,parameter-only receipt; omit optimizer history and elapsed time
units/50AAD38E17C5BD9FAD35.json,6036,15C674A3D5305FDACACD3CAE31983BC9B2CF1B005206F37D007CB6C26546900C,output/spectral_revision/units/50AAD38E17C5BD9FAD35/fit.json,8671A2709696F69B8D356FF87F1C4D70B79CCAAAF01F1894CA51112CA36E9141,parameter-only receipt; omit optimizer history and elapsed time
units/50F7E2E1F5FA2EBB1DB7.json,5226,E65695B67512670D543A986CD7AF04208B0ED5BDD76BFC79CA8B717A6657C174,output/spectral_revision/units/50F7E2E1F5FA2EBB1DB7/fit.json,D7DF70C3572660DF129098E35F7D92F5AF3361645F32C5793164FC8F6EC11811,parameter-only receipt; omit optimizer history and elapsed time
units/524CB4D11A54D55A99B3.json,4167,EE197032EBC31BAAC98C1890E99DDB5F0F6059DFDD61B2DBDBC8A4DF609E504F,output/spectral_revision/units/524CB4D11A54D55A99B3/fit.json,E2C84FA313EE14CB2AF1A22B620FA7C6671A5ADADD608B5B5CF84D33C5E39AD7,parameter-only receipt; omit optimizer history and elapsed time
units/530CB9A9DCD2D6F6D129.json,6162,AF512501C5069115C6A50C6C6FB1BCFAFDC03DB01489DC4ED454CDD0BF0A18DA,output/spectral_revision/units/530CB9A9DCD2D6F6D129/fit.json,7E45CA040590D950F828059A49B406CA467EEF33ED3ECA8F173120BCA94283BE,parameter-only receipt; omit optimizer history and elapsed time
units/5841FEA4C9F7351EF889.json,5014,E9E1A074E3BFF6F39FC5AC753738E2C891179479F513611F61928644D42C000F,output/spectral_revision/units/5841FEA4C9F7351EF889/fit.json,F66E7B86054C8F1F533D0EBDA4E4A914FE8137E18BBFDE55002F104F6A9AFF5B,parameter-only receipt; omit optimizer history and elapsed time
units/594397E2CD0F11DDF0B1.json,3651,681AD680B27A584C5D169D69EB60B9325A5B8BCB7D6BEEC126664DDCED3D7025,output/spectral_revision/units/594397E2CD0F11DDF0B1/fit.json,59D543C796EFA2F248D52F0D0240B86A2D74EDCD2B9CE0D0005B17519159E69C,parameter-only receipt; omit optimizer history and elapsed time
units/599065C1C494C96770BC.json,6094,4F032799F9B3E09C7F91C945556D7DD8C78B491C9ACA9AAB6FD15E747CA7F834,output/spectral_revision/units/599065C1C494C96770BC/fit.json,9212EC45C787CFFD4BFD33BE1E5EB6DADB845E4E3F1EA663E84F82A581B1E3E6,parameter-only receipt; omit optimizer history and elapsed time
units/5B4D9FC08CCE89C68ECA.json,4096,4713B017569690AE15EF845E95F78020892385284F46321B926BA700685E12CD,output/spectral_revision/units/5B4D9FC08CCE89C68ECA/fit.json,CC822C687E1978F02EC974A3BD8661907A0283827CDD9A050A1721B817CE0A36,parameter-only receipt; omit optimizer history and elapsed time
units/5D4605F44CB271524BA4.json,4131,434FD89563C753C6C309F903FA7AC1187D1C9841292293406BA3D61609CE7906,output/spectral_revision_phase_comparison/units/5D4605F44CB271524BA4/fit.json,092016495C40CA159AA02E2B4607F6E6FE848D9BBE5793A796B9C9E34018C1F4,parameter-only receipt; omit optimizer history and elapsed time
units/5DB100A68B1727F3AAA4.json,3737,CA826315EFB7AE6359FBA07637731619BCD507E6B2FEA324662AD08ABF1B7E5A,output/spectral_revision/units/5DB100A68B1727F3AAA4/fit.json,2B36FCDEB385F9FAFF7034D696ABFF39A7E2598821B585DDAF503B00BF1B9A37,parameter-only receipt; omit optimizer history and elapsed time
units/5ED7D4E5BF5925F7C903.json,3741,81AD52D1EA63103E159798204A0EAEDAD7298E0D0F1BC23C164015114161871F,output/spectral_revision_phase_comparison/units/5ED7D4E5BF5925F7C903/fit.json,F1AAF052F065E16B9B7C67435FB21FBF98A5A28B0DBDDAB35FFFDB483A5474BC,parameter-only receipt; omit optimizer history and elapsed time
units/5F2814C1A309CE519DA7.json,3747,CD955B9269BE2E66572DE9F0F1D560A02BC9AF880AD18D52F902F30B6315AC83,output/spectral_revision_phase_comparison/units/5F2814C1A309CE519DA7/fit.json,C60C6323A0C54CAD8591358AD351124AE5A11AB3DD90F585ACE7C61310CDA0CC,parameter-only receipt; omit optimizer history and elapsed time
units/6016F3AC62951803880D.json,6180,B0939475EEC19314E2129122FE5FABA37D5EAA7BBE70EC08DB2817AEEE6D5490,output/spectral_revision/units/6016F3AC62951803880D/fit.json,4A8D37AEA99E06747E4E5FD1E08D092A279FAE0BA463B1070D6EEAD0877A1E51,parameter-only receipt; omit optimizer history and elapsed time
units/60D9A3D0F501C48BFD9F.json,4109,D3BAA3E8DCB1B564F17D2D6CCAEEA02C0F2B3643DAB853CEE1A09D2019A461C1,output/spectral_revision/units/60D9A3D0F501C48BFD9F/fit.json,377592DBBD572A6EFB57E4D2F886772CF70F97FD4BD53B7BFB9C6B4B5B618A4A,parameter-only receipt; omit optimizer history and elapsed time
units/63854B2BBADE06726E72.json,6124,ECB5AAC8324F5AAE0C430E1412BADE14BFDFB26C55D316FBA42FC54D24A17B45,output/spectral_revision/units/63854B2BBADE06726E72/fit.json,E13D6EABF5F501D45A42BCF32ED2FE53407BAE72613069597C9C85AD6174D955,parameter-only receipt; omit optimizer history and elapsed time
units/63AD6975A162DD1F28A5.json,6069,5D2054D198517714AF55F184835F85C8274D8F78351B13BB45F083F4E22D7A7E,output/spectral_revision/units/63AD6975A162DD1F28A5/fit.json,F344C7A1DD5CCDA23AFE8FE05EEAC55E9E6A7348238A87CD0CED2BC409333F25,parameter-only receipt; omit optimizer history and elapsed time
units/64AED6F96B3831AB3718.json,6120,5691F54DA83A3D37AE36DB959546A9E5ECF16AB1A1AF8F7768108B361575130A,output/spectral_revision/units/64AED6F96B3831AB3718/fit.json,7E1ABDE516F745BDD0485393C16F56662213F238781CCD7C62D1C2601F5237C3,parameter-only receipt; omit optimizer history and elapsed time
units/65C9AD2AC0C7FB881560.json,6184,775B0D181202739FAA1B16A4456C092B72B271C606DFF3CDC571C76F4197094B,output/spectral_revision/units/65C9AD2AC0C7FB881560/fit.json,9E13E6AA75FF53494BEC2C4FE1D22A9A8204D793F0E0847E9116206AC9175857,parameter-only receipt; omit optimizer history and elapsed time
units/663B4054B2FCA6412E3C.json,6057,F164AA38691001BF045C25A180230D15FD398E8636E0A64434FA2C184CC26FF7,output/spectral_revision/units/663B4054B2FCA6412E3C/fit.json,876641159ED3112E85E5055B1C42E791BD7874A0E94C8D5C1B5500F25BEB9FB9,parameter-only receipt; omit optimizer history and elapsed time
units/67502D7B0D80F07726BD.json,6074,477D8DA9DE65455826B9EF58A621F273C60AD2126B1D949503D4B7DFFD479C07,output/spectral_revision_phase_comparison/units/67502D7B0D80F07726BD/fit.json,717A7842D38590DB2F93D464AA007DC2BAF31BBBD9ACB601231D2532D58C883B,parameter-only receipt; omit optimizer history and elapsed time
units/68FD47A601F1E6663E01.json,4145,42DEDE1DD1D8CFAF90B90C33EB710D331CDF2CC37B2783020B5C6ECED5FE9F9F,output/spectral_revision_phase_comparison/units/68FD47A601F1E6663E01/fit.json,EB66583D4E596FAB08F29AB26269E65BD969B310349C596E68B4E84931F13E6E,parameter-only receipt; omit optimizer history and elapsed time
units/6AACF09BFBF10405C258.json,3637,6714BB34FC184B18B8173F28AF107A4ECB225BE0A018669B26F5E3E7D730ED50,output/spectral_revision/units/6AACF09BFBF10405C258/fit.json,9AA99F9780228485E274B6864B5F3EDE85EE33AA46764B8BC194FDA357EF3259,parameter-only receipt; omit optimizer history and elapsed time
units/6AFA922D094B0E4003BF.json,3752,C95BC6BE6A219C9B4D0B7EC70DC37929DF2F67CF87F1E339F895222AE1C0FC44,output/spectral_revision_phase_comparison/units/6AFA922D094B0E4003BF/fit.json,22E609CB16D63A8221BC25F9C0EEBACDBDDF70A0D3B836B5C4AFA6BF15EA0CCE,parameter-only receipt; omit optimizer history and elapsed time
units/6CE38FA885AE248D7DD1.json,6153,B5FC1CDD6BFB5D378018EC4298B18282693EEC4BC9398FC44B9E0BEACE91B2DA,output/spectral_revision/units/6CE38FA885AE248D7DD1/fit.json,E9590D3D470EAD67B4E0062E325044520770C238223C4FF89DD53B7EA8AC7D8E,parameter-only receipt; omit optimizer history and elapsed time
units/6E10BE45A2D76AE98FE6.json,6077,2F436BDC1FCF499344DB751F341414EC55B0ACCA5CEC185FDE142FE1F916B403,output/spectral_revision/units/6E10BE45A2D76AE98FE6/fit.json,24DF8DE80FB6008C6DA8FD8D373E9DD5E8E1E1AEAD9B91FFA61266D4F67CFE91,parameter-only receipt; omit optimizer history and elapsed time
units/72720802F05A5C4DB5E2.json,4075,C82AC83D2A5510F89C8D2FBF54E3418137C4D4F447D4FB09C567E3F8286AD4F7,output/spectral_revision/units/72720802F05A5C4DB5E2/fit.json,679A1BC8F055CEE178A9B08300A4C43F4FC5715ACC61FAC34BE2C0619C9B9434,parameter-only receipt; omit optimizer history and elapsed time
units/72F5A157BBBAB21A5CCF.json,6074,7C5FDBD0B2DF5DB3D8D846B123A5CAA9FDECBBC8BEFF88BE81DA298D35B8D194,output/spectral_revision/units/72F5A157BBBAB21A5CCF/fit.json,416436D95DDF94112CC5202CE1EA7AAED84EC497B8B0971864FD92E440AF76B2,parameter-only receipt; omit optimizer history and elapsed time
units/74435435334BD9A3EF64.json,6142,EA8C44D1A51CFE9AC53B7FB6739A1F85D83922BF8B890A7EEB860B5F7488F0D2,output/spectral_revision/units/74435435334BD9A3EF64/fit.json,1E0FD46D699FACA9958B403EF7278AAACBBFFD71F53F38223E1A7BF7A76F4C45,parameter-only receipt; omit optimizer history and elapsed time
units/74BD615AF1FADFF9EB4A.json,6127,5C6D6DE7423F05BD67B28DF0AFF230FEEADA56B2175618001096920B4AA71C96,output/spectral_revision/units/74BD615AF1FADFF9EB4A/fit.json,706351E13AAEB37A4717D52B1EC27C562034A24A33F34C2AEED1D9EE23A01E90,parameter-only receipt; omit optimizer history and elapsed time
units/758EE0C49DF4B86AB0C0.json,4179,274797892C8E78B757DFA0284E1983FAE683587A9AB2C61F3BB7C1FB9CF61B6C,output/spectral_revision_phase_comparison/units/758EE0C49DF4B86AB0C0/fit.json,262457B272C1E2018A73B685B7550240655A5DC13F0F81E9447857C5C8DE91E9,parameter-only receipt; omit optimizer history and elapsed time
units/77A5ABD10C459A46AC7D.json,4046,7DC8CC19E46BA43793173A6629AC083BF49DC5E18E49F8A8117C2D285A09F3B3,output/spectral_revision/units/77A5ABD10C459A46AC7D/fit.json,50C5005CD284DB1CA4491CF76B251AA5253B72713E3C60A566E73CBAD257D2AA,parameter-only receipt; omit optimizer history and elapsed time
units/78B242040D735A2A2B65.json,4209,207AB73AA8E9FA2B0CB386BD6BBF47475555F9517FBD413365B027D97445F62F,output/spectral_revision_phase_comparison/units/78B242040D735A2A2B65/fit.json,A472590E76916194B714E1CF57D2A754EF797CABF755BB51FE2F9BB9DA76F217,parameter-only receipt; omit optimizer history and elapsed time
units/79991CE4B177F919421B.json,5199,C009802BB3EBF0C84F08A4A4EE6591E81D0A03FE0156A6A4FCF2321B10242486,output/spectral_revision/units/79991CE4B177F919421B/fit.json,46AF2C4AACF7532A81FFDCB93CC17EC1719DAB2EAC8FA229971235CA07A52135,parameter-only receipt; omit optimizer history and elapsed time
units/7B1A7BBA4B11062AE77D.json,6135,6183A38C981F91B8F267933D1E3CFE17199AC145F2488ACFDF6FA8B593526D64,output/spectral_revision/units/7B1A7BBA4B11062AE77D/fit.json,CBE0254FA788224018C93C6517285271D5C8C7A10059EC5852A737430D1AE304,parameter-only receipt; omit optimizer history and elapsed time
units/7FA485F1B1D2F442E3E0.json,6151,23CCE6ACD72CD9C6E41559052BB4FA0454F4B47CF265960338BD5307B5230938,output/spectral_revision/units/7FA485F1B1D2F442E3E0/fit.json,3FBCED05312BC09F2B3A934C64F654DADB778C66A3B3496DFA58D694083CB585,parameter-only receipt; omit optimizer history and elapsed time
units/8069BC9CEE20ED8A58B2.json,3957,C41CC7D26DA725E3598B5438BAC1F7AB4C343E295A86E36E60EE1FF57062EFF9,output/spectral_revision/units/8069BC9CEE20ED8A58B2/fit.json,82E74FD3465FA187FF0CDF84F4A93BDBCE9477F087D55C3435E083030AF50152,parameter-only receipt; omit optimizer history and elapsed time
units/814CDC71D9ED3529B193.json,5253,E64E6B8092E41D1C6CEA2073DC5FCCBAC69BDF09E0ED21F59FED9B760BB11C46,output/spectral_revision_phase_comparison/units/814CDC71D9ED3529B193/fit.json,15ECE196874561C4357426D5DFF6B45D783490CBDABD8B04AF0D77A9B61532D2,parameter-only receipt; omit optimizer history and elapsed time
units/81B2000F8D1ADBF35C96.json,6192,14D895A076EED3AE16D087ED9FBA1F5F40BF7A354A80F06958BC199698F67EA1,output/spectral_revision/units/81B2000F8D1ADBF35C96/fit.json,FFFBECC7B5147C4F92CA5DC13873D84EB5964F82FFB3381EBBDCB66BA1345E74,parameter-only receipt; omit optimizer history and elapsed time
units/8212FB25180387DF60FB.json,6127,504E0729EE645180B8A12B549EB7C90CC96A432B3CAB5EADAB1460D8BAF0FF9F,output/spectral_revision/units/8212FB25180387DF60FB/fit.json,7A3DEE3206BAE0FE5E73F560DE7FDC8EAE1A057249D8253041121E4B62EC27D0,parameter-only receipt; omit optimizer history and elapsed time
units/821C0F28F834B1AFA821.json,6077,F9EAB1663D9F75A8394289A124726C352C058064D939E25254819FCE394F2921,output/spectral_revision/units/821C0F28F834B1AFA821/fit.json,3F530C34B0E9947DB7E266BE31921B86BA40BEB98F29BD9EE8AD5F553D690269,parameter-only receipt; omit optimizer history and elapsed time
units/84DB72624463366D2C82.json,6164,3A6F9BDEBCF2D593D20EACA5DA5943245413ED63FED3D324B579F01802DD0345,output/spectral_revision/units/84DB72624463366D2C82/fit.json,0EBE8009309F06A887D0CDA42D8FA1E679654A48A47BF012ADA819E71FD65E62,parameter-only receipt; omit optimizer history and elapsed time
units/851633A2B8E721C7A982.json,6058,6198E0B28A27B5B5CD3FBCA1B3C07F6604E07F51DFB90BC7C288586A05B6583B,output/spectral_revision/units/851633A2B8E721C7A982/fit.json,35357F383D74D71758DA2ACC30F89D2DBB5F90A1E862558DAA3A72025ED4E793,parameter-only receipt; omit optimizer history and elapsed time
units/8638FA4A48C74C9C2856.json,4109,4DF5395C43D611C699AA288C6E897C895F38CB319AE0B15A00CDA4CE08D48597,output/spectral_revision_phase_comparison/units/8638FA4A48C74C9C2856/fit.json,644A3CABD2DA973FB2CFCD03737B34D1231E69966C7AE847168A3ABF8F9F8E0B,parameter-only receipt; omit optimizer history and elapsed time
units/865B5F1B3B9488FE7CD2.json,6116,569E8B07B84F13190FDA61DEEC4D7898834FDC2AF89369A13F34F1EE7C816AF2,output/spectral_revision/units/865B5F1B3B9488FE7CD2/fit.json,9CC1A4DD2B9759100B972A5C9F5CEECF5FA28D44417E4164ECAED4C78F7E4054,parameter-only receipt; omit optimizer history and elapsed time
units/868D4769B8560AC6D98C.json,3749,A3C3F3FB913BEBBBF51F16C142FEF80319D86B0F1C5ED85FE702C7A705E1897B,output/spectral_revision_phase_comparison/units/868D4769B8560AC6D98C/fit.json,CBA5DAA0B23C45559715F9A571A6C9B0EED1DD10440F6946A922F7E37D1EADCC,parameter-only receipt; omit optimizer history and elapsed time
units/87604D68B50DBDD35D2F.json,6115,38F64CD1856BC2296343637C179765637372466043A8C95A83F6E61BC8E85B73,output/spectral_revision/units/87604D68B50DBDD35D2F/fit.json,DCA36C657FAF3CC07687FB7F15A326F6553066BC3C748C0C68B751B3F51F2D8D,parameter-only receipt; omit optimizer history and elapsed time
units/88A32A64820ABCD41815.json,6058,755646BB4171B21F9309AEB01A02F5196D279DB04F26C7EABB19A3FF60CDA6F0,output/spectral_revision/units/88A32A64820ABCD41815/fit.json,2BF0263E981467DC018438DA80681745324610CEFC2830DEE30DA25B90338866,parameter-only receipt; omit optimizer history and elapsed time
units/896BCFCD257592EFF5D9.json,4195,796BC9DAF34CCDF121312D5A9860D1BE804688F4C22BB81F0FAB834D27B2EA84,output/spectral_revision_phase_comparison/units/896BCFCD257592EFF5D9/fit.json,2DCCA3459819FE4FA422BEC981C300285BD7AF3A9695988449DC6E88C269FA24,parameter-only receipt; omit optimizer history and elapsed time
units/8A00DACE03DB7A344DC4.json,3750,637D7505EA1FAF3B6302FEB34A43851AC5BD483353A15090879DC8F5B38E74FD,output/spectral_revision_phase_comparison/units/8A00DACE03DB7A344DC4/fit.json,C8DFE54268235D3823CAA614D856671DEC5159E42078AA1C31DC8D0F8547FA56,parameter-only receipt; omit optimizer history and elapsed time
units/8A9A0A97C38DDD2B8AF7.json,3761,A0A71E53245DD03A0432764CD2BF6979DDE29BAC383AE8444E90E91E47905FF3,output/spectral_revision/units/8A9A0A97C38DDD2B8AF7/fit.json,147FA09B7996F66CAA4237D5A5E993922F16741EF926EC0D308ECE28269C044E,parameter-only receipt; omit optimizer history and elapsed time
units/8AEDA4156EA92710E86E.json,6007,D54352E07EAE573C177460CBA8F8D8FF84D97AC15B4710E7B754A57CF9EA1B45,output/spectral_revision/units/8AEDA4156EA92710E86E/fit.json,17299FA8763CF2E78E10CCEDE19C08E8C5505FAEDC008ED8ECB616FC7F0335C4,parameter-only receipt; omit optimizer history and elapsed time
units/8B7858971434C47973CA.json,3796,444F55DE2CB049E4232D19AA40563D5BEA33082C5D27D90E4BBF40A28E2BB673,output/spectral_revision/units/8B7858971434C47973CA/fit.json,0C175873052372AD80CA83C2038FE216949F5FED2B867F5609690E40DFE8396A,parameter-only receipt; omit optimizer history and elapsed time
units/8DED4491F10281DF7C6D.json,3698,9FBEDFE064A8D89DF6183C95664961C966133E2BDBD9824ECAC42D9DC769799C,output/spectral_revision/units/8DED4491F10281DF7C6D/fit.json,253538CAAA8B7EE535632676DB2EF87D1F7448C5940ADDDF4A65BF1CFCEF7832,parameter-only receipt; omit optimizer history and elapsed time
units/918996C42FAB367F8735.json,6117,FFCCBD1388BE3ED42DB6B44578D2479FB6A29BEED62891FF22978D1BC95B8468,output/spectral_revision/units/918996C42FAB367F8735/fit.json,EDBB35B973F5AAC0BD7E4FA299D3142540A85FC8A8A6DE525889477E9471E50F,parameter-only receipt; omit optimizer history and elapsed time
units/91E32542C396D06A2E9F.json,4087,14D05E1BEB3F33B8214EC5C59A40D4C41F958615FA4A62747BB2F8278397C791,output/spectral_revision_phase_comparison/units/91E32542C396D06A2E9F/fit.json,AE4CDC83C0B9707E1DC090D62530E2EF2FAB58349F3FF240F28663F6A0A10D8A,parameter-only receipt; omit optimizer history and elapsed time
units/923C1422E87B93B0732A.json,6077,10BD8BAF4043646B164BAC1EFCA4E28C39C2F0D5909AB9E08AC39903DB6CBBFF,output/spectral_revision/units/923C1422E87B93B0732A/fit.json,D5B1DCDFA0F25DC2C8AA48C97235FA0C581037866CEBF3179375D10747375284,parameter-only receipt; omit optimizer history and elapsed time
units/928A57EAA870557887D2.json,6066,D1133AA0236B9E038CBD12657DAB9120986EEEEBE252DCE39457E6917DD05850,output/spectral_revision/units/928A57EAA870557887D2/fit.json,14C2F49B1979234255CC2EFF45FB09E0DE1BECF0522A0863B9AD6D68F451F6DE,parameter-only receipt; omit optimizer history and elapsed time
units/929488CECAE7CC4BE47D.json,6161,D0B15F8104811018B6BD91DF8B418FE9E2EE6F6880D98C40ACDB88D397DD6C56,output/spectral_revision/units/929488CECAE7CC4BE47D/fit.json,4AE6AF967F9C0000D69DE91F0E0FAF531F2D6674C40E057F9CEAF9054931F996,parameter-only receipt; omit optimizer history and elapsed time
units/9544C2CA564BAFB5411B.json,6183,CB5AC6C8365600818594DE65037454D8FF528C823AB8996851BA4D3C49B1EF4F,output/spectral_revision/units/9544C2CA564BAFB5411B/fit.json,21615D33AB6FDFDCF187F8A4F21150D16E2274CA2AC4AA463E65E330EFDDA935,parameter-only receipt; omit optimizer history and elapsed time
units/96502AB866A49CA9471F.json,6212,5E8B8693B7520F7650CFD1DAD0C89842F00E6C5E8A7277B2E73A9FD7B77B3291,output/spectral_revision/units/96502AB866A49CA9471F/fit.json,75F0BADBD75BBDE59A73D23157C134C5A9674D3EA504010E04E8765D95822216,parameter-only receipt; omit optimizer history and elapsed time
units/9859394D3843CBD00224.json,6191,F1BBA09973E99B649C4641FA67431531EDA62D54EFD6951E9AB4E3961F7C540F,output/spectral_revision/units/9859394D3843CBD00224/fit.json,DB5FA79E89CABDA6D92A3266E64FCB52946BE498EFB158D802C9CEA3BA122D19,parameter-only receipt; omit optimizer history and elapsed time
units/99556E3DAB172A8556F3.json,4079,BE3CDBE3D8BCB3BF546C52B46BE0D7A5578B147C94BF1B2FCC8323855224EBEE,output/spectral_revision_phase_comparison/units/99556E3DAB172A8556F3/fit.json,B8FDA04182BFEBE43AA45ED04151CE9B51C98E9B7427B9600268ED0593C7EEE1,parameter-only receipt; omit optimizer history and elapsed time
units/9A2E70EF2CC172FBD822.json,6128,9C2E224034EB3362EA41B7360C839398A59F00C6F94AC56297E2FD4DD7706F81,output/spectral_revision/units/9A2E70EF2CC172FBD822/fit.json,0C9BCC3BA0BF58F5F9B11661C36ECF9CF4BCD3E57866E7927991D329780B90AE,parameter-only receipt; omit optimizer history and elapsed time
units/9EEAA5949A872A6A0E46.json,6160,D964BF22F6B295FA2ED9B5C8417F45C27695B7A3D2C91E14BAFD872451C50D1E,output/spectral_revision/units/9EEAA5949A872A6A0E46/fit.json,4CBE1C63443A378EE4378AE0C72488E7A3F4E690EFE31628AB80C6F15D674B71,parameter-only receipt; omit optimizer history and elapsed time
units/9F56E16BD50D0530792D.json,6166,49B9642747C32FC07C656C714B89715D2787698A5C41580770448A2F457E641D,output/spectral_revision/units/9F56E16BD50D0530792D/fit.json,A0647C213BF3C37810E806BD0A8CABD08D995A88A820CE40D422A22ABCB58535,parameter-only receipt; omit optimizer history and elapsed time
units/9FB53748A9A157E48672.json,5088,EE23CB9447F4ED58DF0507E5C33E65D6969AEE6D1158DF4D6C67A370833FCE31,output/spectral_revision/units/9FB53748A9A157E48672/fit.json,08D0C9F88474D4E5A26C191A401C6F590607BE91910576D9374AB61F4237B3D4,parameter-only receipt; omit optimizer history and elapsed time
units/A20B861D2909990725F5.json,4081,C2B0D2F93943610879A981728AFA0A9B8C8F4594CAD70A470376244388C9E355,output/spectral_revision/units/A20B861D2909990725F5/fit.json,291AE6E574FF7B91A77DE0337B354229CB9E1D8B284F2ECD2BFE3273B8D75933,parameter-only receipt; omit optimizer history and elapsed time
units/A499C9AAB59CC104A72E.json,3701,A28AED152F79021133853C6ED00CA7116861F15233450ED7328FCB3B00EC1D60,output/spectral_revision_phase_comparison/units/A499C9AAB59CC104A72E/fit.json,E8D77356FC458E6D75C229E0DD8AC79924D6A8D356F0B7B590D9EC161CBE0721,parameter-only receipt; omit optimizer history and elapsed time
units/A518619BF59A8869B8CB.json,6192,0B257B484E0AF5BF2EC809685A6BA095033CDBC2DF3F744B6EF248633478D479,output/spectral_revision/units/A518619BF59A8869B8CB/fit.json,7CC2E92FED2F21A2FAF18B3D8BC06663665F557DF58F42DC64D42BE5CB145AFF,parameter-only receipt; omit optimizer history and elapsed time
units/A604E4445891011D6D60.json,3699,73CE55A2F15182A55473275BF94F202DA83DD5723D592641F3C3171F3B46CFD1,output/spectral_revision/units/A604E4445891011D6D60/fit.json,50048DEF04A3073DCC0989FB532969C8FF43BAB2FF3BC0B3CFA62107F35AF822,parameter-only receipt; omit optimizer history and elapsed time
units/A6F6C7ECC1B3304BCBE0.json,6039,4DE82DF93846CA52414D90CD7D0955EB9C46523B7EE46A6ABA798BA0879AFF6C,output/spectral_revision/units/A6F6C7ECC1B3304BCBE0/fit.json,5991D2C6B0E9836E1BBB0FFF6A9DC2F0CEC471FFCFF265FCE466DA02D22BFDE3,parameter-only receipt; omit optimizer history and elapsed time
units/A7479A826D8D55053048.json,6180,F55D010CC155F5E565513689CB2A6AEDA71F6169617B3C818EBF37930F90A6F0,output/spectral_revision/units/A7479A826D8D55053048/fit.json,18ACF6741D1D48E6218E1B8F064F60F1A21C5FCD99FF96DBB872F243ED2F509C,parameter-only receipt; omit optimizer history and elapsed time
units/AA518AE1E381B89AB346.json,6047,FE5D44D3FBD9C2009CE35B1CB9943E92CEEE5DD4F1654B249DDBCE625A4122EC,output/spectral_revision_phase_comparison/units/AA518AE1E381B89AB346/fit.json,C6613B54BA2D69804FE0F8778FF107F905105AADFDCF2E378AD1BD9776937B78,parameter-only receipt; omit optimizer history and elapsed time
units/AAB30F6F91ED6EA0DB1D.json,6199,7A0979C7383DC28E7477EB700E2DC9F768920639488280A08C401773BDF9DB4F,output/spectral_revision/units/AAB30F6F91ED6EA0DB1D/fit.json,D33E1175BDC2583DFBA2BEA852667F88F2C35970654C35532702EE71E8AD0E75,parameter-only receipt; omit optimizer history and elapsed time
units/AD083260E26FE30A4AD3.json,6124,1943B9D194A2AF0F78D8B31AA7D0B02757C9542AD0F99E847E9D13A1675E9142,output/spectral_revision/units/AD083260E26FE30A4AD3/fit.json,20EBC2F5B007F6389F6BA80C09AEF0D6F0F13FAE993FACC2A8A526F2A2490C85,parameter-only receipt; omit optimizer history and elapsed time
units/AE84E92B8E70B8E96AAB.json,6148,0BD094386B7F76787B7504FA4EE532F7E776E033FAC281AB16CD6F6D18DA7899,output/spectral_revision_phase_comparison/units/AE84E92B8E70B8E96AAB/fit.json,BD063EE3C22B8B4B390BDCFB63F435B5F170CB94CF0273E39256BC64302C396F,parameter-only receipt; omit optimizer history and elapsed time
units/B00F1C7A5E515E721C12.json,6155,EC8C91A2C3B2045431F3CA843C6C9C0512D7D1150878120F4EFC123700C69D6B,output/spectral_revision/units/B00F1C7A5E515E721C12/fit.json,1B1A432F8945093BBD20CFCC9BA7ED84D76A3A6C3C46FA5BBAF3282E93068B0A,parameter-only receipt; omit optimizer history and elapsed time
units/B08716CAD7750AE1DF8D.json,6244,0B277098E38B0CBD11C657C6A78C72DE59C524F07ADAFA73DA734CA567FCA8C0,output/spectral_revision/units/B08716CAD7750AE1DF8D/fit.json,CE2F38B18B6AC7E01E3B967606C2C821B39C231B5D085031C7A82FB20EF3E4EE,parameter-only receipt; omit optimizer history and elapsed time
units/B121E81D729592C5C76C.json,6089,9817C1C70E0E227B572A13F195A58E90B745A5B5F16BC12C35CE7F823C11495F,output/spectral_revision/units/B121E81D729592C5C76C/fit.json,EF3D421595D71261909187A2ACFCE8D6F27F05FD41741823866AD7663ECC55BA,parameter-only receipt; omit optimizer history and elapsed time
units/B46B2C76B673242788A3.json,3700,A57816CC6FBBB3CE4BCB31A008A78CE3C4F638FECD0186529926CE68C850C2CE,output/spectral_revision/units/B46B2C76B673242788A3/fit.json,0F6F4C6E07991C322637D96DAA1C1983EDD18B10B5D854ECBB602091814FC477,parameter-only receipt; omit optimizer history and elapsed time
units/B4A084590144B4620DA6.json,3974,1690046D99544E56628EA25AF428EFD1FCDC83E55D1BE51FADA0E05646E82B48,output/spectral_revision_phase_comparison/units/B4A084590144B4620DA6/fit.json,80A6CDF1C30EF39B0FC633908BA1DA2CCDBCCFD7A695B5384110F6D12B2BD5B2,parameter-only receipt; omit optimizer history and elapsed time
units/B4EFF05425B3CD04CBD1.json,6187,B7FF3340719361D731D1D5CDCB503E9440E7FB547BEC2A724266E369716750EC,output/spectral_revision/units/B4EFF05425B3CD04CBD1/fit.json,5DDA1AC6DD5CF88E5A5547D632B41F569316B66E4842F0545B64B5F5C686BA9B,parameter-only receipt; omit optimizer history and elapsed time
units/B5B7CC46B1331B991248.json,6050,29B3375965039F8928982DBD2306FE8655E7FCA937456B8B706ECD171A7150F1,output/spectral_revision/units/B5B7CC46B1331B991248/fit.json,CDF6EE206C65FA418A902C79EDDB99C62452C93D99C7EC39775537FB1B808B4B,parameter-only receipt; omit optimizer history and elapsed time
units/B7705241101619138EE9.json,6093,EC38024724CD7378CBB7C66985B5467B112A632CCBD45D164071BEF319D78031,output/spectral_revision/units/B7705241101619138EE9/fit.json,97653EBEF28A62742486CD94F5C21223D752F2924B2D7493381A4340767DEF6F,parameter-only receipt; omit optimizer history and elapsed time
units/B7D55D782760D1FB9D7F.json,6072,D54EE168AA66AF29FEEDF358CFA8BB12A33B75AD1A5B308DE24E3AFEB259C899,output/spectral_revision/units/B7D55D782760D1FB9D7F/fit.json,1122B7C11F410F6879727487A1EAB6CA4C6213893C21E4728543AE003A5533F2,parameter-only receipt; omit optimizer history and elapsed time
units/BB3AD280450245F6EEAB.json,6635,435FAAD31437A869A7E34061CA4B2513E53BE5305F2669C375DD3041DDF72E84,output/spectral_revision/units/BB3AD280450245F6EEAB/fit.json,5064E227CF532892D83E921CDC05BD4E20A2EE6085591D3AD1BCEE2C0837FF74,parameter-only receipt; omit optimizer history and elapsed time
units/BE19FA0526725C81CB64.json,6051,3895EEC1F343499161ACFE939F653D32F7D07926F7970C531A331F778ABCE29F,output/spectral_revision/units/BE19FA0526725C81CB64/fit.json,41FFE25AEA8F1AD55AFC003A2B0518B91A601A080B7DED39307519527776F0A9,parameter-only receipt; omit optimizer history and elapsed time
units/C0427D080F4A1EC335D7.json,6095,19F803159EA5351280BEE9F55070AC573BDBB0B2ECF431012B876FDD25C47198,output/spectral_revision/units/C0427D080F4A1EC335D7/fit.json,978C019C35D8BC6C341928CAAA8614CCEE98150D911B2DAB15BAB6B4F6B2D1C6,parameter-only receipt; omit optimizer history and elapsed time
units/C2A497487FB96D034D2C.json,6151,42E58BDAE718BF9616B8CD3181B0D8C1585B561E4820DD52449E84C0EA8477B0,output/spectral_revision/units/C2A497487FB96D034D2C/fit.json,4C3975BF63272F23D858168A596E6C7C94C22B56966F01FED2121CD867917716,parameter-only receipt; omit optimizer history and elapsed time
units/C435522DFBDCAE9A1701.json,6156,63274F51BDD1479F77522A2CAFF8CB86ADCADA6BC73E71B78A379F2B3C2C3288,output/spectral_revision_phase_comparison/units/C435522DFBDCAE9A1701/fit.json,6DFF8DA64AD0FF3E8D5123CCBFD2FBC6BA57746D22C804D2FE8C5EE563A56CA1,parameter-only receipt; omit optimizer history and elapsed time
units/C44C60BE98FCA4650051.json,6112,CEDA26AE1062D976E762E4F7262D9773796502051A0DE2F5DE4083EAB9565287,output/spectral_revision/units/C44C60BE98FCA4650051/fit.json,1B8946A7736331A7077144D5FD661FB464AC897B916C9FE8D79896EEDB9D2356,parameter-only receipt; omit optimizer history and elapsed time
units/C458727A5085D19A1A49.json,6197,424DD8790EA671CF143D4D716ED43F17320BDCC942125F1E2097CECC4AA2F9E4,output/spectral_revision/units/C458727A5085D19A1A49/fit.json,72C2BB22504CB47126B1BAE380CCD9159A782AEE02C07AD17C7A88C8E3AFD4B2,parameter-only receipt; omit optimizer history and elapsed time
units/C4F7275AFDDD34925FCE.json,6109,00B37A4B4748458DD39757C267A8480535B01E54A08ED19CA9C6446BAF052049,output/spectral_revision_phase_comparison/units/C4F7275AFDDD34925FCE/fit.json,2D4E87F027FA28F3881ABA51665AEE58ECE1E18EBEEF24C102F6E162A0B618ED,parameter-only receipt; omit optimizer history and elapsed time
units/C52209D6FD655A9BE8AF.json,4134,D12A60BF6CEAA004937ACF5CABF8591C3E4274B2BC357D90B66B17DF3A86F042,output/spectral_revision/units/C52209D6FD655A9BE8AF/fit.json,56B8E9E16EF65AEB60C8253C82FE807B82303D57D2112E2246FDE2F93F5252CE,parameter-only receipt; omit optimizer history and elapsed time
units/C62F6F9E8A83B70CAE48.json,6154,B8025F263CC0725007C98EF1478FEADA2D94E806F2A5B7EB03BE3770FB1A23E4,output/spectral_revision/units/C62F6F9E8A83B70CAE48/fit.json,861DB78B3420F24AF465D1F81AC4F6ADB0288CAE7D6D303434EDFA98FB2B388E,parameter-only receipt; omit optimizer history and elapsed time
units/CABD8B551811A78578B0.json,6187,C46DB7ABCA8A44E75AB218FE6FDFFD07AFDC690404FD2E22E3C191D8BAD4D664,output/spectral_revision/units/CABD8B551811A78578B0/fit.json,0F0376FC3FD3C132A2E47386BD438D17AC7F89E74BC956EEA3F0C87B8FEC7911,parameter-only receipt; omit optimizer history and elapsed time
units/CD4300D33AD08C3AC17C.json,6166,B89C583FDE7F09BCDE881F98F43CD52AC1CA932ED69AA7D54BACB9E723FC8346,output/spectral_revision/units/CD4300D33AD08C3AC17C/fit.json,C2D04F21A3463C5BBAC37CD159C4F6BFDFEA27CA6129090E0B7096203FA11CBF,parameter-only receipt; omit optimizer history and elapsed time
units/CD8C2AB29BE25B59E32E.json,6198,E9F190F81CEC78DF8D9E7E71DE7D0B984E9FF0A145E4A741FD68013DB6C0DFF3,output/spectral_revision/units/CD8C2AB29BE25B59E32E/fit.json,3FF7B13D595E75DC3A0FEA502CEF81887A275AEEBA2304BCFD1BCE9591E569AD,parameter-only receipt; omit optimizer history and elapsed time
units/CE22C85127D16D6C08BC.json,6083,1F451D7895D8AE538D2E7A537FC2AFF55792C3736AB436A8668EB2875C5E7920,output/spectral_revision/units/CE22C85127D16D6C08BC/fit.json,C6F0B0AD943D373CE5F5559C2DA239B2311D50674E352ADC2C882A9B1408695B,parameter-only receipt; omit optimizer history and elapsed time
units/D2EDEE938DE0A856DC7F.json,6148,7B154670C38983318C97ABB5055FB17E680E4D9F3E44DAA5D81A798EDB3D86F8,output/spectral_revision/units/D2EDEE938DE0A856DC7F/fit.json,E3CF36590A71C91E7DDB2E2C3C5D1780C9C5DD007F093EE0FB6B55CCA66D9D25,parameter-only receipt; omit optimizer history and elapsed time
units/D2F9B8085DD75017F67C.json,6148,A2489B57DB1917398D99DD5DCFF650DD3DA4649BA07D3C8D8E240524D235C356,output/spectral_revision/units/D2F9B8085DD75017F67C/fit.json,86BC9812E2490D5975D15816A8FA824163C1080506B0368052006DDD408554D9,parameter-only receipt; omit optimizer history and elapsed time
units/D3752CEFF5BF39D1AA8D.json,3662,E34B9C2B5984DD0BE532193ACD86DC17D8D84D010B4FF7F2473AA2E34013371E,output/spectral_revision_phase_comparison/units/D3752CEFF5BF39D1AA8D/fit.json,A03DEA5A7B76F44319E15D0F24106448B447BBD228FBDB805B8CE01144EB6642,parameter-only receipt; omit optimizer history and elapsed time
units/D3F777E7E8414C2A909D.json,6062,8EC61BF1799F52F111BE0C401AFD56DEC6ABDD2C51FE1CD5470BFE9168D7BDAA,output/spectral_revision/units/D3F777E7E8414C2A909D/fit.json,9AADBF8F4D2DC5D1F6B1BDA34A9907101D5D1B38BADDC3935B6BF4C1BACC48AC,parameter-only receipt; omit optimizer history and elapsed time
units/D3FD966866AC4B23E686.json,8067,BED99725ECD0FCFDD673B59BF2F9CE4D3DB8D5F2CE70D3863886B0FA3EBD773A,output/spectral_revision/units/D3FD966866AC4B23E686/fit.json,823BAA276BF48F35AC8896352BC0E3C3A9B7708D3739D2AA178E82666E5C29D6,parameter-only receipt; omit optimizer history and elapsed time
units/D64263A6A3D98C20BE42.json,6160,3BCF29A3D69600BC68E12779ABF47E482871CADA0D2C8887F1ABBDCA64CE0649,output/spectral_revision/units/D64263A6A3D98C20BE42/fit.json,F01FC61E567643F1587A84A0BF96EFE24BA79A74A2F7D13CA1261C4280659BC7,parameter-only receipt; omit optimizer history and elapsed time
units/D735369AC3EB9F8CDB8C.json,4072,6BF9BF48A06AD0ACE72CCB1D1F95A0A0008DCA145617AB1D2CF97854A5C347A5,output/spectral_revision/units/D735369AC3EB9F8CDB8C/fit.json,63FEA1CD6DFCBB5AAF5054926C5B60FA962A55601645A62492D5FFCAC9872EA3,parameter-only receipt; omit optimizer history and elapsed time
units/D995BA1CE9ED55E20E64.json,6095,C78DDEFD58F2FC5076438A806D7849B010762A1E2428D42E04D29080F17B4F52,output/spectral_revision/units/D995BA1CE9ED55E20E64/fit.json,A34A0813D11FC5984254D86C5D552C8F785B5F8DB947D0CBD341DD18BA4F7B01,parameter-only receipt; omit optimizer history and elapsed time
units/D9EC5F1BB05B31288E68.json,6034,026568ACEB30D4CD518084D4649DC68F37ADB128AF4BBFAD3C6D26AB8CBDEE84,output/spectral_revision/units/D9EC5F1BB05B31288E68/fit.json,D29DC9CAF2483EC83D5E9519DB23B3809942C08E81A066787581ACFA8BEA72CB,parameter-only receipt; omit optimizer history and elapsed time
units/DA8ABF6CF94FEBDAB028.json,4031,1424A190AA62CE20F8F4098ECC3EAE4039323DA2E036186ED6A1B83FE110D428,output/spectral_revision/units/DA8ABF6CF94FEBDAB028/fit.json,307B4599DF3490DB9AF9B2019382A981123D0EAEC944C42D4267B46F655614D6,parameter-only receipt; omit optimizer history and elapsed time
units/DBDBFA00236B8CC13424.json,6688,453EE4A2C51E8AEF9DFCEA684518045425D2FF1D1BAD3CB522CDA026C1C6E919,output/spectral_revision/units/DBDBFA00236B8CC13424/fit.json,456F13ED1CEB4873387B5F4F1EB8B4378E452D4864AFB98ADF8752E8A51D9704,parameter-only receipt; omit optimizer history and elapsed time
units/DC1E96CC9F5D3D93D1B2.json,6185,171EF0B6119863E30103AB1DA572491A0901B70D7F7E3D884664120CEBE3D5AE,output/spectral_revision/units/DC1E96CC9F5D3D93D1B2/fit.json,C9F8CF45DC60F50A522F9102629B0E4A03E2660CD1A6B0BCFFF5B4FDE740C24E,parameter-only receipt; omit optimizer history and elapsed time
units/DC3D36ECEEE0DD4FC89B.json,6151,B92CBEC9C573DD874FBC9D459C85FAEC539F457A21A385CE70B125CED0B5D2DE,output/spectral_revision/units/DC3D36ECEEE0DD4FC89B/fit.json,C338A5C1E09BA5701F54DC912D9566AE4C3B3E7D59C099550F492DED39CB3313,parameter-only receipt; omit optimizer history and elapsed time
units/DD95A7E1A74703836BCC.json,6140,3A5AEF32EF4A5365F65159ECE55D7ABA62CCE0A703DF7BD5D879391BADC0F629,output/spectral_revision/units/DD95A7E1A74703836BCC/fit.json,91E2A0E6DF7F6CD8BD703F8A3D21F91BAC2DF0F7D956209657A83DB4C78267C8,parameter-only receipt; omit optimizer history and elapsed time
units/DEF4FF4C1073BAD4AEA1.json,6048,89959F0FBE33CF234DC4385AED3EE78F67C35E6E676E7E1255A76969B83B4EC9,output/spectral_revision_phase_comparison/units/DEF4FF4C1073BAD4AEA1/fit.json,DF5A0A0159A25794581EDFCB1FA1E8B0889BB1E9A64EDA6387CFB9A29C9241ED,parameter-only receipt; omit optimizer history and elapsed time
units/DF2F0AE5DF38E452CB32.json,8054,584BA7A86C98F4728054AB4A5A60E3374F3EC43E4EFBB4999828D29A5920BB1D,output/spectral_revision/units/DF2F0AE5DF38E452CB32/fit.json,865EACC2804909770653230C2910263E01FDAB8238B4088E4F546CE15E8BD72A,parameter-only receipt; omit optimizer history and elapsed time
units/DFE6C5E307714677393F.json,6203,884C0BE284005E7D576928896520D9FB29E23C9905439AC0F91DC589A2E67001,output/spectral_revision_phase_comparison/units/DFE6C5E307714677393F/fit.json,532BE68F1E588780451D315F3E739AF55612664FB8CED257CDA15DFFD1C09B42,parameter-only receipt; omit optimizer history and elapsed time
units/E5FEA4B075545D2BE29D.json,6048,1D39A900CF38BA23D45AB7BE2E05267C48327342748AF615F7AF58AF75F84175,output/spectral_revision_phase_comparison/units/E5FEA4B075545D2BE29D/fit.json,DF8B5FB5F0C2D2C76AACF4EF8DA3F2A441CDCF4187C7815E980E01435AD70995,parameter-only receipt; omit optimizer history and elapsed time
units/EC4C274215854E543967.json,6129,8C7283569296B70CCC1E9C49ED0F2060486117CF7DE8C818F0FCEA58CB7EAA43,output/spectral_revision/units/EC4C274215854E543967/fit.json,0F850273BD39A2B7926D3500E1448A978DE0F5542D0AD3BF8697DD904951A3E5,parameter-only receipt; omit optimizer history and elapsed time
units/EC9CC98625A002C32625.json,4041,843FC823D7C307813CA89090A9FFB0A553182BC8B4D79A38BD5A8AA5EC711ED3,output/spectral_revision/units/EC9CC98625A002C32625/fit.json,E597E3024FCAE8DF25299F64A6E688419CEF901FF3E6C36D276E5C860D7B5875,parameter-only receipt; omit optimizer history and elapsed time
units/EDA1F8B4257CF2AF70B1.json,6102,DA90B01C7FB5A5BF14FF764F44EC746210A33BEB899380F237632B2A7D198E1F,output/spectral_revision/units/EDA1F8B4257CF2AF70B1/fit.json,95FCDCF9CE5168566415FC7776DC904BAE4ED870455723EE7BF414AED0A9F343,parameter-only receipt; omit optimizer history and elapsed time
units/EE7B9D3676A2B6087289.json,6202,0C1DD3AEC2881D933B4515D8E01CC18AEEA934BB23F73FECD6C00BE1BFB17A18,output/spectral_revision/units/EE7B9D3676A2B6087289/fit.json,FA1758F3D8EF3519869C55DCDF0E0904B054A589BF2C6A4979FEC72B15588F69,parameter-only receipt; omit optimizer history and elapsed time
units/EF41E09D967B433A0CA7.json,3722,9B2ACB9DD220D7354909DCCF8E0061629D911A0BDC9B2AD6BF856E8B8787F8C1,output/spectral_revision/units/EF41E09D967B433A0CA7/fit.json,80C0A9D0F380D7264F804AEE4D2CEB1E0A8808F196BB55E575714EDE35DBA704,parameter-only receipt; omit optimizer history and elapsed time
units/F1E6F305C6662D4AB7E8.json,4062,A8164650B7F435ECC34EF713327C6D8153DE6CDA43FD5CFF2756CF962C0E60CC,output/spectral_revision_phase_comparison/units/F1E6F305C6662D4AB7E8/fit.json,60BDFA1096C25A0D952610B6B209F7FC373E28F84295247A465A87730E71715F,parameter-only receipt; omit optimizer history and elapsed time
units/F32C738CB620582B25F7.json,6134,A4DD11DE4B22B3FBC9D19C9E98E6A14D2709C52FF32DDF3D411E1079A5922CD8,output/spectral_revision/units/F32C738CB620582B25F7/fit.json,42EA52EF7438A796FF260FCD0D5768B3D923139211DEDDFEAFC198BF3E022193,parameter-only receipt; omit optimizer history and elapsed time
units/F59CBC74D25B52D512FD.json,3813,42141AC37A2B86E5BCCEC76414B4586F97A0C6C5A4BEECD30A6749B4AD5A499D,output/spectral_revision_phase_comparison/units/F59CBC74D25B52D512FD/fit.json,53DEC1345142DAF52B3D5D8A8CA83DE57F3311000B65DACEE032EFFD734BC982,parameter-only receipt; omit optimizer history and elapsed time
units/F61FB80787184B51384E.json,6193,86B38201EDC5DB7AEDB775FA6F7EB19A24C670B2A20AAFE9D1284EC54704104C,output/spectral_revision/units/F61FB80787184B51384E/fit.json,75534C5BE82127B40CB963C165B529AE6F7134AD5B445D9D0A94BEF31F5E02DA,parameter-only receipt; omit optimizer history and elapsed time
units/F6C91FF8090A965B6004.json,6061,6688CF9AF7C2FF2CD901785FCE189425EFDF8099B94CD8AB4064AB08D025B60F,output/spectral_revision/units/F6C91FF8090A965B6004/fit.json,59945B3B9CB1CB87D99C75C5C7B73751CFB5DB0C29E56740061A6C20C3D1BF28,parameter-only receipt; omit optimizer history and elapsed time
units/F7367BFBA7ED703F7575.json,4018,13685FD3F415BC92B782FB0B1CA4BFADF902DE1699C8F57D10A60CE955ADE09E,output/spectral_revision_phase_comparison/units/F7367BFBA7ED703F7575/fit.json,709091A14F1B546E1B25548D4A130427D18458A72D38FA0BBEE34DAC5E3CB2CF,parameter-only receipt; omit optimizer history and elapsed time
units/F9477394A703F452A821.json,6157,26DFA522E546C958BD965AD5C3C98FCEE242C2860DC37E9628935D3CEBA370AD,output/spectral_revision/units/F9477394A703F452A821/fit.json,583457EDD7B141C7ACD2645C63D8E29B8701C0E75D9B2558BAD5CA319D6D6B72,parameter-only receipt; omit optimizer history and elapsed time
units/FADE13D7B3304B8BF118.json,6050,ABEE9A051C2334E4BAF1CBDE6FAA197FC840A6CF91B702189B985DADC644E695,output/spectral_revision/units/FADE13D7B3304B8BF118/fit.json,F9F6F538574C4C7A81E1738DEE962C79463D331727596D583792B7513E84A02D,parameter-only receipt; omit optimizer history and elapsed time
units/FD303179D38E850C6A05.json,6168,F94882AE7FDD5D1A647B1E934B22BF00D89A8E6568EE4823788E1136781E86B6,output/spectral_revision/units/FD303179D38E850C6A05/fit.json,5C7AC3F6853D5A79B72A20588DEE521E96875AA379249E4F338D884CA962E3E3,parameter-only receipt; omit optimizer history and elapsed time
units/FD7612ED8FA04F447E45.json,4071,15636D0B3423F5B33D7985B83E79DCB12E1D9E0D657C18A3DFB638099987C640,output/spectral_revision/units/FD7612ED8FA04F447E45/fit.json,C8F390B84181859F4462692586818CD1D4AB3009272C8254645ACA37E178FD34,parameter-only receipt; omit optimizer history and elapsed time
units/FDCE8F721C9E0B2945B0.json,3697,1FF46A4458A3E3805F0F1CFA3C0D8576636AC495D3B216F4D51E44CDF671ECDE,output/spectral_revision/units/FDCE8F721C9E0B2945B0/fit.json,4FC85BB020EFE994645A010BCBA4FAE9AC11BCA457D84EBDDCD0F18DDD4CD241,parameter-only receipt; omit optimizer history and elapsed time
units/FE492D3D64E26B4F1EFA.json,6126,4A630D30E2B098CC62DCB85FAD4A6F40F578D990DE31EFDB6C53F7A7C45E547E,output/spectral_revision/units/FE492D3D64E26B4F1EFA/fit.json,26005A90EF4BA1286BC2A127235921C7401F1EBCC63A1CCB3EB55F5669165E06,parameter-only receipt; omit optimizer history and elapsed time
units/FE740B92C5FDCECFBABD.json,3748,6CAE1FFBD94E8F3FFE0FB6C9A706958856C4F48299B3ACE938847E66FA1CC5EE,output/spectral_revision_phase_comparison/units/FE740B92C5FDCECFBABD/fit.json,C2AA1CAE910FE3A302B3A9477AB41591201016874610948D501045B56DC7E9BD,parameter-only receipt; omit optimizer history and elapsed time
units/FEF34C3A35330CAF07E0.json,6110,CB883B23947C950BF511E738374908796B79A8FB538E8C415E6E40149F88B7BF,output/spectral_revision/units/FEF34C3A35330CAF07E0/fit.json,30D73C09C765526400490399A5ECDEA32597605417D6ABCD22E6151E14F0BF2B,parameter-only receipt; omit optimizer history and elapsed time
units/FF8A88987B430C5415A1.json,3732,07C0A677E0D9732628FA99966AD2C103375B92DCBC64110C4149336E20E2B0CA,output/spectral_revision/units/FF8A88987B430C5415A1/fit.json,95A9F55A098F56E709DA91A4F58AE1884672D4B9DDA568DA8FA909B05C84F733,parameter-only receipt; omit optimizer history and elapsed time
units/FFAC469B5D437195BF57.json,6221,D0C18F7B5D59F47DF251B1DE4C85C2F59AA9F2318670301495F35B3F92DCCDEA,output/spectral_revision/units/FFAC469B5D437195BF57/fit.json,2EE5C43D6C21AF9609B5B1F94BB1101E7FCE4B4DD8236B06768ED1B8237DA29D,parameter-only receipt; omit optimizer history and elapsed time
