truth,replicate,kernel,mode_eV,mean_eV,sd_eV,truth_mode_eV,truth_mean_eV,truth_sd_eV,mode_error_eV,mode_absolute_error_eV,mean_error_eV,mean_absolute_error_eV,sd_error_eV,sd_absolute_error_eV,concentrated_starts
asymmetric,0,fixed,11.56,11.729536124510863,0.9361760841431944,11.51,11.74000000082572,0.5185556842452836,0.05000000000000071,0.05000000000000071,-0.01046387631485679,0.01046387631485679,0.4176203998979108,0.4176203998979108,3
asymmetric,0,free,11.31,11.312117665998086,0.9829064715920962,11.51,11.74000000082572,0.5185556842452836,-0.1999999999999993,0.1999999999999993,-0.4278823348276344,0.4278823348276344,0.46435078734681257,0.46435078734681257,3
asymmetric,1,fixed,11.565,11.76128340709451,0.933362205790414,11.51,11.74000000082572,0.5185556842452836,0.054999999999999716,0.054999999999999716,0.021283406268789662,0.021283406268789662,0.4148065215451303,0.4148065215451303,3
asymmetric,1,free,11.295,11.276262981809742,0.9834269119006204,11.51,11.74000000082572,0.5185556842452836,-0.21499999999999986,0.21499999999999986,-0.4637370190159782,0.4637370190159782,0.4648712276553367,0.4648712276553367,3
asymmetric,2,fixed,11.56,11.745956441768874,0.9901828825638704,11.51,11.74000000082572,0.5185556842452836,0.05000000000000071,0.05000000000000071,0.005956440943153396,0.005956440943153396,0.4716271983185868,0.4716271983185868,3
asymmetric,2,free,11.3,11.286967224279245,1.00977397969378,11.51,11.74000000082572,0.5185556842452836,-0.20999999999999908,0.20999999999999908,-0.45303277654647545,0.45303277654647545,0.49121829544849627,0.49121829544849627,3
asymmetric,3,fixed,11.565,11.73317663924637,0.959831707802006,11.51,11.74000000082572,0.5185556842452836,0.054999999999999716,0.054999999999999716,-0.006823361579350262,0.006823361579350262,0.44127602355672235,0.44127602355672235,3
asymmetric,3,free,11.31,11.28326864576267,0.9959508776732414,11.51,11.74000000082572,0.5185556842452836,-0.1999999999999993,0.1999999999999993,-0.4567313550630505,0.4567313550630505,0.4773951934279578,0.4773951934279578,3
asymmetric,4,fixed,11.56,11.720246677938238,0.9616110774066254,11.51,11.74000000082572,0.5185556842452836,0.05000000000000071,0.05000000000000071,-0.019753322887481772,0.019753322887481772,0.4430553931613418,0.4430553931613418,3
asymmetric,4,free,11.34,11.355538981639787,1.0198654524888668,11.51,11.74000000082572,0.5185556842452836,-0.16999999999999993,0.16999999999999993,-0.3844610191859328,0.3844610191859328,0.5013097682435832,0.5013097682435832,3
broad,0,fixed,11.625,11.691992262675637,0.8775653971367606,11.65,11.65132279681474,0.797804494940396,-0.025000000000000355,0.025000000000000355,0.040669465860895926,0.040669465860895926,0.07976090219636467,0.07976090219636467,3
broad,0,free,12.535,13.183446233783911,1.0534668422822695,11.65,11.65132279681474,0.797804494940396,0.8849999999999998,0.8849999999999998,1.5321234369691705,1.5321234369691705,0.25566234734187354,0.25566234734187354,3
broad,1,fixed,11.64,11.633443362345831,0.8319296228610532,11.65,11.65132279681474,0.797804494940396,-0.009999999999999787,0.009999999999999787,-0.017879434468909494,0.017879434468909494,0.03412512792065725,0.03412512792065725,3
broad,1,free,12.52,12.937830076269886,1.376700697759352,11.65,11.65132279681474,0.797804494940396,0.8699999999999992,0.8699999999999992,1.2865072794551455,1.2865072794551455,0.5788962028189562,0.5788962028189562,3
broad,2,fixed,11.63,11.618958128127248,0.7856114021154934,11.65,11.65132279681474,0.797804494940396,-0.019999999999999574,0.019999999999999574,-0.032364668687492326,0.032364668687492326,-0.012193092824902552,0.012193092824902552,3
broad,2,free,11.605,11.49603922714417,0.8383345035450277,11.65,11.65132279681474,0.797804494940396,-0.04499999999999993,0.04499999999999993,-0.155283569670571,0.155283569670571,0.04053000860463174,0.04053000860463174,3
broad,3,fixed,11.63,11.611693481888434,0.7933287085853729,11.65,11.65132279681474,0.797804494940396,-0.019999999999999574,0.019999999999999574,-0.03962931492630695,0.03962931492630695,-0.004475786355023104,0.004475786355023104,3
broad,3,free,11.74,11.786883313750929,0.8200536512383491,11.65,11.65132279681474,0.797804494940396,0.08999999999999986,0.08999999999999986,0.13556051693618798,0.13556051693618798,0.0222491562979531,0.0222491562979531,3
broad,4,fixed,11.64,11.591336266381644,0.8835969940199159,11.65,11.65132279681474,0.797804494940396,-0.009999999999999787,0.009999999999999787,-0.059986530433096874,0.059986530433096874,0.08579249907951991,0.08579249907951991,3
broad,4,free,11.605,11.555732448271868,0.8290435654508337,11.65,11.65132279681474,0.797804494940396,-0.04499999999999993,0.04499999999999993,-0.0955903485428724,0.0955903485428724,0.031239070510437728,0.031239070510437728,3
gaussian,0,fixed,11.655,11.783199683178248,0.6577964906531926,11.65,11.65,0.15,0.004999999999999005,0.004999999999999005,0.1331996831782476,0.1331996831782476,0.5077964906531925,0.5077964906531925,3
gaussian,0,free,11.67,11.77822461213259,0.8288541077085628,11.65,11.65,0.15,0.019999999999999574,0.019999999999999574,0.1282246121325894,0.1282246121325894,0.6788541077085628,0.6788541077085628,3
gaussian,1,fixed,11.655,11.79470775535084,0.654775360648919,11.65,11.65,0.15,0.004999999999999005,0.004999999999999005,0.14470775535084002,0.14470775535084002,0.5047753606489189,0.5047753606489189,3
gaussian,1,free,11.68,11.767473265829809,0.7595514984099936,11.65,11.65,0.15,0.02999999999999936,0.02999999999999936,0.11747326582980833,0.11747326582980833,0.6095514984099936,0.6095514984099936,3
gaussian,2,fixed,11.655,11.779472802591227,0.6409100953778791,11.65,11.65,0.15,0.004999999999999005,0.004999999999999005,0.12947280259122707,0.12947280259122707,0.4909100953778791,0.4909100953778791,3
gaussian,2,free,11.67,11.773054609198836,0.7844280596035761,11.65,11.65,0.15,0.019999999999999574,0.019999999999999574,0.12305460919883515,0.12305460919883515,0.6344280596035761,0.6344280596035761,3
gaussian,3,fixed,11.655,11.769791607941071,0.6280185536177911,11.65,11.65,0.15,0.004999999999999005,0.004999999999999005,0.11979160794107102,0.11979160794107102,0.4780185536177911,0.4780185536177911,3
gaussian,3,free,11.655,11.758119375934484,0.8089156653029441,11.65,11.65,0.15,0.004999999999999005,0.004999999999999005,0.10811937593448384,0.10811937593448384,0.6589156653029441,0.6589156653029441,3
gaussian,4,fixed,11.655,11.804162719834853,0.6845492894280772,11.65,11.65,0.15,0.004999999999999005,0.004999999999999005,0.15416271983485252,0.15416271983485252,0.5345492894280772,0.5345492894280772,3
gaussian,4,free,11.685,11.792205491751858,0.8351341395239527,11.65,11.65,0.15,0.03500000000000014,0.03500000000000014,0.1422054917518576,0.1422054917518576,0.6851341395239526,0.6851341395239526,3
single,0,fixed,11.655,11.843692012830166,0.7330207558250853,11.65,11.65,0.0,0.004999999999999005,0.004999999999999005,0.1936920128301658,0.1936920128301658,0.7330207558250853,0.7330207558250853,3
single,0,free,11.69,11.766734454170788,0.7772859681388975,11.65,11.65,0.0,0.03999999999999915,0.03999999999999915,0.11673445417078732,0.11673445417078732,0.7772859681388975,0.7772859681388975,3
single,1,fixed,11.655,11.826138090090843,0.7073590901619086,11.65,11.65,0.0,0.004999999999999005,0.004999999999999005,0.17613809009084314,0.17613809009084314,0.7073590901619086,0.7073590901619086,3
single,1,free,11.655,11.74029922002878,0.7508012053808955,11.65,11.65,0.0,0.004999999999999005,0.004999999999999005,0.0902992200287791,0.0902992200287791,0.7508012053808955,0.7508012053808955,3
single,2,fixed,11.655,11.83491372189128,0.7187853101086761,11.65,11.65,0.0,0.004999999999999005,0.004999999999999005,0.18491372189127908,0.18491372189127908,0.7187853101086761,0.7187853101086761,3
single,2,free,11.67,11.744485920574274,0.7567345153313173,11.65,11.65,0.0,0.019999999999999574,0.019999999999999574,0.09448592057427341,0.09448592057427341,0.7567345153313173,0.7567345153313173,3
single,3,fixed,11.66,11.8431634671261,0.7275148946511714,11.65,11.65,0.0,0.009999999999999787,0.009999999999999787,0.19316346712609977,0.19316346712609977,0.7275148946511714,0.7275148946511714,3
single,3,free,11.69,11.747963607775558,0.7564755458675344,11.65,11.65,0.0,0.03999999999999915,0.03999999999999915,0.0979636077755579,0.0979636077755579,0.7564755458675344,0.7564755458675344,3
single,4,fixed,11.655,11.830453809592711,0.719482289753225,11.65,11.65,0.0,0.004999999999999005,0.004999999999999005,0.18045380959271107,0.18045380959271107,0.719482289753225,0.719482289753225,3
single,4,free,11.665,11.763902255040996,0.8092319117816951,11.65,11.65,0.0,0.014999999999998792,0.014999999999998792,0.11390225504099583,0.11390225504099583,0.8092319117816951,0.8092319117816951,3
