unit,step_eV,fine_step_eV,max_difference_uA,passed
7C2520144B8A0F30FB15B0E080CDFA41C2532CE6CD5892406366A61E1308840E,0.005,0.0025,1.3995555888879352e-05,True
7D099C98BAA598621EBAF937925EAC119587357C93A648857F6AFF88AF99E216,0.005,0.0025,1.5905722568376746e-05,True
E83A2DE6BFDC3AABEFACE69D5DDD9F0B19BB709D270C66041CC8CDD6E2FA07E1,0.005,0.0025,1.4321013606100053e-05,True
10C58E3E2C812CB2697628FCFA78403111F003AFEF9BEC0AC7DF898F6C57E32E,0.005,0.0025,1.7728605753219995e-05,True
05C8285C0FAA4BD2E9DEF8ED84B8D972406BBB71D05973D44CF73FDD4246BB9F,0.005,0.0025,1.761471167149864e-05,True
F7FBA5FC183059197BB242344CFCD060452351527D0B48D6EC071A19E7D9666F,0.005,0.0025,1.642207348062641e-05,True
B64CB5F42091437901F81B1D60AC2E16B9DB05DE61A3A6AC19A0684337D675E1,0.005,0.0025,1.8205634910728463e-05,True
EA8C84D98C541C0854D070059BC3977D32ED78DE69403960D0D0751813CFAFD5,0.005,0.0025,1.804984270092902e-05,True
4C27BCB3220EBDFEF29B80A5AE0AD8B78C5C4F03083885D0C9F78B11EFEE0614,0.005,0.0025,1.8196372931100768e-05,True
CFC8E9A4C1168D682D1CCA0510BA1AE7744EE55D8E8B1BEF1E59FBE6B5257B7E,0.005,0.0025,1.4905601603221186e-05,True
6D5DD810E7BD3411B603D36F20FF7D1155368BC600DB111A160071435408E4C5,0.005,0.0025,1.5327684312005374e-05,True
242988151489C04C542E02071B88FB38C257A8817A5F10EC9E465C9D4A87FC73,0.005,0.0025,1.7783334497423198e-05,True
EB539847616A7D678D0784C89464A84EFA4C9215D87555062E07406BE6D30D26,0.005,0.0025,1.6032335131033193e-05,True
9E1F24DA01D8A15BCA832BFC18DD799FB8DD203BD4A40F3EA22BE3B600D00C78,0.005,0.0025,1.494795497380963e-05,True
F4004FE42BD82CEAB42551F775800BE92B7216F6B702A1548D6E901093BE5B87,0.005,0.0025,1.4321196196487307e-05,True
9BD3ECF8AB39CF632072958423FC423DEFB3DEB43E0E41B242E943510A77C16F,0.005,0.0025,1.3975995751813741e-05,True
536AF9BA7CE1CB5846876DAF4E2EA58BAA7974464C19C03B4341240AC55BBBF3,0.005,0.0025,1.3261496458305544e-05,True
D48B533C20C2F97D609F917DB861AD63B5B88F7F0F1A5E6BFFFE94E465F0DAA3,0.005,0.0025,1.5430178121000893e-05,True
5C9AB250A3695C72CC5E7D4C66B326A08BD65978EBCBD9FFA7CCEB420F648D9D,0.005,0.0025,1.382725094467574e-05,True
C1FD81311AADDFCA603DDE42655B4E7DCAFA41421B459F6A666456137D81A710,0.005,0.0025,1.64448106971804e-05,True
550AFC6DF81F45CBBD7F09E889A268599229FEDF7FB7FA7EBF2307563238091A,0.005,0.0025,1.3802123574713221e-05,True
75A30C56E1E59CC6051DAF0888026582DBACDF65AE2CFA1D8E7C5E63FABFFBB1,0.005,0.0025,1.58284940439124e-05,True
270816E4374CDB3A071A823F2D8B0DC2263CE4C2B964B1629AF6BE1658EBE823,0.005,0.0025,1.5226287596536991e-05,True
6C19A72BBDF2B9D08A11D6CF64C9B90854FB2318EE5D0F2EFFC39A5625E2CA4B,0.005,0.0025,1.4659490850554846e-05,True
B19D9D122B23C7926267D4591BD41D19B0A7E48A7A4A2C3D4316D28E297B5EE2,0.005,0.0025,1.8845276221313156e-05,True
03509C923D45FC051E6F10BD8FB21784EC9EFA7401601037642724894EE82668,0.005,0.0025,1.4301527733628916e-05,True
CF16C643A73CD4A5466A58353F3439C16ECC1214F66A5FBEE7D9651BE96A5B9D,0.005,0.0025,1.8851641808481645e-05,True
A6FB29B4C36B45B9277934DF61EC1A42946D8CAC6ED6D9E1F11C00E7F9C3DEE5,0.005,0.0025,1.2818682364468259e-05,True
F48DC5B0C96FA1599585F6B7C97F596D61FADB792CCB5B78A7830CFCF2CF0FDF,0.005,0.0025,1.4114667145737059e-05,True
BBD92483E2280D460525D95C3EC98EC740ECC983A569D4170D765B13F6521403,0.005,0.0025,1.5130511593852702e-05,True
5216246DC8C8750E36896857CC236082571EFAA46E11310FC1E42AAAE09DF457,0.005,0.0025,7.684010662645235e-06,True
633A19B05961756455647E692DCDE8180C6B18A82D98B7AE50BD7B322D305089,0.005,0.0025,2.6477087780030217e-06,True
44922A991762CAF1578F0CA540BDD1903BCB4662324951564F06642BFE308684,0.005,0.0025,2.1411742692212243e-06,True
3C5506EF3EEAA111294AB4FE42433243B020496D58290B64C8EEB8A8D6F7FC0B,0.005,0.0025,6.156466656914716e-06,True
BE546E97E98AE50750805B8ED8247A8B2B14896514D8A01B63B645A1D5AF05EB,0.005,0.0025,5.291877587687566e-06,True
4B0BBB4F660145A20DDCBDD289221640D7E987DFE7DB16B7326F3DA80C4436F6,0.005,0.0025,4.429263209093648e-06,True
603B885615ECF697E8D66A945BB141613B380EA96D6DE501F41E465A4565868C,0.005,0.0025,8.588652300245414e-06,True
CC2710066D4D631F70DFADD680D4260CAB64534388D3FF3B74B02FB6257DE08D,0.005,0.0025,7.400307054705735e-06,True
C17C2A8A66B773720D73D4C5C0410617E16F82037CE63782E56D92DD26EF2818,0.005,0.0025,3.8695330568661035e-06,True
B770CE75B52B1DF51CA95BCB0CBBC51A3D39BEACDA863F08B0C523EC731017EB,0.005,0.0025,6.714969090548806e-06,True
C965A73235124899B9B3064A74607AB3E778CB960BC7CBE4F75DF52460A50A37,0.005,0.0025,7.2273798561450775e-06,True
5D2C22AA805F3DC2D333CDF052DD7C85586B17D1E8A273DDEC7C7C260B8AE500,0.005,0.0025,3.723285914691843e-06,True
07D42DA1CE0301ABD6D0764F62E916907C287DC6CCC6698A0D9B25457B27897A,0.005,0.0025,6.304984343064035e-06,True
601ADBF546360A9FA25EF657D344A9192B5F25F80CF4E99CAD7D48C33199E221,0.005,0.0025,6.325237303705933e-06,True
B0CEB67DB61D0FFAE12E13505E0246C5B925FB5299AD2BF4B345127AD0E184D3,0.005,0.0025,3.361910698274073e-06,True
4A90E56CEF7BFE6ADDCE15EB8B1DA9AE7A1169DC38E5412AA146BF0ECDA671D0,0.005,0.0025,1.0662440476538748e-05,True
529338DF1DC2E76CEDBE290E52713FE8232D01EE29FEB672E001A511FFCE6AF2,0.005,0.0025,1.1620167216008781e-05,True
8FA41E5597EE2D4AE72D2C441A1564246F31127A6592E6046DA098881D7825BC,0.005,0.0025,1.063806138068557e-05,True
2ACF3015D8ADE048A2852B38768CF7469DE95ED599DF47CDDC1BFC875EA0827E,0.005,0.0025,1.3769317408929282e-05,True
4B4E16C56128536C2B99433985211EDDAAE812B514EBAE0E4D5675CE7C792740,0.005,0.0025,1.4181290560077997e-05,True
78927411D6239690AA53788B0F474F1360A7D231D893E753C19A4F3E3C883F44,0.005,0.0025,1.207948291437333e-05,True
4D0C4ED763698DB0EC93BA145E5FAC129BA26CCCD9AC74822BD4B5D8869B31B7,0.005,0.0025,1.1655225210294162e-05,True
02C673653924CFBF628CE157329A66FBC9448CF079A77CC4D6AF0A700477BB89,0.005,0.0025,1.2492328038238298e-05,True
EE60BA520861D8194D0A625F5BC497B140AC5C39CE470D58C55ED33124E6EF64,0.005,0.0025,1.248911971973854e-05,True
ADA97786A0938048546DB100C25AA22BE3FB71EEB4C2AEFC7A6337D600DBF428,0.005,0.0025,1.1832620441687425e-05,True
145EC1C57B6EE1A0C723ED5A021DBE2C4CE3877946D22DAF356F26802D38BC13,0.005,0.0025,1.2398431925575437e-05,True
9F271B08932B321FE329471DC2D3276C61CD655612D26E3EDA9835F95E77FD63,0.005,0.0025,1.2743323216657387e-05,True
0EE1E6E74214BD45B4005C4024DC577B61CCF7943F9C513ED3A6335A5DB87BC2,0.005,0.0025,1.0937875094985117e-05,True
ADBEEAC80107E78B422E3BE92803BF8FA6379B65E2599E56037E6740CB4CF9A0,0.005,0.0025,1.1939304806585227e-05,True
3ECF904FDEBCB946DA431260070B646D498246BB5298968FE57353DA3D1E1D04,0.005,0.0025,1.0682006229778551e-05,True
D3496EB7720F198740762C900AA942056D2F1BD4BDBE92E807D02A87DBA064FC,0.005,0.0025,4.056007102892778e-05,True
E8F1E2FF8190AC214F97ED8016AF2058F9B72267206C5EC2A6EFADFA5E1A60D4,0.005,0.0025,2.7955498181686522e-05,True
E2A1A51C8004BF29B6A29D6C852DEE540FF813FDEFF9C8E4ECB60840733AFE57,0.005,0.0025,1.7257982445340048e-05,True
374DF1F3529FB3EA1C34FAB794DBDC4260A378B3A138355C3C94072648A33F25,0.005,0.0025,1.0163644983851583e-05,True
23017A294318472C6F2BB6C57470693F5516BC77C5EB1155A12740B0DD169245,0.005,0.0025,2.249002635634767e-05,True
247D2DB055CA1F40EC730FAF27A813D0047DF775DF4A55515BFCAF3876ECF878,0.005,0.0025,2.0304595468978448e-05,True
C351C93AD8DF1724ECE0681DF8AC5AE30CCC545DF1EE5DC31B234E8C1C73C5D8,0.005,0.0025,1.6451395637773203e-05,True
E6AF8FBD39F469736A75D01B7D062EBB29B877F8760381390D0483865E272E77,0.005,0.0025,1.0369852751157538e-05,True
ED28BA4923CB572247D320A3E15DC7B68200AAE06EDFA676140A7FB7AE50F64F,0.005,0.0025,6.7122705871280886e-06,True
2CB54DDC20FB8485E7CE641048FEB0C545B439ED38441014DA9C9237EB2751BC,0.005,0.0025,6.717014336965477e-06,True
8F8D714B2F2F7406F035D848F0762C4B7B0C0082138B02200DB1FBF806712816,0.005,0.0025,6.717875776551807e-06,True
E11D20B47E33A13D37BCFA47E1FF2AE19C3E6D25364A3DA768650F4B17BDFB35,0.005,0.0025,6.714835731891355e-06,True
2619E24EAD6D310906ABCAE6F8E0AEEDDEE040C56F0D1FC0231D5670AEA6CF9B,0.005,0.0025,1.2920238030567077e-05,True
2598D96E71F9786977BD359699270E0A2E7C896086CFAA2FA063CD152FD02F08,0.005,0.0025,1.241485618352911e-05,True
860B16195169D18FA149DB93B899825FACB72B5A699D6E3CFFD5087F98232051,0.005,0.0025,1.1085943273148047e-05,True
ABC535EDFF8A09B2A5AFDA4AE3F799D1AE9C53408EF3C1EEA7B67DE35AB1E694,0.005,0.0025,9.087747755653908e-06,True
