heldout_vr,family,missing_peak,extra_peak,matched_peak_mean_abs_V,missing_trough,extra_trough,matched_trough_mean_abs_V
0.0,C,0.0,4.0,,0.0,3.0,
0.0,G1,0.0,2.0,,0.0,2.0,
0.0,H1,0.0,2.0,,0.0,2.0,
4.0,C,0.0,0.0,0.3,0.0,0.0,0.25
4.0,G1,1.0,0.0,1.0,0.0,0.0,1.125
4.0,H1,1.0,0.0,1.0,0.0,0.0,1.125
6.0,C,0.0,1.0,0.3125,0.0,0.0,0.375
6.0,G1,0.0,0.0,0.25,0.0,0.0,0.375
6.0,H1,0.0,0.0,0.25,0.0,0.0,0.375
8.0,C,0.0,1.0,0.125,0.0,1.0,0.5
8.0,G1,0.0,2.0,1.25,0.0,1.0,1.25
8.0,H1,0.0,2.0,1.25,0.0,1.0,1.25
