heldout_vr,family,phase_response,nrmse
0.0,C,False,0.1008440723331279
0.0,C,True,0.0418021576535565
0.0,G1,False,0.1192716763406097
0.0,G1,True,0.1196680340420605
0.0,H1,False,0.1194474823524959
0.0,H1,True,0.1198023972763853
4.0,C,False,0.0620966445461825
4.0,C,True,0.0419340995567813
4.0,G1,False,0.0505963421893321
4.0,G1,True,0.0339318407396201
4.0,H1,False,0.0502716094891922
4.0,H1,True,0.0286718843979139
6.0,C,False,0.0404009921747595
6.0,C,True,0.0320698929066242
6.0,G1,False,0.0482501776463885
6.0,G1,True,0.0554929101508807
6.0,H1,False,0.0499812611524928
6.0,H1,True,0.0531519710587341
8.0,C,False,0.1077988354502786
8.0,C,True,0.0811860960421468
8.0,G1,False,0.1605772045199529
8.0,G1,True,0.1478475778911311
8.0,H1,False,0.1542147515926096
8.0,H1,True,0.1480888402101568
