unit,family,seed,training_vr,phase_response,lambda,status,seconds,best_objective,data_mse,shared_gradient_max,simplex_kkt,mean_eV,sd_eV,q05_eV,median_eV,q95_eV,kernel_width_V,phase_beta,mode_eV,peak_status,peak_to_uniform,peak_halfheight_low_eV,peak_halfheight_high_eV,peak_fwhm_eV,peak_halfheight_mass,ar4s_mass,below_ar4s_mass
262327DBFA516EFCC64B1394AE3BB2E7B698276E39EA880C7BADDE750DF5C7A5,H1,0,"[4.0, 6.0, 8.0]",False,0.0,stationary,6.730921800000942,0.001316818798444986,0.0011592205273318985,1.3034890445820543e-07,0.0,11.679634746313514,0.0,11.679634746313514,11.679634746313514,11.679634746313514,2.2441363328819945,0.0,11.679634746313514,delta,,,,,,,
EF41E09D967B433A0CA7CF4E849DD8CC7DA0D7987C0997482D616076EABF3A62,H1,2,"[4.0, 6.0, 8.0]",False,0.0,stationary,6.940552500000194,0.0013167904889949235,0.0011591461006199353,9.712027748525508e-08,0.0,11.679624522622248,0.0,11.679624522622248,11.679624522622248,11.679624522622248,2.2441429150917473,0.0,11.679624522622248,delta,,,,,,,
594397E2CD0F11DDF0B13AC5D1C55D3CD1CA23C839AC47134D92B15C6CAEFFDC,H1,1,"[4.0, 6.0, 8.0]",False,0.0,stationary,7.070127999999386,0.002231500706265274,0.002032094154552363,7.759012142151743e-08,0.0,11.03100078540847,0.0,11.03100078540847,11.03100078540847,11.03100078540847,2.0598977013233273,0.0,11.03100078540847,delta,,,,,,,
EC9CC98625A002C3262536303B5E8695A5DAC0F762899B600970580B8D20004E,G1,0,"[4.0, 6.0, 8.0]",False,0.0,stationary,16.515971799999534,0.0013181442735767093,0.001158997625398236,3.252506532985639e-07,0.0,11.680301638075381,0.05,11.59799011894715,11.680301430104794,11.762612739219206,2.2356849309970994,0.0,11.68,concentrated,55.8509029221693,11.621414924761053,11.739182853538777,0.1177679287777238,0.7606854574774795,0.9942405695548184,0.00418572484812378
5B4D9FC08CCE89C68ECAB72AF5E437A101BEC55FA8FD1F2FFAE3C6A1AA8CE195,G1,1,"[4.0, 6.0, 8.0]",False,0.0,iteration_limit,14.14017530000092,0.0022956141983491996,0.002085417074021497,1.3262265893900682e-05,0.0,11.033380756982773,0.05084220163795582,10.949685038632998,11.033381068927884,11.117076388185854,2.040185901120667,0.0,11.035,concentrated,54.898881987114976,10.973478565919836,11.093282077787014,0.11980351186717897,0.7609007682681981,2.2264140336208465e-24,1.0000000000000002
3D32318E8423A1301E0CBB5EAA8FC0A9A8A908F77C64F466764F36B562221B5E,G1,2,"[4.0, 6.0, 8.0]",False,0.0,stationary,17.66879390000031,0.0013185236597294545,0.001160035581193734,3.1293235727184465e-07,0.0,11.680518569222158,0.05,11.598206920855773,11.68051826168855,11.76282952013301,2.235737664976161,0.0,11.68,concentrated,55.848915463948146,11.621628806488227,11.739398915541857,0.11777010905363028,0.7606940017057453,0.9942715073299847,0.004132545226134193
365ADB3A78D2825D0C421F5AAD0D855D144ECD987111AB7F76A29E4BAD2C54CA,H1,1,"[4.0, 6.0, 8.0]",True,0.0,stationary,9.096850699999777,0.0015704468260643327,0.0013843912186561514,9.834525201631159e-08,0.0,10.98875869524076,0.0,10.98875869524076,10.98875869524076,10.98875869524076,1.9811647355023279,0.387904237376965,10.98875869524076,delta,,,,,,,
8A00DACE03DB7A344DC43B966060D1AB02E40DA1521C9CF80B94DED63DD76E3B,H1,2,"[4.0, 6.0, 8.0]",True,0.0,stationary,9.23841750000065,0.0004577839323978635,0.00030775856626941617,6.399794631322567e-08,0.0,11.637150731488049,0.0,11.637150731488049,11.637150731488049,11.637150731488049,2.13918811038312,0.4260021390197426,11.637150731488049,delta,,,,,,,
A499C9AAB59CC104A72EAC4ACC0C645655E3A8B23E6DB92D0AAB35148BAD1EF6,H1,0,"[4.0, 6.0, 8.0]",True,0.0,stationary,9.31426459999966,0.0004577827680094312,0.00030775477188279405,6.015522127705633e-08,0.0,11.63714784716139,0.0,11.63714784716139,11.63714784716139,11.63714784716139,2.1391985376267026,0.4260137342975565,11.63714784716139,delta,,,,,,,
88A32A64820ABCD418153733F76CBA8BC4DA36B6D756985F4216C0ECEFF733EE,C,0,"[4.0, 6.0, 8.0]",False,0.0001,stationary,22.325741000000562,0.00150475776366159,0.0011626652600439736,3.6585846033291894e-08,5.2061091551311185e-08,11.656862863670574,1.646569551794119,9.3750977568359,11.580610808911242,14.73002660189418,3.0700363993005255,0.0,10.4,concentrated,2.357751431691954,9.63128971397315,10.98125316560832,1.3499634516351708,0.3624143454471642,0.023704101715371996,0.49817838935560066
E5FEA4B075545D2BE29DEBF6D331AA1ACF23569AA27F77175B5562BD24263683,C,1,"[4.0, 6.0, 8.0]",False,0.0001,stationary,29.55821780000042,0.0017231214543171295,0.001310905411988986,8.446214019064987e-09,1.5209470542384973e-08,11.834262510652998,1.6559764975902158,9.565419256521741,11.33326454604596,15.032698435278855,3.0796234717398767,0.0,10.94,concentrated,2.625356143085372,10.192671523337044,11.563993787526638,1.371322264189594,0.4106852252411777,0.039593872200304754,0.55174697679839
99556E3DAB172A8556F398AABB19DA820FD17FBB05024C7C25DAA77C50081138,G1,0,"[4.0, 6.0, 8.0]",True,0.0,stationary,58.72069179999926,0.0004601267212105656,0.0003088869296184863,9.992529499859215e-09,0.0,11.637353424534226,0.049999999999999996,11.55504228325367,11.637353363428103,11.719664237033959,2.1287118769448896,0.42636860020495315,11.635,concentrated,55.79008514338965,11.578417014568183,11.696287932101173,0.11787091753298995,0.7610939037380496,0.9622687414823256,0.03766212016061413
24294152306EBF47A8CB3B96118F440E039E90A904700D5213E03A220A57F4D0,C,0,"[4.0, 6.0, 8.0]",True,0.0001,stationary,52.667565300000206,0.0006926979167435017,0.0003528585302479648,5.597409088280181e-08,7.946563676959053e-08,11.71911932470001,1.634609069403065,9.410376546618675,11.857450031332972,14.650455039089678,2.811759393904542,0.43010781503204565,12.3,concentrated,2.1737391540215647,11.681654789133106,13.014163864185951,1.3325090750528457,0.33455574952743683,0.04429801077397088,0.44936245536802405
F6C91FF8090A965B60041704990E8A7AD5C30430F31DD9030258E1CAE629354A,C,1,"[4.0, 6.0, 8.0]",True,0.0001,stationary,46.82081449999896,0.0009465991597874992,0.0005111958940444024,1.823496381695242e-08,1.854255578549453e-07,11.75926892555792,1.6360013924031367,9.545799905036628,11.242719763034472,14.896474585556781,3.28998330011045,0.4423207820919248,10.89,concentrated,2.745153323142034,10.155814098050417,11.48822392805605,1.3324098300056324,0.41818635838211426,0.031797347983701645,0.5736289616945236
F32C738CB620582B25F790D5341373F2178BA95ED84FE61BAC95FCC383EF5796,C,2,"[4.0, 6.0, 8.0]",True,0.0001,stationary,48.46902930000033,0.0006927010713861057,0.0003528601239261201,6.248354219270232e-08,7.370476847172892e-08,11.719124670887968,1.6346086757998475,9.410376576123662,11.857462948311518,14.65046094286468,2.8116908004338206,0.43010767015738227,12.3,concentrated,2.173756722937024,11.681660483923007,13.01416270433674,1.3325022204137333,0.3345566297817082,0.044297788959523035,0.4493598133051562
B46B2C76B673242788A39BED3E989D14A2117FB139DDC8334934AD745C6DBC06,H1,0,"[0.0, 6.0, 8.0]",False,0.0,stationary,6.844572600000902,0.0015404626220192374,0.001291595123034028,6.25974677114963e-06,0.0,11.733875585684803,0.0,11.733875585684803,11.733875585684803,11.733875585684803,2.256003209803794,0.0,11.733875585684803,delta,,,,,,,
6AACF09BFBF10405C2581685295BB959114E6AF2D48BACA630ABB2F999256DFD,H1,1,"[0.0, 6.0, 8.0]",False,0.0,stationary,7.47021930000119,0.002333647440295646,0.0020783738333038865,9.951552725579607e-08,0.0,11.058918548482085,0.0,11.058918548482085,11.058918548482085,11.058918548482085,2.070681875179974,0.0,11.058918548482085,delta,,,,,,,
FF8A88987B430C5415A1D452553C007B7AA4289385464B506B3DD46D352F58B2,H1,2,"[0.0, 6.0, 8.0]",False,0.0,stationary,7.665970499998366,0.0015396395898167876,0.0012918690349292819,4.095620896641488e-06,0.0,11.733672488030834,0.0,11.733672488030834,11.733672488030834,11.733672488030834,2.2553151016471267,0.0,11.733672488030834,delta,,,,,,,
1BC32802F978FA78DB7CEE4FB68E036AB8F667AB23140DC18674D6DFA8D776AE,G1,1,"[4.0, 6.0, 8.0]",True,0.0,stationary,58.89391830000022,0.0015764463597691904,0.0013901416617712558,6.326914176547699e-08,0.0,10.988601647735166,0.05000061269993054,10.906290112599407,10.988602018842077,11.070914523821486,1.9666248533144395,0.38902554370906595,10.99,concentrated,55.82939748208796,10.929708686306656,11.04751000767954,0.1178013213728839,0.7608114527484406,2.3850227936015737e-29,0.9999999999999999
AA518AE1E381B89AB346A5DB2FABE34E5ACA41C5FED6E861F542F4F110ECA8BF,C,2,"[4.0, 6.0, 8.0]",False,0.0001,stationary,29.556167299999288,0.0014951848469633507,0.0011740592515950465,2.483710310664379e-07,9.34241378800914e-08,11.69109649700208,1.6424766369545338,9.401410638421702,11.7576032325558,14.695517612986164,2.9701051179074263,0.0,10.345,concentrated,2.2413138582390104,9.565215294318321,10.944576735177224,1.3793614408589026,0.35175930796909266,0.03151899073317183,0.47864026148997935
19C4DBC9D3C99FD25BCCB0462714041112E6AB828F5D24433547CD98B46C6C81,H1,0,"[0.0, 6.0, 8.0]",True,0.0,stationary,9.69570019999992,0.0007092500947797438,0.00048272082254598875,5.1155814697212005e-06,0.0,11.679039575605005,0.0,11.679039575605005,11.679039575605005,11.679039575605005,2.1777235058778905,0.44103928641948764,11.679039575605005,delta,,,,,,,
FD7612ED8FA04F447E45775CA21496FFE19AE4D7D9B6DA990B99077F68CD6A9D,G1,0,"[0.0, 6.0, 8.0]",False,0.0,stationary,13.456578999999692,0.0015424340184616889,0.0012933886077340139,6.892538878574617e-06,0.0,11.734285482488415,0.05000099425460671,11.651973024823924,11.734285847763788,11.81659886184824,2.247838754387084,0.0,11.735,concentrated,55.84510641404653,11.675404245142804,11.793179635626649,0.11777539048384433,0.7607055357504122,0.9694420393367257,0.00010145390077747154
8069BC9CEE20ED8A58B2DD93C9D598DE68355832AE840D42BEF32412EA93C89D,G1,1,"[0.0, 6.0, 8.0]",False,0.0,stationary,17.308127400001467,0.0023409931080540817,0.0020858365140726722,6.593185264468652e-07,0.0,11.05901688581243,0.049999999999999996,10.976706210201982,11.059017286246762,11.141328726598777,2.06032882783863,0.0,11.06,concentrated,55.84112397275572,11.000136349928553,11.117915010606874,0.11777866067832043,0.7607275208153705,6.927629837283123e-23,1.0000000000000002
60D9A3D0F501C48BFD9FEE5A80DD579FDC9A4691DEF28869F448089AA46106E5,G1,2,"[0.0, 6.0, 8.0]",False,0.0,stationary,15.47315399999934,0.0015412851226094565,0.001293663583065825,3.522528943856503e-06,0.0,11.73411942888437,0.050000901699566114,11.651807219236705,11.734119821488134,11.816432720986432,2.246814045428013,0.0,11.735,concentrated,55.842251604497015,11.675238131537501,11.793016553378429,0.1177784218409279,0.7607182706181936,0.969668857328187,0.00010279073898616367
5D4605F44CB271524BA467EDA1A0F32EC7BF7EC06F73197607E0A7BEF25E013F,G1,2,"[4.0, 6.0, 8.0]",True,0.0,stationary,63.401118900001165,0.0004601285479970346,0.0003088935377630083,8.59879360553359e-08,0.0,11.637368793820361,0.049999999999999996,11.55505767317365,11.637368739083946,11.719679620283232,2.1287101711860283,0.4263592241905745,11.635,concentrated,55.78927533246945,11.578431845998265,11.696304040176656,0.1178721941783909,0.7610989886413047,0.9622938476453528,0.03763692803106237
FE740B92C5FDCECFBABD43EB50C9ED8AD2C37D713955016B55DE1A4B6ADE60E7,H1,1,"[0.0, 6.0, 8.0]",True,0.0,stationary,8.128147600000375,0.0017129273583439326,0.0014599592417294648,2.8568262112922092e-06,0.0,10.983260345323345,0.0,10.983260345323345,10.983260345323345,10.983260345323345,1.9686303259455742,0.41883538439496504,10.983260345323345,delta,,,,,,,
4E0DCAB851E5BE071AD45B6855215CF20FC6FB0B59A562016FBC82159401F7CF,H1,2,"[0.0, 6.0, 8.0]",True,0.0,stationary,8.227822100001504,0.0007100241777748153,0.0004819538242225428,2.9062920280256625e-06,0.0,11.67842768797128,0.0,11.67842768797128,11.67842768797128,11.67842768797128,2.1784253153006445,0.4410660799671591,11.67842768797128,delta,,,,,,,
FADE13D7B3304B8BF1184A2D497024DDBD750684564D0124A4DD8DEC02E86BED,C,0,"[0.0, 6.0, 8.0]",False,0.0001,iteration_limit,22.71094980000089,0.0017340977338466863,0.0013410995990733917,1.1626427582108524e-05,9.990649727731338e-06,11.713113623297712,1.6374264351161016,9.384364347507306,11.855229057546287,14.739230035457444,2.6709117541953487,0.0,10.39,concentrated,2.2468159783813864,9.628577801053785,10.960228336964759,1.331650535910974,0.3402190196675151,0.02551902250160318,0.47057623145856065
223C538469FD6F8006E8C7645FA4A9F18CD3CBEC3C604911F4E50EF003FD546B,C,1,"[0.0, 6.0, 8.0]",False,0.0001,stationary,29.66179910000028,0.0019450774722509637,0.0014389315575458253,5.195810124663359e-09,7.184461019572701e-08,12.102298189552346,1.6274095269180302,9.596931690305643,12.294560906440072,14.883467634209142,1.4052522205041051,0.0,12.465,concentrated,2.4562081738445776,11.886886670193686,13.19396649466162,1.3070798244679338,0.368073750362618,0.027120467836429723,0.3562810413595566
91E32542C396D06A2E9F497E7F6A17AC05C51F453B23252999553D85B61E4434,G1,0,"[0.0, 6.0, 8.0]",True,0.0,stationary,56.0541600000015,0.0007129400863213496,0.000488089621515395,3.128275586389001e-08,0.0,11.677597338076133,0.05000000000000002,11.595286479609404,11.677597378734104,11.75990841462471,2.16745646053396,0.44081674009802674,11.68,concentrated,55.78747225047669,11.618660456878896,11.73653547921811,0.11787502233921465,0.7611102540093305,0.9937788698402847,0.0049019475117228276
63854B2BBADE06726E72EF54FC75F2B6C55438BD24BBC395E45E6DE220FB7396,C,0,"[0.0, 6.0, 8.0]",True,0.0001,stationary,52.02234589999898,0.000869125379943487,0.000465897820032539,2.9543785760790496e-06,9.732707421581093e-08,11.687115052798223,1.628376610672986,9.388405993711578,11.825063325268749,14.654700862860299,2.8834748330217383,0.4599037653964906,10.305,concentrated,2.2208983787953556,9.555955367948618,10.874899662401893,1.3189442944532743,0.3330474842730823,0.038544052165621394,0.4620303253294593
C44C60BE98FCA46500519A41015B229B6FB314EB5827F3D5C5F70963B0624F25,C,1,"[0.0, 6.0, 8.0]",True,0.0001,stationary,47.15707950000069,0.0012534217696096935,0.0007749144972222941,5.315441776389904e-09,3.1763399543200364e-07,11.85679487348183,1.6672847454224058,9.562005798685712,11.355272784392831,15.028000546575326,3.100518878020611,0.4860873036730957,10.895,concentrated,2.5324917826807285,10.122080487800158,11.512927271775064,1.3908467839749061,0.40080339939887255,0.033381687554803474,0.5399542556067651
72F5A157BBBAB21A5CCF9004E1DFA02962ED2A7E076069D7BA7798BD6EF944DE,C,2,"[0.0, 6.0, 8.0]",True,0.0001,stationary,47.75189320000027,0.0008691299433390804,0.0004669554347313942,2.1169013439799304e-07,6.326696980326826e-09,11.686096572958776,1.631058540119685,9.386669726486645,11.819523135438716,14.66377667303884,2.8871135342492615,0.4591675186112474,10.32,concentrated,2.235383014535223,9.566437481755859,10.886657877466384,1.3202203957105247,0.33561360036223864,0.036542962963221966,0.4650121537150097
FDCE8F721C9E0B2945B04574CC1D5D2ACDF68CB6DE7BBCDD6CF8A8EA1639E87C,H1,0,"[0.0, 4.0, 8.0]",False,0.0,stationary,6.3231472999996186,0.0019392949054313395,0.0016898779243007126,3.169026372264161e-06,0.0,11.776679507151984,0.0,11.776679507151984,11.776679507151984,11.776679507151984,2.3850328513566836,0.0,11.776679507151984,delta,,,,,,,
8DED4491F10281DF7C6D9962820284B00F5D480D09E8B65E215ED8918E6455E0,H1,1,"[0.0, 4.0, 8.0]",False,0.0,stationary,6.687186799999836,0.0026399333628372105,0.002380986830313225,5.791935180832844e-07,0.0,11.050593650550145,0.0,11.050593650550145,11.050593650550145,11.050593650550145,2.194433338840799,0.0,11.050593650550145,delta,,,,,,,
5DB100A68B1727F3AAA4F63DCEDB67A214A144B4E6F301C4F534D428C2C03514,H1,2,"[0.0, 4.0, 8.0]",False,0.0,stationary,6.744670699999915,0.0019368449571960955,0.0016895377354793327,2.84463283272672e-06,0.0,11.776122135750908,0.0,11.776122135750908,11.776122135750908,11.776122135750908,2.3833702002051074,0.0,11.776122135750908,delta,,,,,,,
45C8FD7D222741361ADBD67A5C361DEDA5F707F71C3243F27FB467A6D633F77C,G1,1,"[0.0, 6.0, 8.0]",True,0.0,stationary,56.870494799999506,0.0017204015009116833,0.001470684236588455,8.129838485916961e-08,0.0,10.983107390282427,0.05000000000000002,10.900796846303324,10.98310762932714,11.065419043897856,1.9521509198811988,0.4190634567568381,10.985,concentrated,55.81192158788218,10.92419415514369,11.04202875695729,0.11783460181360006,0.7609493646719255,6.864483438637126e-30,1.0
68FD47A601F1E6663E01B67E65324CE8DDA6A2461809DA72F0F2F653150C57C7,G1,2,"[0.0, 6.0, 8.0]",True,0.0,iteration_limit,54.89377710000008,0.0007143751309489266,0.0004847570315098666,3.124150103485779e-05,0.0,11.677344356374917,0.05067713502374085,11.593919623980579,11.67734429324532,11.760769049740897,2.169202568225182,0.44144179578635145,11.675,concentrated,55.04670730509791,11.617610115288858,11.737078447014083,0.11946833172522453,0.7611096565369713,0.9930284580184877,0.005491615350312569
5ED7D4E5BF5925F7C903EB46F7218A88865A13BBBCE1AAA7F391A208715BDF43,H1,0,"[0.0, 4.0, 8.0]",True,0.0,stationary,9.805449900000895,0.0007345414639708359,0.0005016851116220637,5.25454323845246e-07,0.0,11.674812976025818,0.0,11.674812976025818,11.674812976025818,11.674812976025818,2.17352050933432,0.4438132798291998,11.674812976025818,delta,,,,,,,
D735369AC3EB9F8CDB8C193C0DE56E11DB94D28BA5BFA44E7629333A95971B62,G1,0,"[0.0, 4.0, 8.0]",False,0.0,stationary,14.788361499999155,0.001985375102131871,0.0017274109997006556,3.6109395345337037e-07,0.0,11.77487451274126,0.050000000180242636,11.692563285905202,11.774874609653782,11.857185915629463,2.3928126013599846,0.0,11.775,concentrated,55.851743154524975,11.715992154476785,11.833759161836475,0.11776700735969037,0.7606818450927756,0.8561170161712875,2.9983942461899324e-06
A20B861D2909990725F5BF0AC6FBF6588CD09FD82AD9C78551528869DEF3598E,G1,1,"[0.0, 4.0, 8.0]",False,0.0,stationary,14.61881380000159,0.002644794003243496,0.0023862093963142794,1.0859096035711927e-06,0.0,11.050702730430231,0.05000000000000003,10.968390989631013,11.050702367808498,11.133013562285083,2.1929066591200637,0.0,11.05,concentrated,55.84640325730127,10.991809947667551,11.109582813281795,0.11777286561424383,0.7607048052655189,1.3236173039503584e-23,1.0000000000000002
2CB50892C08DE8C0AC076771092D183D3B249B242CD8E2CBDB199A5A667F5FE7,G1,2,"[0.0, 4.0, 8.0]",False,0.0,stationary,14.389610500000344,0.0019377155923064864,0.0016905443763586456,3.947707812334404e-06,0.0,11.775063216744908,0.050003986060631424,11.69274531060666,11.77506316601949,11.85738103394184,2.3796369662182375,0.0,11.775,concentrated,55.84742239825957,11.71617455734595,11.833950719169636,0.11777616182368611,0.7606809840623041,0.8552411486882866,2.950402354960736e-06
67502D7B0D80F07726BD7058EB6CE0DA6C351FF670A50E4B03AC4CB33AA952F2,C,2,"[0.0, 6.0, 8.0]",False,0.0001,stationary,30.054936099999395,0.0017124693971386868,0.0012662756894487339,8.946668198152167e-08,5.7153145603758976e-08,11.726505427036116,1.6352673530748385,9.39212766934366,11.90417054986154,14.739611067602565,2.5326944593938547,0.0,12.46,concentrated,2.2676066298148982,11.882328958373824,13.099560895530608,1.2172319371567841,0.3204108549316685,0.024720251027733457,0.46348027024134997
6AFA922D094B0E4003BFFE2D411EB3D37E66917BC24ABD41255AC673A6674A9B,H1,1,"[0.0, 4.0, 8.0]",True,0.0,stationary,7.600875600001018,0.0015684670113084362,0.0013193284483632116,2.1304317360272676e-07,0.0,10.976162706622363,0.0,10.976162706622363,10.976162706622363,10.976162706622363,1.968252166240607,0.43524525414805026,10.976162706622363,delta,,,,,,,
5F2814C1A309CE519DA7714F7810FA9A712BDD9E86AB94D21252790D9919326E,H1,2,"[0.0, 4.0, 8.0]",True,0.0,stationary,8.353682299999491,0.0006334229857305265,0.00039808863101263315,6.404309667291536e-08,0.0,11.651734426915366,0.0,11.651734426915366,11.651734426915366,11.651734426915366,2.164475536641296,0.4507729443038877,11.651734426915366,delta,,,,,,,
D2EDEE938DE0A856DC7FA1925C1A6D3D09BE445D7137AA784F94A04BC297FA89,C,0,"[0.0, 4.0, 8.0]",False,0.0,stationary,20.614130800000567,0.0015766809025124162,0.0013804387858798715,1.825324964517879e-06,3.61621318447388e-06,11.993987872745306,1.7751084771297378,9.63101591644488,12.271937210034594,14.598388974988595,3.34410194309967,0.0,16.0,boundary_peak,13.739974254351877,15.979334257974763,16.0,0.020665742025236966,0.02967709888983007,2.797167399848938e-12,0.45308243545636906
C435522DFBDCAE9A1701119490F8B650739BABBC96060EF0ACB021B7FDC0D941,C,1,"[0.0, 4.0, 8.0]",False,0.0,iteration_limit,30.871880800001236,0.0017606855634392255,0.001516057695052802,1.0168383933374738e-05,1.5155825652320508e-08,12.090789985136373,1.796512436998733,9.710049985447574,12.432562816237652,15.960902571788907,2.595300092755235,0.0,16.0,boundary_peak,16.203502141767256,15.979334257974804,16.0,0.02066574202519611,0.034998095812994436,2.797167399843533e-12,0.41141954182123874
814CDC71D9ED3529B1937908D49E061CF267093943D3EB0A6E9F7FA8FEEE9635,C,2,"[0.0, 4.0, 8.0]",False,0.0,iteration_limit,29.643085300000166,0.0018779128613670578,0.0016522884090821365,2.1555491325418114e-05,1.0268656577871708e-08,11.881330231309924,1.4575060654469172,9.56412360405178,12.281832044337321,14.154309984486618,2.122783366327859,0.0,12.3,concentrated,19.753542015636178,12.22775677378684,12.37224322621316,0.1444864524263192,0.3300402765924915,2.7971673775337144e-12,0.33880718817083677
CE22C85127D16D6C08BCD34422DD3D4E7228201EE7634EB7F8BEDC59158B15C7,C,0,"[0.0, 4.0, 8.0]",True,0.0,stationary,43.04081570000017,0.00043643933100535886,0.000289875234213007,3.893113757576238e-09,5.844561413545979e-09,11.851178317974982,1.766109399458748,9.470929107009802,12.271147909931917,14.667373700301374,2.6335126330192864,0.4542772119057754,12.32,concentrated,12.28588375072224,12.235646775057095,12.42558368737732,0.18993691232022591,0.2698996413701103,2.7971673998349597e-12,0.4278321247835838
50F7E2E1F5FA2EBB1DB7B38BF3FAAE949048BB8AC1692E7FEC69AA54CC2ED754,C,1,"[0.0, 4.0, 8.0]",True,0.0,stationary,38.43119849999857,0.0007853184104963653,0.0006182254705546703,2.488286074999586e-09,5.379351467991553e-09,12.573470982460012,1.5460957596054496,10.63818940662609,12.73469902373904,15.306678498242219,1.7374386881088064,0.4567469342834394,10.7,concentrated,15.609898249184447,10.627756773786793,10.772243226213206,0.14448645242641334,0.26080867581452727,2.797167399820967e-12,0.3348120588454885
79991CE4B177F919421B4558DA99B0DC9935FB63B34883AC38014DDA1C935253,C,2,"[0.0, 4.0, 8.0]",True,0.0,stationary,35.3830979000013,0.000536107792629389,0.0003393994328781601,2.057855033883259e-07,2.8614304741171684e-08,11.40465813963289,1.2798310485953905,9.259865991557295,11.776769182038114,14.013869809100553,2.038329677149922,0.46309246799965176,11.8,concentrated,29.379763122480565,11.727756773786899,11.8722432262131,0.14448645242620195,0.4908742512852867,0.42838911875701097,0.2802665240124497
1972E53D39E83DC6E4E8E464D48D14C663172623ADE8FC012DB3D29CA0F47C05,H1,0,"[0.0, 4.0, 6.0]",False,0.0,stationary,6.997353500000827,0.0012119012142199485,0.0009751043340276693,1.931131665865672e-06,0.0,11.64448359528231,0.0,11.64448359528231,11.64448359528231,11.64448359528231,2.2015571005658234,0.0,11.64448359528231,delta,,,,,,,
4883B0DF336763D0929419C053EFE30F69B8C70464761C7D9C0CCEE40C2BB05A,H1,1,"[0.0, 4.0, 6.0]",False,0.0,stationary,6.446245699999054,0.0018078672861822562,0.0015351282621895131,8.910478045672779e-08,0.0,10.927029887094127,0.0,10.927029887094127,10.927029887094127,10.927029887094127,1.9924202166329201,0.0,10.927029887094127,delta,,,,,,,
A604E4445891011D6D60F7547551423FA7D574CBB8A9FE5A4038273D6E750E1A,H1,2,"[0.0, 4.0, 6.0]",False,0.0,stationary,7.899825000000419,0.0012118896693661767,0.0009751622188746911,9.37566920169405e-06,0.0,11.644443042221791,0.0,11.644443042221791,11.644443042221791,11.644443042221791,2.201523511560163,0.0,11.644443042221791,delta,,,,,,,
18C501B2470055DE3F3EE67D0CB017029070B648BEC6B61DCD530355C560B62F,G1,0,"[0.0, 4.0, 8.0]",True,0.0,stationary,69.3057706999989,0.0007369460571111443,0.0005026159366337898,2.8789416526356207e-07,0.0,11.675175344412228,0.050008272729607096,11.592850321162265,11.675175213221104,11.757500121808182,2.162291893486379,0.44424852625014366,11.675,concentrated,55.842336558999385,11.616280491958477,11.734066981708125,0.11778648974964767,0.7606819490167396,0.9932335332269485,0.0056407877509653285
15DA710E778B989432F213E2230F0F74DC1A0751031B089121886D408587EDAE,G1,2,"[0.0, 4.0, 8.0]",True,0.0,stationary,68.98360130000037,0.0006356719901498338,0.00040004014596924835,7.170562268125104e-08,0.0,11.65156507323232,0.05000000000000563,11.569253242918354,11.651564736983012,11.733875580123426,2.1510147296236375,0.45104664968289354,11.65,concentrated,55.82456461324433,11.592653089030305,11.710464185701724,0.11781109667141898,0.7608559629758006,0.980208729025162,0.01958130298202656
8638FA4A48C74C9C285600030A1CCE9EAECB76EFEDBAFB6CFF37F04E63C9948D,G1,1,"[0.0, 4.0, 8.0]",True,0.0,stationary,71.09024929999941,0.001566649915911761,0.0013122564502070456,1.13801821807984e-07,0.0,10.976844658152363,0.050000114840903685,10.894532780758665,10.976844402901085,11.059155378259511,2.0109723624733347,0.43381751822080483,10.975,concentrated,55.81379399091292,10.917924598946916,11.035755911911933,0.11783131296501637,0.7609352131616498,1.6391840690495335e-30,1.0
72720802F05A5C4DB5E22B49D79358955C05E6F626800A11D44B5EC3603209C6,G1,0,"[0.0, 4.0, 6.0]",False,0.0,stationary,13.53425950000019,0.001213939585508712,0.0009771677108602593,4.680831189970746e-06,0.0,11.645824288307264,0.05000000086267204,11.563512496019396,11.645823902854895,11.728135049465136,2.1962400888598834,0.0,11.645,concentrated,55.84432907775453,11.586929297751839,11.704704440777608,0.11777514302576897,0.760713723777428,0.974142692029922,0.025722017733847746
DA8ABF6CF94FEBDAB0284E8042C362E2630C3D0F3ECE9A6A8CB8C0B28996F600,G1,1,"[0.0, 4.0, 6.0]",False,0.0,stationary,13.850621399999,0.001811771574011978,0.0015391230921260825,8.057878049849944e-08,0.0,10.92687625697171,0.050000000000000044,10.844564591083522,10.9268760123343,11.009186796337321,1.984311187166879,0.0,10.925,concentrated,55.81260954459265,10.86795538496293,10.985788767786659,0.11783338282372924,0.7609445173373706,1.020738519747801e-35,1.0000000000000002
77A5ABD10C459A46AC7D1810AD97924A761DB86D94C980D7C16A54446D687C45,G1,2,"[0.0, 4.0, 6.0]",False,0.0,stationary,14.02139790000001,0.0012356161892022085,0.0009662696431421093,7.29999065877861e-08,0.0,11.645625002167089,0.049999999999999996,11.563313298136082,11.64562465967538,11.7279358830178,2.166528414197861,0.0,11.645,concentrated,55.84755596519407,11.58673354186088,11.704505142560294,0.11777160069941317,0.7606998476587166,0.9739054823287933,0.025961305829857475
D3752CEFF5BF39D1AA8D09341C1161814AFC682D0A215CFA33D7F7E456F5FEFD,H1,0,"[0.0, 4.0, 6.0]",True,0.0,stationary,8.520014200001242,0.0005925554706497085,0.00036695904007619083,5.4952401119551865e-08,0.0,11.582062705826411,0.0,11.582062705826411,11.582062705826411,11.582062705826411,2.0987626420527756,0.4810960766749206,11.582062705826411,delta,,,,,,,
868D4769B8560AC6D98C46C116A158D55AA84A1CEA2D5321E4626AFE578C4803,H1,1,"[0.0, 4.0, 6.0]",True,0.0,stationary,10.20803629999864,0.001074401576617569,0.0008377001033762721,3.4111557234526053e-07,0.0,10.997569630861458,0.0,10.997569630861458,10.997569630861458,10.997569630861458,1.9665572405137768,0.5369324096487103,10.997569630861458,delta,,,,,,,
43C0BD7119933B46A7146A1129E6C335D039D51379B286070E09B6C58B47B05C,H1,2,"[0.0, 4.0, 6.0]",True,0.0,stationary,8.486531900000045,0.0005925558035712025,0.00036696644896215774,9.974575109385965e-08,0.0,11.582093839760232,0.0,11.582093839760232,11.582093839760232,11.582093839760232,2.098788889166382,0.4810955298139834,11.582093839760232,delta,,,,,,,
74BD615AF1FADFF9EB4A605C3C8F3896A8443462BB4E14DFA23BE64ABB7A5D8B,C,0,"[0.0, 4.0, 6.0]",False,1e-06,iteration_limit,20.48258039999928,0.0009607324283833948,0.0007742938003968415,1.3719433025254465e-05,2.454379430205585e-06,11.795312645122399,1.699846693082813,9.430849426761988,12.085988995182495,14.638890043185798,3.567683225804261,0.0,12.530000000000001,concentrated,2.9174335022328384,12.063928744368974,12.967219912765856,0.9032911683968816,0.30817014031188583,0.004810339450274545,0.45990309750079017
AE84E92B8E70B8E96AAB5D87D20422798E88F0D335AE2D3752A052FD90176261,C,1,"[0.0, 4.0, 6.0]",False,1e-06,stationary,23.411139100000582,0.0012274846563430004,0.0009647723339748025,1.2485177547050261e-09,8.758132163456164e-09,12.739348711332486,1.6553099100449933,10.527991269743971,12.926389683015511,15.516003871722978,1.7177714251925487,0.0,10.875,concentrated,3.5367260981926285,10.52977662675926,11.202407227462754,0.6726306007034939,0.2761907895619192,0.0003321595839678375,0.3613368031311145
F7367BFBA7ED703F7575C9220A6A37E9B9A6DD065BE3C3AB0B812534BA54608A,G1,0,"[0.0, 4.0, 6.0]",True,0.0,stationary,58.97329830000126,0.0005943592851189773,0.00036857928990576265,4.0987368901318475e-08,0.0,11.5823472040084,0.05,11.500036054265323,11.582347140328103,11.664658010955323,2.088473511276884,0.4820449635112489,11.58,concentrated,55.79041140901555,11.523411011080212,11.641281413108201,0.11787040202798948,0.7610918505325466,0.7515235686370272,0.24847597706566626
1FA540EFC1EFB1937ACF28D3236D2B1F64FC66C09687CDFA4BEFBABF42D87435,C,0,"[0.0, 4.0, 6.0]",True,1e-06,stationary,48.19614560000082,0.0003862699703280867,0.0002478805091434691,5.886531091286149e-09,1.2663508575918111e-08,11.74626456060515,1.688536176177982,9.428866771174249,11.962108905993675,14.555516208746155,3.794819251035382,0.4854244064051796,12.48,concentrated,2.6873264552060627,11.83257283405117,12.904780501346345,1.0722076672951744,0.33412087154953374,0.032258189621030504,0.4382089993482371
74435435334BD9A3EF6480909BC36C9EC3229BAF54E787D737BB354509D3D411,C,1,"[0.0, 4.0, 6.0]",True,1e-06,stationary,43.88686020000023,0.0006860149549674929,0.00041611086719696633,2.049715817293469e-09,2.749560075619912e-09,12.082043247132903,1.540569641112615,10.438352135975402,11.30720023602083,14.994427296564199,4.99999989029411,0.5092466547643775,10.935,concentrated,4.379799467601836,10.49363377376617,11.383912051938193,0.8902782781720227,0.46224566148979596,0.008085944892555909,0.5621271901934372
CD4300D33AD08C3AC17C5DAA2677B9B7C1803A73304FC8B48A136ACF38D395C1,C,2,"[0.0, 4.0, 6.0]",True,1e-06,stationary,43.423965699999826,0.00038627058491842416,0.00024786339394435925,5.946995243437982e-09,1.2639559280883458e-08,11.746432343002267,1.6886262028913996,9.428934827279667,11.962197890683948,14.555674214646704,3.7941206633568396,0.4854005082481829,12.48,concentrated,2.6870593867750086,11.832632397992358,12.90487061090647,1.0722382129141117,0.33409404057572933,0.03224858197329769,0.43820346788944375
8A9A0A97C38DDD2B8AF7E68ED580EA9D8C402F88CF782F134BB285F880707B58,H1,0,"[0.0, 4.0, 6.0, 8.0]",False,0.0,stationary,7.094222399999126,0.0017153742371853128,0.0014728137816180122,1.5198510508541757e-06,0.0,11.729456894698373,0.0,11.729456894698373,11.729456894698373,11.729456894698373,2.280590554779694,0.0,11.729456894698373,delta,,,,,,,
439A6F87DC0B3315AED6F6C1315FB5E786B316A2CAF86B59F36846CC4AB2664C,H1,1,"[0.0, 4.0, 6.0, 8.0]",False,0.0,stationary,6.4823199000002205,0.0025011014720984926,0.0022496316549821373,4.383381566367933e-06,0.0,11.030324456998988,0.0,11.030324456998988,11.030324456998988,11.030324456998988,2.0711274765538845,0.0,11.030324456998988,delta,,,,,,,
8B7858971434C47973CA064C646276C86568074D3AED6DEB522FBE36EF6110AE,H1,2,"[0.0, 4.0, 6.0, 8.0]",False,0.0,stationary,6.844448400001056,0.0017143829769436397,0.0014717584661736915,1.2598708564731015e-06,0.0,11.729380062055222,0.0,11.729380062055222,11.729380062055222,11.729380062055222,2.27985584560147,0.0,11.729380062055222,delta,,,,,,,
B4A084590144B4620DA61CD958D11F1A0C986F41A4BC47F60E1022A692DE60B0,G1,1,"[0.0, 4.0, 6.0]",True,0.0,stationary,59.37883829999919,0.0010850397792704154,0.0008224123028348093,8.744217693857254e-08,0.0,10.997620945262424,0.05,10.915310109283425,10.997620995739222,11.079932052350372,1.9407900459487943,0.5364674303073977,11.0,concentrated,55.78873175475698,10.938685204596267,11.056558253447195,0.11787304885092809,0.7611023929370642,1.787995933231513e-28,1.0
DEF4FF4C1073BAD4AEA1F374D4E683C807DC6B148D413C62F0C50DC99239F21D,C,2,"[0.0, 4.0, 6.0]",False,1e-06,stationary,33.36150339999949,0.0011285917540606075,0.000894199409718758,8.291782574393084e-07,4.228659381300294e-08,12.089748783410403,1.6329713850130712,9.728625346710368,12.321000423008341,14.836363175621774,1.9737422243967648,0.0,12.41,concentrated,3.419017481224369,12.04918226043309,12.85045132774857,0.801269067315479,0.31663984004328893,0.002768932581133926,0.3654997112763229
F1E6F305C6662D4AB7E84E82CDC78BE5BFD3689C1A65BF049645FC6BBF4F0045,G1,2,"[0.0, 4.0, 6.0]",True,0.0,stationary,58.87253240000064,0.0005943593266516977,0.0003685808579994317,8.930680738701407e-08,0.0,11.582358628665844,0.0500000000001032,11.50004749441561,11.582358569715053,11.664669445854846,2.088432751425459,0.4820509277211553,11.58,concentrated,55.789811525433755,11.523422036835397,11.641293386175183,0.11787134933978649,0.7610956236079545,0.7515958757130954,0.24840366946033468
1F9593ED968070D2DC8C3400ACE038A40CA44713C3565C8E89097B6F60764021,G1,0,"[0.0, 4.0, 6.0, 8.0]",False,0.0,stationary,13.82519019999927,0.0017525194689038354,0.0015027958228975723,5.174213281187332e-06,0.0,11.729125333857125,0.05000128670781981,11.646812488588044,11.729125725800902,11.811439256511738,2.277018714211765,0.0,11.73,concentrated,55.84193750447151,11.67024360121318,11.78802279451434,0.11777919330116049,0.7607177449258855,0.9758404783891624,0.00015178324241088586
524CB4D11A54D55A99B3EA46C2CC991EBC4C6F84B653FFDE8C7AC72AAC3DE861,G1,1,"[0.0, 4.0, 6.0, 8.0]",False,0.0,iteration_limit,14.279792400000588,0.0025041265395787855,0.0022524423166900647,1.6161655659012573e-05,0.0,11.030679184199037,0.05000117993207107,10.948365515894942,11.030678827224403,11.112991968684375,2.0772121470493383,0.0,11.030000000000001,concentrated,55.84544906082146,10.97178542853056,11.089560648627076,0.11777522009651697,0.7607031563500457,2.20259259155504e-25,1.0
C52209D6FD655A9BE8AF8429BF356EDE869CA1A2854504BD31E6201CFCFF5F0B,G1,2,"[0.0, 4.0, 6.0, 8.0]",False,0.0,stationary,15.552419200001168,0.0016551844571909623,0.0014135667101034379,2.8045531063465806e-07,0.0,11.719492822356763,0.05,11.6371818637737,11.719493125625185,11.801804464431505,2.272015185890578,0.0,11.72,concentrated,55.84904598163517,11.660612445342897,11.778382411202942,0.11776996586004529,0.7606934405277805,0.984674783874415,0.0003132791722083408
26F969AD0E377F13CC74C2A089E77688D474FBC267B342EA1E2905937428C5A2,H1,0,"[0.0, 4.0, 6.0, 8.0]",True,0.0,stationary,8.522868800000651,0.0007251859695148448,0.0005165876057469171,5.111703072029527e-07,0.0,11.66357423525709,0.0,11.66357423525709,11.66357423525709,11.66357423525709,2.155656359189185,0.43895953627987283,11.66357423525709,delta,,,,,,,
F59CBC74D25B52D512FD6090DA9E47A3CAAE96637E671C38AA2732BA0F5114C2,H1,1,"[0.0, 4.0, 6.0, 8.0]",True,0.0,stationary,8.207877400000143,0.0016327325905337933,0.0013997842819875334,7.743891418562285e-08,0.0,10.982117004550702,0.0,10.982117004550702,10.982117004550702,10.982117004550702,1.9883916364937488,0.4296129001866491,10.982117004550702,delta,,,,,,,
3B0B62A6CECBCEB9312C8DE89DD5FC8D70542A6DD1100E0D210E1B719CC37C49,H1,2,"[0.0, 4.0, 6.0, 8.0]",True,0.0,stationary,9.372753699999521,0.0006272868481457122,0.0004103457717785817,4.97354534254715e-07,0.0,11.642799033149256,0.0,11.642799033149256,11.642799033149256,11.642799033149256,2.1482748782509917,0.44525229255292387,11.642799033149256,delta,,,,,,,
C4F7275AFDDD34925FCEAD9474629EC59E120ED80D4A2AB361B716621742D801,C,0,"[0.0, 4.0, 6.0, 8.0]",False,0.0001,stationary,35.36017869999887,0.0017848478029259803,0.0014422859014111959,2.1688311089802515e-07,5.2130767219812045e-09,11.672604832238358,1.6554111698548275,9.370703615483684,11.341121864541307,14.793834779317553,2.8574173859127883,0.0,10.48,concentrated,2.3450709132012038,9.669092319670524,11.074222820630817,1.4051305009602935,0.37390022556028923,0.018174884502821093,0.5119799942083041
34B17E5B047533CBC09EDC708AF20ADB24F00002943F2C58D7285D2F811C8908,C,1,"[0.0, 4.0, 6.0, 8.0]",False,0.0001,stationary,33.11238570000023,0.0019527144900467084,0.0015658501740052904,7.17644064443451e-07,7.837385210068013e-06,12.070099349420806,1.7256408224508852,9.598834335963364,11.546515649931262,15.313357842424786,2.4427184612491732,0.0,10.985,concentrated,2.540112972740809,10.331653179097847,11.551038624122112,1.2193854450242654,0.35635756802814417,0.03444023332464383,0.5003367482005434
DFE6C5E307714677393F3D23257CE2045E53519412D55CB2A3DFFB26B4BC7EE4,C,2,"[0.0, 4.0, 6.0, 8.0]",False,0.0001,stationary,32.99682750000102,0.0017841080575588988,0.001449411600935285,3.822695081785325e-07,4.668760465923838e-07,11.680266634847964,1.648169255529429,9.383734162104671,11.377316106495169,14.78390299800622,2.820158083937422,0.0,10.485,concentrated,2.3314144462541364,9.675994320371796,11.085765904371229,1.409771583999433,0.3732866715345553,0.019333795497858856,0.5103333442581346
2580F7E0A319B658D645A3CE94806F2134B062EA21C4570868E9684EB692B44C,C,0,"[0.0, 4.0, 6.0, 8.0]",True,0.0001,stationary,68.1970237000005,0.0008126919689996313,0.0004109544499567767,1.934336297039102e-07,1.409858895416987e-07,11.647565906541884,1.6398828208974043,9.369476604279273,11.693930555776735,14.678733735710757,2.9785358145809564,0.4547169901889341,10.355,concentrated,2.32628491177113,9.587833535889892,10.926551802641272,1.3387182667513802,0.3539516388252395,0.030310052356229612,0.4873800951356115
65C9AD2AC0C7FB881560B885717F5A1C1300EE9C52531B60D2AA3BED1C1E73C1,C,1,"[0.0, 4.0, 6.0, 8.0]",True,0.0001,stationary,70.42830529999992,0.0013729347442125832,0.0008934023032680749,1.0177876828443087e-06,9.917997465260257e-06,11.933008843849702,1.6884643122082883,9.611627583011241,11.393759456640302,15.11073259594713,3.1497690223747234,0.48009221212917996,10.885,concentrated,2.602077077562554,10.182569020886016,11.476426563161704,1.2938575422756884,0.38586237094526243,0.02949858044082766,0.5291544192964202
2AC421CA54586358E7D4E832FB674529166D4E62559CDB2EC9FF2340FDE32548,C,2,"[0.0, 4.0, 6.0, 8.0]",True,0.0001,stationary,66.43222600000081,0.0008057615583401194,0.0004288317657715048,2.6077645958838993e-08,5.4235102758804204e-08,11.675033305071759,1.6373831601547653,9.387581546059842,11.782322154722683,14.64028990929546,2.9727701810497247,0.4559898250232164,10.285,concentrated,2.209138958607677,9.508191824618788,10.869692317940785,1.3615004933219979,0.3412564072560881,0.040798283242219825,0.4678032053362365
78B242040D735A2A2B656479C9595344EC1B4497095A779496315D4D3327DFB3,G1,2,"[0.0, 4.0, 6.0, 8.0]",True,0.0,stationary,107.406692999999,0.0006259362605440045,0.00040421596830722155,9.689665342058624e-08,0.0,11.641268903650591,0.05000000000009766,11.55895702565373,11.641268513858588,11.723579464783686,2.137160258516143,0.44673387684796717,11.64,concentrated,55.83393653260975,11.58236443161529,11.700155924547877,0.11779149293258762,0.7607782011948591,0.968230422329021,0.03167496546166268
758EE0C49DF4B86AB0C0FD136AEF6BC6682BC4AE234D2FF3071E4C1E8391214D,G1,1,"[0.0, 4.0, 6.0, 8.0]",True,0.0,stationary,110.57615830000032,0.0016444828273274668,0.0014038827472003736,4.821253641043885e-07,0.0,10.982430966805996,0.050000773810036425,10.900118652366844,10.982430937949992,11.064743126380618,1.9780747849502427,0.4313185348627415,10.98,concentrated,55.78508445512636,10.923490904468093,11.04137013794584,0.11787923347774765,0.7611197752591693,5.896648563422522e-30,1.0
896BCFCD257592EFF5D9BC4F3C8887B2EE957DE99269D0EA43A398B4EC39A2BB,G1,0,"[0.0, 4.0, 6.0, 8.0]",True,0.0,stationary,116.36367570000039,0.0007289698133043617,0.0005190967117263133,4.016553534352766e-06,0.0,11.664266088237,0.05001440709013671,11.581931611599725,11.664266457487859,11.746601509914152,2.146076906628493,0.4389480188848336,11.665,concentrated,55.82981947637814,11.605369252231615,11.723176285475455,0.11780703324384056,0.760705910205782,0.9891771491151751,0.010289792304519702
