truth,replicate,heldout_vr,seed,unit,truth_mode_eV,truth_mean_eV,truth_sd_eV,mean_eV,sd_eV,q05_eV,median_eV,q95_eV,kernel_width_V,phase_beta,mode_eV,peak_status,peak_to_uniform,peak_halfheight_low_eV,peak_halfheight_high_eV,peak_fwhm_eV,peak_halfheight_mass,ar4s_mass,below_ar4s_mass
single,0,0.0,0,2EA56DCF6A4860B4B9A4A5A759E8D382441DC2903133A0CA42BD680EF9592E6A,11.65,11.65,0.0,11.758986803749917,0.7775813022858695,10.421810962281624,11.696054768301655,13.658690185966861,2.995044897708456,0.45623621489633104,11.68,concentrated,6.2412838656621945,11.198726353160028,12.163784848525847,0.9650584953658186,0.7024922973874529,0.24496481564602204,0.37007337640295973
single,0,0.0,1,59BF7B9840E34E0059EDF7C819137C2C8293B590F1E472B048F76AA3152BD4CF,11.65,11.65,0.0,11.756601068642928,0.7651349743269408,10.798220371182387,11.694624954927116,13.610668106913472,3.115323528354733,0.4550924862339776,11.675,concentrated,6.218562479392492,11.191371443279749,12.166871101614506,0.9754996583347566,0.7074239838987104,0.2441345781939678,0.37171038240433013
single,0,0.0,2,FD2641BECFC8BE49E11F08EC58301128CF64B1A80E92D96E17FE7F8DE77F0B25,11.65,11.65,0.0,11.756058298849005,0.7729235645177052,10.372933922071951,11.69983997270042,13.644517730330207,2.966081356588246,0.4563920610026826,11.685,concentrated,6.243073009910353,11.20468599014483,12.169905436684436,0.9652194465396065,0.7028109894539769,0.24508748311893155,0.366919101466583
single,0,4.0,0,32E0B338502420EC7310DD77C0EF03CE36175985E2BD2A977333417D30A6CB6C,11.65,11.65,0.0,11.76850483933288,0.7973631532149948,10.375169170711759,11.7058765048817,13.642328085002807,3.0261137088083,0.4641913040219108,11.685,concentrated,6.121017940943373,11.200494762566434,12.181039502067042,0.9805447395006084,0.6999542691485477,0.24043254238677053,0.3642896502718463
single,0,4.0,1,09AF1EE65CD2508F3AB05A75F3F5EFFFAF0B6562A03F834ED167EB5BC170C97F,11.65,11.65,0.0,11.749982468815407,0.7683216606205552,10.459491487703854,11.697584454453922,13.582500167237436,3.008437266015284,0.4686104144301675,11.68,concentrated,6.156899721587165,11.192718127522063,12.17810686965226,0.9853887421301959,0.707503112508892,0.2418556757615086,0.3705420912403317
single,0,4.0,2,8909A473DF47F145178C47D4631F009A13181AFDC1A1DDF4538585D31362396D,11.65,11.65,0.0,11.964434794530739,1.137661902284755,10.573120639308929,11.73080679871691,14.122704224297582,2.8739187082034245,-1.0,11.66,concentrated,4.974351181527941,11.110696137909095,12.209871822146203,1.0991756842371085,0.6370989793378263,0.1957592249825154,0.37123310841783536
single,0,6.0,0,F7D2680CA5B80D1441BD0BDE0C0AAC5F60B5E9068662B40564B6877966BCA954,11.65,11.65,0.0,11.782792040779325,0.819489629299337,10.840496344810884,11.694472246402123,13.686159002982903,3.0638115501728826,0.46224211030054807,11.67,concentrated,6.077031235017148,11.175918343322426,12.165972013106641,0.9900536697842153,0.7015366945855799,0.2385429280331282,0.37444936271622153
single,0,6.0,1,EEC243D107FDA7EDF4568C471F257035F3C0853CB3FDA2784B328B1BF0DCC93F,11.65,11.65,0.0,11.753406457079953,0.7776428173578559,10.862644853508197,11.678615396008023,13.617808879342922,2.9404104451408957,0.4668080838931594,11.655000000000001,concentrated,6.138275948749469,11.16152829177583,12.155934127547205,0.9944058357713743,0.7117412342518624,0.24060435026033375,0.3867179710361964
single,0,6.0,2,BD9164481F99C9FE734A11ABDE4C9048C317BD8DA480F46951B99FCE9A9F1288,11.65,11.65,0.0,12.173963044588982,1.3213963516918257,10.127547834643536,11.815273491915482,14.515111118129031,2.233136319462366,-0.9643408218424614,11.67,concentrated,4.534033713316813,11.142365254350077,12.206825743225693,1.064460488875616,0.5631663045635094,0.17843368271905913,0.32943472198902624
single,0,8.0,0,AE4828DC68A6C8B2DFD45F594997A5753F7AF332F4BB173B62525432117CE9AF,11.65,11.65,0.0,12.245193991016329,1.130552511225747,10.017833123875153,12.300623800226921,14.368913688760298,3.279811341989056,0.4469233678157012,12.3,concentrated,4.80466294351908,11.781534243731052,12.850267558900116,1.0687333151690641,0.5989734868602499,0.07014780157350128,0.15493758611001424
single,0,8.0,1,F5D4B8052FEB02C17D8D3C36FA234105885B7E29B32AC315AE316E16D470B927,11.65,11.65,0.0,11.759526139720405,0.7658248394969245,10.41439433950814,11.717708700155582,13.547998225144571,3.0487838797599776,0.48021836535847084,11.705,concentrated,6.102271748878186,11.209385691741593,12.206446647092474,0.9970609553508805,0.7095479428130462,0.2396904885205801,0.35509099373965725
single,0,8.0,2,C12AEBC47CF7AB0B60E45AD63D2E24F068ED4D68CC8FAEB5D5720AF32D3DC47A,11.65,11.65,0.0,12.246571694654017,1.1293054909234663,10.019648534556605,12.301135569212649,14.371885923161624,3.266004703962587,0.4470032452963111,12.3,concentrated,4.816188897882057,11.782371694955765,12.849911325656949,1.0675396307011837,0.5997415245545721,0.07006152260712792,0.15418911934660712
single,1,0.0,0,10468CCAD8E2824051D6552008D6918E449824B6798F70079223359ADBA8CCE6,11.65,11.65,0.0,11.752964862107282,0.7745553178094595,10.862825911566445,11.681488031752922,13.60199139409951,3.096905757416794,0.4479411333523211,11.66,concentrated,6.3159027175204105,11.181714783503178,12.146129001907278,0.9644142184040998,0.7103094150897922,0.24747453133516253,0.3810610326039763
single,1,0.0,1,68DFB729E5B6CD65DCAEF7139E5E58FBF916039E42CDB00F51FF88062F434848,11.65,11.65,0.0,11.745645325440877,0.752905176969884,10.895022764804333,11.67650012446246,13.573422185012097,3.086774957572337,0.4507265552697506,11.655000000000001,concentrated,6.339507536832191,11.174270725371139,12.143507679283735,0.9692369539125956,0.7164790154247553,0.24826854575645843,0.38498511619084125
single,1,0.0,2,9852B3FCB759199F72D541C7E141F9174FE8516A88225C9F9D82B523653B2CE1,11.65,11.65,0.0,11.752232007108631,0.7608411330985771,10.888619242460921,11.6814210716934,13.590550890760237,3.06385146433025,0.4504893342996865,11.66,concentrated,6.313281968641034,11.178340390999127,12.14811535711876,0.9697749661196333,0.7139327730854855,0.24740468532078005,0.38114390151784155
single,1,4.0,0,A2E430950D62CD7526C06B900C7E6412875384A9534F612B17559B7B6FF23F97,11.65,11.65,0.0,11.740864123871019,0.7577002751720505,10.865097314621563,11.676262234550165,13.570175826465052,3.0517645064453345,0.4584801679656465,11.66,concentrated,6.262269330314108,11.170623262491224,12.149520872434085,0.9788976099428606,0.7148125266709975,0.24537461993897047,0.3865992378303171
single,1,4.0,1,C91E67ADD4888F3288676C95CCD5AAB4E9F294611DFF4EA5223EB3205752D69C,11.65,11.65,0.0,11.738416617471167,0.7523369181370615,10.869378123507342,11.675265747822907,13.560448378743786,3.0425177421261056,0.45947989328953454,11.655000000000001,concentrated,6.266958420772638,11.169380717217985,12.149329724451144,0.9799490072331594,0.7161085012585436,0.2455391545422853,0.38738525543469304
single,1,4.0,2,80F79CE6C68AF803F7086BA620E186ADEBFDE105C9483D16E8327C72D4548B04,11.65,11.65,0.0,11.99228309281324,1.1401691264978464,10.813988245105737,11.737712113632584,14.18442394209888,2.903799871503781,-0.9999999771869637,11.66,concentrated,5.137141561237541,11.117462993926246,12.205413928021109,1.087950934094863,0.6513674142417968,0.2021051164318433,0.36202444545004886
single,1,6.0,0,2F87F25D4E2DDCE8A11164FC49DAE524D6330F0513794F2B4CB618454A044B65,11.65,11.65,0.0,11.736982059104651,0.7736546263084001,10.823004888264672,11.671035860685175,13.586433825242514,3.070310420379887,0.45799827449413044,11.655000000000001,concentrated,6.168694729671394,11.160470845195194,12.150101071101629,0.9896302259064349,0.7118073823430384,0.24162224794817863,0.3927607861922657
single,1,6.0,1,5BC39158E32E33ABB0502D1CED093C88DC0D7C8D4911DF4472D2900928459437,11.65,11.65,0.0,11.73736818663842,0.7749135558817319,10.821441970590758,11.671109131907915,13.588614583585036,3.070811965607748,0.4579959063721386,11.655000000000001,concentrated,6.165764447569137,11.16042408862649,12.15016588026642,0.9897417916399291,0.7115490951988535,0.24150891448498776,0.3927473002707311
single,1,6.0,2,804F2278B177BB9C1EA082E3EB38250A53E505D0BF4D6023014EAAE0CFC89A82,11.65,11.65,0.0,12.207017458595885,1.414150411004634,10.62056540106358,11.745042612806376,15.658022163359375,1.5787135264270844,-0.9405857347565154,11.555,concentrated,4.192741361979143,10.989642557635714,12.127011297537404,1.1373687399016905,0.5573299687029665,0.1600392790264323,0.3847667134009205
single,1,8.0,0,FF35ECB3B457C7798EABA02860039E9FC031590778AE1F251626FCBA1A685291,11.65,11.65,0.0,12.217773429223515,1.1438655373001159,9.97600924826974,12.2904734476817,14.354273074366175,3.2962318544481874,0.4414895393977796,12.295,concentrated,4.82141904285492,11.782738049970654,12.842075453066816,1.059337403096162,0.5957644476282444,0.06981479824623624,0.16104093690022034
single,1,8.0,1,CFB5B3933E79943D852085AAB82B38BCB9F9B4944E9978CD40288B4CD6A4528F,11.65,11.65,0.0,11.725014981633375,0.7576609160739651,10.866188405505788,11.666426455136573,13.520317714896429,3.102119207851029,0.4765914607599717,11.65,concentrated,6.202142424607815,11.153085333196206,12.149090192316006,0.9960048591198003,0.7203344699204002,0.24279118414319661,0.39614407111053845
single,1,8.0,2,FE9BB71F6F455B9E1BE7F0A52E1230537D3AF0E9D048FD0AFBD235F243377D6F,11.65,11.65,0.0,12.218328388070264,1.1430691814507585,9.976896209272708,12.290566766395928,14.35569145093283,3.2891127689590043,0.4413254789907586,12.295,concentrated,4.830229136487539,11.783235058126726,12.841436474914488,1.058201416787762,0.5962169140264859,0.06978158767271725,0.16060333858852882
single,2,0.0,0,D5CE2B94027F07CA64437C159BFA3FA94315F7DC9BE512DC9411D9E7F272024E,11.65,11.65,0.0,11.752726724994753,0.7445613811264181,10.884802322582297,11.694457830257697,13.56310838186335,3.0546568605028197,0.4637475933736426,11.675,concentrated,6.32824251563715,11.194509828806506,12.165121921069392,0.9706120922628863,0.7163249257482291,0.24841084147791465,0.369641005362848
single,2,0.0,1,BC0E9BCC33B0D084031DB7BB84184019E9C89583A568F9BA5A7C98A2041634D4,11.65,11.65,0.0,11.756131915425964,0.7508376134382057,10.883930800532383,11.695901493194466,13.572620584517686,3.056790964433792,0.4633372741166424,11.68,concentrated,6.314707390486084,11.194989124329044,12.166456657255093,0.9714675329260487,0.71541831476898,0.24789843605018097,0.36865271616828865
single,2,0.0,2,01A271BC4CE6880DDA482CCC67DB039ECB3CEC9B949B8A582C56498F1E01E16F,11.65,11.65,0.0,11.76193101383822,0.7580932401821205,10.878165786472822,11.6993557766197,13.592596724105267,3.0261988208457993,0.4634534925571192,11.68,concentrated,6.296976401050269,11.197775754907608,12.16900172061274,0.9712259657051323,0.7132592159795444,0.2472284259089487,0.36601863184707206
single,2,4.0,0,B415BDC1C7CC374732CBF88F403C0D91832064EB688810BEE3DC74C91E9D688D,11.65,11.65,0.0,11.740122992601062,0.7629343928481938,10.76184835518132,11.685511268470957,13.564280575692015,3.045774928409584,0.4532099529604139,11.67,concentrated,6.235728847264396,11.184774758074221,12.1608422212921,0.9760674632178787,0.7098112628538642,0.2446861457289425,0.3792225772261403
single,2,4.0,1,6CABF623FF6413180B61D9B8AB0D6682ADDF2BEE101D02024E4CB74835C144AE,11.65,11.65,0.0,11.736649500596384,0.75059138479404,10.846049347522163,11.680364571614076,13.530268901590567,3.1085724385620397,0.4529507193764557,11.665,concentrated,6.251791237260411,11.176074334969577,12.157079013956345,0.9810046789867677,0.7151566758754253,0.2452010210991704,0.38330754855860333
single,2,4.0,2,33E29E162DC3240C2245281E2EDA6954258737F38D723141D8307F58130CBE0B,11.65,11.65,0.0,11.990970602716567,1.1451790176051806,10.787012752145547,11.736260961978335,14.175748803997045,2.920537807305682,-0.9999998939496074,11.66,concentrated,5.105637615621723,11.115462683733718,12.202370512132456,1.0869078283987381,0.6468283953606395,0.20078436528319882,0.36388210781113095
single,2,6.0,0,BBD13BA060A32A379FA235EB08F53A298DFC3D9974CE8CE5EACA2133850DFD71,11.65,11.65,0.0,11.739679364459198,0.7852963801654029,10.740831807815482,11.677685755886525,13.610739096148865,3.0509263103877666,0.4544952608599828,11.66,concentrated,6.163308833902254,11.171549812255153,12.156650545447183,0.9851007331920307,0.70801249670314,0.24169668429165433,0.38723577621834526
single,2,6.0,1,83CD9247632C2048358DCA7E321D66C133ED01DA212743195AAE94ADA7BCA4F8,11.65,11.65,0.0,11.726307513670994,0.7609416835427503,10.768445887422965,11.674900065135516,13.539085466755765,3.0412340481111264,0.457811438037081,11.66,concentrated,6.159399210361459,11.167216023629488,12.160377711216631,0.9931616875871434,0.7133030924567322,0.24158739137007573,0.38971873790711087
single,2,6.0,2,E92BD25219F9F6D0A41D3559E89FC328137A9195239EDF338AF2E04BEBFFDD3B,11.65,11.65,0.0,12.14079255331725,1.3156395687007172,10.064544950501446,11.799874133531622,14.463266166158801,2.215320474482942,-0.9878114351625606,11.66,concentrated,4.556909982172247,11.139270535115802,12.198102417601971,1.058831882486169,0.5629976600727699,0.17919761990097613,0.33823308213322173
single,2,8.0,0,4CC892F908621446D4AEFE3428A680F4BA3C5F3C6AE3A33DF3A077A5B039FC88,11.65,11.65,0.0,12.220195330636507,1.1240578617776962,9.998613730516192,12.28381706460465,14.336017400062971,3.270675130267171,0.4272460652051213,12.285,concentrated,4.853542216462804,11.770601685413984,12.834310661250335,1.0637089758363505,0.6022171991055114,0.07376898851746334,0.15672107312325717
single,2,8.0,1,5950C24EA34DB8A46A54655A402FD3CACA96E262B9F3D89683CCFCB0BFA2B626,11.65,11.65,0.0,11.727997273233125,0.7623255567041136,10.843849761442332,11.672746333728,13.54068393475417,3.0310086212963965,0.4619690593339134,11.655000000000001,concentrated,6.201467396542663,11.163083909025715,12.155678814928754,0.9925949059030383,0.7178224391396614,0.24309668515174096,0.3907659603290518
single,2,8.0,2,76E716511C62DBD7F1A44698F3FD941B888168B90454A7C0360F96B0780B757A,11.65,11.65,0.0,12.22019541926734,1.1240578879607794,9.998613783585077,12.283817109374587,14.336017618213887,3.270675002562569,0.42724604733461646,12.285,concentrated,4.8535421145596525,11.77060170277295,12.83431070476146,1.06370900198851,0.6022172053506591,0.07376898179060519,0.1567210589456792
single,3,0.0,0,2716C87BCA0E4363548CB596C980B3322C02F37D3212163D9D274EC6CC684046,11.65,11.65,0.0,11.746172531106817,0.7536623457790878,10.40202519555225,11.699613691224314,13.585767556079235,2.9649646599976767,0.45577834756625624,11.69,concentrated,6.282931220053519,11.206421057325905,12.174569233498591,0.9681481761726864,0.7094648763907898,0.2466903141988751,0.3664089684140466
single,3,0.0,1,D20E73D194A18420447DCFF094B6A97B415501C0F0A9DC97C125E162C217AD61,11.65,11.65,0.0,11.755943280614785,0.7311386703068291,10.847624241131072,11.70824570276152,13.54691286633788,2.9912949271380795,0.45889136405861897,11.695,concentrated,6.272583672445068,11.207553611093221,12.185570105216877,0.978016494123656,0.7154374074662485,0.24634606171043338,0.35911449374064985
single,3,0.0,2,0ABCE640E1D1DAA2C0EC3768127A34ACC6570A944B56E15F84A22E04DB77C3AC,11.65,11.65,0.0,11.744195745351867,0.7512388708447827,10.408611219118978,11.698869947371842,13.575401321709956,2.980386728742428,0.45579481640147357,11.69,concentrated,6.286907373417199,11.20576184515156,12.174512540414304,0.9687506952627434,0.7103534313923023,0.24685236792254148,0.3669728696369133
single,3,4.0,0,504C5457AF1CCD8758C52918CE8048134311007702478DBCF8DA5605D71AA328,11.65,11.65,0.0,11.752284643163865,0.7605765413727211,10.352354723486679,11.7078202389299,13.580727317497034,3.008361303080253,0.45821557244557765,11.695,concentrated,6.171584254996292,11.207912793496343,12.18812551376643,0.980212720270087,0.7054886510971095,0.24239005533234492,0.3617909754620879
single,3,4.0,1,B74C5AE4D0F4F776E4280D92E0811AC8FC4859473E181CECEE678541E4E9A435,11.65,11.65,0.0,11.74685782419269,0.7685849404691812,10.308731558699128,11.702534045720498,13.59744481575195,2.98635740237677,0.45839306000880664,11.69,concentrated,6.177878528174872,11.205480874547627,12.182114887928758,0.9766340133811315,0.7036703944435807,0.2426305414849208,0.3661401209393265
single,3,4.0,2,DA2F4ABE61DD4F807195BB18214C4FBC08C593D8A53818B29DAC6363FFF08AEE,11.65,11.65,0.0,11.956116126223979,1.1265653777518139,10.599490704812489,11.735971100899658,14.1266124022061,2.902671980467057,-0.9999999999999996,11.675,concentrated,5.068041285187817,11.12528447441274,12.222201479516954,1.0969170051042134,0.6478081856274402,0.19963980066547812,0.3652779177223201
single,3,6.0,0,4413B24816AAB2C263280080F56E1359762D89672665AE8B926131D6BF64D162,11.65,11.65,0.0,11.759107691108529,0.7556397299813671,10.422515554498032,11.715256334056203,13.559289330007658,3.0490856359172698,0.45837443795436617,11.7,concentrated,6.130831050701383,11.209132945022304,12.200389510070922,0.9912565650486176,0.7086606629495142,0.2408050204828153,0.3564516061134173
single,3,6.0,1,51E4B84AD31BA58D3F8A61D0B08204621EC4B2A3FBD6F49E371CE497BF06DA47,11.65,11.65,0.0,11.742668376399733,0.7359715739422258,10.455351637452726,11.708151367097342,13.486718737469591,3.0041023632338835,0.4626728776535942,11.695,concentrated,6.140185804082576,11.201975144324313,12.19939226886499,0.9974171245406769,0.7141433083465738,0.24127856115337884,0.36221108075113384
single,3,6.0,2,2AF7E409EA5128192582C41DF2D0726E794981C1AAF1D193C9FB72EE7084EB15,11.65,11.65,0.0,11.752095627199509,0.7627969227359456,10.33945667899125,11.710763527893066,13.573331490671135,3.0337119088312448,0.45834870051948795,11.7,concentrated,6.133942023956123,11.208264232269466,12.196150356771012,0.9878861245015464,0.706644965162146,0.24093597831127533,0.36021044766375304
single,3,8.0,0,CB28AE19CFA13594C3D7DD1E6C7B88F40EAB4D774AEBD09B580548A8002A75FC,11.65,11.65,0.0,12.240852504355303,1.1451624992498837,9.999608395649147,12.296747920896806,14.38560112805229,3.2684555535259077,0.43401853040934335,12.295,concentrated,4.7875196474144905,11.779701298242996,12.844425163415268,1.0647238651722724,0.5946122371543983,0.07028613978321527,0.15764549745168907
single,3,8.0,1,C39AC27CE13F3CC582B2F60D1B01688775432296E55172F73B5B7267A01581EF,11.65,11.65,0.0,11.759209120595296,0.7694624480011899,10.589189891002043,11.709499756650047,13.566778908421906,3.0354947584868994,0.46968335315259324,11.69,concentrated,6.107328083405562,11.199284969042884,12.194229725542836,0.9949447564999527,0.7086251254194091,0.24000190060206475,0.3616073518626793
single,3,8.0,2,5380D22BA67A6BD504E14BC0FFBF2A6475890357F9AD1C3003FE8C0A4ED12DA0,11.65,11.65,0.0,12.24139748495908,1.1444138007912343,10.000524009588087,12.296903509800249,14.386980807764864,3.2603276737398685,0.4340396650089584,12.295,concentrated,4.794928961368138,11.780187206668069,12.84403595852605,1.0638487518579804,0.5950452590391342,0.07024461246290625,0.1572524474873123
single,4,0.0,0,0D03D7E1BAA8C1933C9380AF6072D7A2C335A33EC6FFC66B947097A3F91D176A,11.65,11.65,0.0,11.765790609104673,0.7905681262199299,10.492546274459514,11.700378160549318,13.613398275680273,3.0064290525373987,0.4659138572232815,11.68,concentrated,6.221506865201715,11.200153577011136,12.169398843821606,0.9692452668104696,0.7032996921056289,0.24426002136204786,0.366764243452659
single,4,0.0,1,F644EA790CD13A38D227A5E9E7FD0B930454C573CFB78B97252A8902F3CEF93C,11.65,11.65,0.0,11.745706326552007,0.746824757600662,10.815782004387623,11.694546945142477,13.536603094159473,3.022928909934788,0.4684154541728862,11.68,concentrated,6.286990770602827,11.196163207463364,12.16893948595462,0.9727762784912564,0.7132761100829744,0.2468392750951037,0.3704942139112739
single,4,0.0,2,9ED7A8EF49C90B5C47704E5CA27F0811E0DF4F466E4525F5A4338796B02C3456,11.65,11.65,0.0,11.75691343143696,0.7917681776743893,10.377300426799957,11.696075253161778,13.620370914570387,2.9801730761357854,0.46665280098933715,11.68,concentrated,6.24566710756108,11.200650485250787,12.165268419799602,0.9646179345488157,0.7026672591508607,0.24514996057433872,0.370029095265951
single,4,4.0,0,36F7BABF80DF9ECDD3A27DB4113FDEA97E7D4FA23C5AF6A21DDED2B5E67A868E,11.65,11.65,0.0,11.767638351826903,0.8509442398053942,10.291239658019297,11.693112257183166,13.675174986401709,3.018803130583643,0.45846178899371015,11.675,concentrated,6.143599979746909,11.193607974839756,12.163273960584839,0.9696659857450829,0.6948191583380637,0.24112275085089524,0.37454088236344774
single,4,4.0,1,A04E5D2B366011E73EB0F7679376601B35139A2BF9C7128010E5F0683EA675A7,11.65,11.65,0.0,11.755837881561048,0.8220513764610096,10.712895332112094,11.681499525012256,13.623178498313386,3.0037865756024487,0.463014700247663,11.66,concentrated,6.155230148887105,11.17521979203518,12.155488334322953,0.9802685422877726,0.7036431935541295,0.2413609164422638,0.3840615583933926
single,4,4.0,2,F9AA94FA52B86638E22ED995A552DCE4BF7831E31AE701C3235E900CBF6EE9D1,11.65,11.65,0.0,11.975691840619076,1.1446510700856252,10.733155734545717,11.72667521121418,14.1283686249009,2.891351703831118,-0.9999999987378331,11.65,concentrated,5.082866565495592,11.108095431543639,12.191719754043707,1.083624322500068,0.6419604013804262,0.19957833366837896,0.3712911257370373
single,4,6.0,0,C76508BF38B709B1BBEE4FEADDC31EDACD097196F0093CAB0AAEEDD97766052C,11.65,11.65,0.0,11.764510132465691,0.8372068155347573,10.835779405634979,11.671672663214457,13.64576671770298,3.0545957408643094,0.45860979079129116,11.645,concentrated,6.136129627370556,11.157079101963818,12.142740173049967,0.9856610710861489,0.7052236548078864,0.24005356866475555,0.3926503631784011
single,4,6.0,1,684E4077606A7996FA1AD3F1FE8A0736CDDD5936E435440DBD958727495AFD03,11.65,11.65,0.0,11.742545661319863,0.8096400864361822,10.824175941688152,11.6650349254849,13.581372860454076,3.007952218764483,0.46299805922115045,11.645,concentrated,6.1541341008817305,11.152404232672296,12.14303497006422,0.990630737391923,0.7108632923007778,0.240675385334894,0.39810456629317403
single,4,6.0,2,2E5E0A3D787FB225506C9C87AD90CE5D83CBE137E5572F158930EA4E01738E47,11.65,11.65,0.0,11.765334369466641,0.8542976086557071,10.812487846283277,11.668275723716492,13.677917646310869,3.0360822159697025,0.4582339728176612,11.645,concentrated,6.135582969447775,11.15559349122144,12.137526977218972,0.9819334859975317,0.7025091496575833,0.23981952225095807,0.3955720392714881
single,4,8.0,0,F32EBAC5E2FDDB03B05685A1D14E97120B892894D9ED41DAD4BFDB902975596C,11.65,11.65,0.0,12.257967744911621,1.1391362311026456,10.00834848155879,12.301289890205783,14.376755917345497,3.255596158121028,0.4336148441916745,12.295,concentrated,4.813378804859735,11.778855955034038,12.838299361368769,1.059443406334731,0.5949303434498363,0.07081169721116572,0.1520572992038982
single,4,8.0,1,0432C6C9BBA9C7F56BE010ED091B3ECA06E329954D597653410DA6E81B7FDEA7,11.65,11.65,0.0,11.767145563773779,0.8099782052488165,10.859793627953755,11.690070091331917,13.602766038353176,2.997243206033582,0.4662549694852325,11.67,concentrated,6.138573537840592,11.174716386672545,12.167897692842178,0.9931813061696335,0.710957846023383,0.2409889545998291,0.37701816323110515
single,4,8.0,2,6CD46611C6E57F71418D0175D11F63ACACDE0ABA66E91D2CA3C4DAC5E536C6C2,11.65,11.65,0.0,12.258025838167693,1.1390655486008436,10.008443439565378,12.301305301981007,14.37684495617712,3.255080826180478,0.4336171010235552,12.295,concentrated,4.8138889664061555,11.778882340718408,12.83827769779054,1.0593953570721322,0.5949664598540656,0.07081097198449045,0.15202302881854138
gaussian,0,0.0,0,D5E3E68E9CDAE4A0918C402CA6938171F007BAB5B3D9A64112CA73DF9586BB89,11.65,11.65,0.15,11.770380713058769,0.811174120009394,10.897709655531367,11.683658726397129,13.621332869831454,2.9744366580164896,0.45249741563796153,11.66,concentrated,6.17088499885269,11.164987092070161,12.162307058778211,0.9973199667080497,0.717664946442069,0.24210765418265853,0.3818135470914805
gaussian,0,0.0,1,49085C441849E6AA58E7DCE674EF34C078015CCBDEAEB57A333D710EB85AB8D5,11.65,11.65,0.15,11.754273318456425,0.7481868545510576,10.924016579701311,11.686563506922425,13.479939802433265,3.0130361724282437,0.4559359959843967,11.665,concentrated,6.184331855202961,11.1640329640657,12.174191550470137,1.0101585864044367,0.7283821793771752,0.24287532351007557,0.3791010067930815
gaussian,0,0.0,2,6393A559F038B561B487F5EC22B3FE462759EA6CB0147AC034AF6E018AB6CD50,11.65,11.65,0.15,11.753418594902827,0.7869927354209169,10.9009717890885,11.676139854529305,13.55632720158686,3.031837231781364,0.4531614953028513,11.655000000000001,concentrated,6.218671731914973,11.160164387831516,12.1576202766617,0.9974558888301832,0.7233133195140775,0.24382208931808977,0.38744683706984206
gaussian,0,4.0,0,9226CAF6A34988F555749AB136F4B01CD9AB35F25A7F842F04B4C8C5DD4519A5,11.65,11.65,0.15,11.78745309567776,0.8722349229384345,10.787375569993047,11.695722013205396,13.6903420983492,3.0057898342417144,0.4587612949134372,11.675,concentrated,6.027574564554297,11.176170398050719,12.17702432388943,1.0008539258387117,0.7034532027218966,0.23679688292579462,0.37452571706588045
gaussian,0,4.0,1,D557B4CD0993163E996418F20B148E17D2D2D44051F4DA2F02F0E1765FCFBC36,11.65,11.65,0.15,11.787851804030291,0.8553760418816166,10.828783921925163,11.698951406329254,13.655952898775894,3.031574365871573,0.45839939013114894,11.675,concentrated,6.026566922280438,11.176625374757965,12.181657380959386,1.0050320062014215,0.70622333612653,0.2368228157769831,0.37183633536134003
gaussian,0,4.0,2,E86DC9A2079167857824E9BEB15E3E8BC49999EF48063487EFB630EE13F7AC22,11.65,11.65,0.15,11.932852153789712,1.1052101628419102,10.392179138839552,11.74546899264009,14.032053858242726,2.9030494827706423,-0.9999938639215582,11.7,concentrated,4.924600767090993,11.137591828176834,12.255605377651143,1.118013549474309,0.6411557394823509,0.19412257736444685,0.36299594918084443
gaussian,0,6.0,0,DEB22EA1DACFC7D03DC7564E080C38CF8B85F4FF6604135E5C1857275EC31F51,11.65,11.65,0.15,11.789242177776996,0.8679046984665423,10.772067613803305,11.701456120469265,13.68162003448284,3.035297314014235,0.4573402265973494,11.68,concentrated,5.979050022244029,11.178379180570387,12.187087348892021,1.0087081683216343,0.7032241825061574,0.23502546419033507,0.37081430243294433
gaussian,0,6.0,1,73BCEF80134F971A2426E8C1C279EA7AEE71880B47416AB29D141E6757F936E5,11.65,11.65,0.15,11.792515425197541,0.8568709282248885,10.83250443746228,11.702654746041347,13.663241062805117,3.05690285061397,0.4573995110501248,11.68,concentrated,5.98078140240362,11.175817378651013,12.188046576581959,1.012229197930946,0.7058441050043648,0.23511027542885124,0.3697153708253112
gaussian,0,6.0,2,D4F773B7D2E24DEEF1B157A543EF8203581F1CC47BFF31BA8C2BE82381411D46,11.65,11.65,0.15,12.139959236417635,1.3180160650928243,10.11604079969053,11.7971973346388,14.532735241843245,2.1224489540737483,-0.9623968550482912,11.67,concentrated,4.650163032735698,11.147973968647204,12.201438990760433,1.0534650221132296,0.5716272172972864,0.18293997013151334,0.3366186106565832
gaussian,0,8.0,0,123A2E8D4FBA8A936CB11C6BFE83E5787F488794B69D7B805A57BF8B775AA2C0,11.65,11.65,0.15,11.798186404563587,0.8347269707867947,10.916473336958113,11.70947099970956,13.622920375925915,3.1554863824265147,0.46519449264290436,11.685,concentrated,6.007354154626509,11.174358996280704,12.196658993207398,1.0222999969266944,0.7160199787652217,0.23626671173985433,0.36341235025079477
gaussian,0,8.0,1,1C0003724D5B7BCDB2647E0756985C64CAE7958D5503D9A143275E4E7ADED585,11.65,11.65,0.15,11.740405435070134,0.7576748069133495,10.902424900076507,11.68889360642631,13.359712804513261,3.01440325161364,0.47122019111357316,11.67,concentrated,6.109781900109525,11.162808978353285,12.189593911394299,1.0267849330410144,0.7314498761521752,0.2402084156225456,0.37866327409335926
gaussian,0,8.0,2,4B3773B2AF20214A5DB4DC85FB4C5A8343D0E00F6096BE7BA2FE3EE4DAB46510,11.65,11.65,0.15,11.796295192257785,0.8415602604984119,10.91605827053472,11.702166755659256,13.646366201795779,3.1153263362851007,0.4653073512826058,11.675,concentrated,6.033891018300155,11.168680049570979,12.186720982355245,1.0180409327842668,0.7162173863152739,0.23719831496717225,0.36885083562575255
gaussian,1,0.0,0,704DA41C53F497E7EA572CCEE57BCA87D6467BB794E047E87E477F2A48772F7F,11.65,11.65,0.15,11.81324386469157,0.7790731852305675,10.933544869410746,11.728356455863818,13.646338221900763,2.9758355554340703,0.45298149446062297,11.7,concentrated,6.001581764085799,11.19325771831748,12.210373094590718,1.0171153762732388,0.711729242794956,0.23595340221370806,0.34804680617438066
gaussian,1,0.0,1,4B02DBEA52658B474D06AA5736C78C0C901C2C96A35460CB2224A763B8903177,11.65,11.65,0.15,11.766079282111985,0.7137145613300777,10.942292766975479,11.704425073192843,13.491753196155877,3.0241770834294384,0.4565232814687228,11.685,concentrated,6.128518180826538,11.175501403856597,12.19546013758385,1.019958733727254,0.7287378677353069,0.2410114166394075,0.3650829229998679
gaussian,1,0.0,2,FB2B587F1C3E098B2D149FF09628F854B61542466CB8865792450A624767D752,11.65,11.65,0.15,11.761446330757206,0.7427481479270667,10.919461137742454,11.697291238633984,13.534494407476938,3.039722169917389,0.45357049353269585,11.68,concentrated,6.171687913126032,11.176780485417423,12.18357614010696,1.0067956546895367,0.7244613158596047,0.24256662449042507,0.37028097515802705
gaussian,1,4.0,0,53FECDDB162467D269ABC7789C403A082178E04AD4473B357F1E22F969F88CFD,11.65,11.65,0.15,11.765603624968689,0.792707822888814,10.886450329734814,11.685267141756471,13.622377607345939,3.027026731622808,0.46034633807195835,11.665,concentrated,6.111040424941029,11.162531031150932,12.168196049316183,1.0056650181652511,0.7165747270370831,0.23986904528404346,0.38157735428113915
gaussian,1,4.0,1,E415ACE974C8B3CB8E66CC6EC0694CA6ED1D09C465A8D77303DA71B2BC805993,11.65,11.65,0.15,11.759496595933921,0.7605109754770529,10.899528444309606,11.690669497196277,13.547796689758128,3.09541921044487,0.4599027742424229,11.67,concentrated,6.119850098099393,11.167301783903206,12.177893775197498,1.0105919912942927,0.7210425848040016,0.24042244922805472,0.37687975403132445
gaussian,1,4.0,2,18B0E2356D38ABF0C15ABF69A9E1D6D671AAA53D2BB9FA4445AEA863704CEC4A,11.65,11.65,0.15,11.94079534673611,1.0896300101909109,10.652091865764543,11.733381257116982,14.0546011350906,2.9273504843937697,-0.993747823569873,11.675,concentrated,4.965598005221745,11.109781955001962,12.234402975450344,1.124621020448382,0.6503364249512715,0.1957415838523502,0.3698120529156255
gaussian,1,6.0,0,560BBC80346FCF66B43C63424EB4F2407DD8448F89F7DFB741F9F55C3EE5BD35,11.65,11.65,0.15,11.780543802964626,0.789164477322437,10.887196620072073,11.709101076007538,13.587205165719533,3.067871528998158,0.45801973069212787,11.685,concentrated,6.020122075321128,11.180315143342662,12.200384025867235,1.0200688825245727,0.7159455218893865,0.23676622226034508,0.36361965965289605
gaussian,1,6.0,1,64FDDD1168F7950E5D549E4DEF0C8D74CBFF93C76791B1FD7406BB1565C8CCFD,11.65,11.65,0.15,11.76278160791489,0.7510829903289729,10.89889386538006,11.706252026827725,13.476640564791044,3.05180967611641,0.46165635121381765,11.685,concentrated,6.0210567401099455,11.174809920245071,12.205340808886849,1.0305308886417777,0.7233520143344773,0.23687310234727904,0.36597484903447813
gaussian,1,6.0,2,FAAD7B0B856EE9495F3416B7B27D5ECFDD9BE751EB4E0ADEF4E4C613F0DBF2B9,11.65,11.65,0.15,11.781216959436785,0.7908998712983241,10.88927589482814,11.708509047311335,13.59079396771276,3.0671561375575376,0.4579736954442555,11.685,concentrated,6.02085224014507,11.179403861137173,12.199429674064074,1.0200258129269013,0.7159960448897322,0.23679152171791296,0.36407853986718375
gaussian,1,8.0,0,7FE1BA5D17A23FABA36AC0C22F4300B82DF257C4D6056902DDC0E6FB54A5F0EF,11.65,11.65,0.15,12.352253349819282,1.1334994798378382,10.023161358680941,12.352155479146994,14.433473600454496,3.279427175275015,0.4346620422335885,12.305,concentrated,4.683102498156673,11.78146787049389,12.875222383595656,1.093754513101766,0.5971725718498286,0.06858064087745235,0.1297683832603284
gaussian,1,8.0,1,9595EBC776A55D025F2502E07E99E371E1DA0F8779155F26860F94D5A6A882F0,11.65,11.65,0.15,11.784427866229096,0.7707450687529053,10.928789198049014,11.705048173018973,13.58908014694296,3.1183152769403297,0.4650641409706844,11.675,concentrated,6.014821584055484,11.167182903904989,12.190751320648694,1.0235684167437054,0.7177703243864475,0.23649953453479425,0.3668081269929257
gaussian,1,8.0,2,3721B4D9CCA58FD4A5C335FE576BEDB94F90F84D600B6A43E2D265CD1E4ABDF8,11.65,11.65,0.15,12.331806612961996,1.1478392859758337,9.996084669841984,12.34669513872334,14.444221784359383,3.1995298390853417,0.43778630430287757,12.315,concentrated,4.708763098115737,11.789057961114626,12.876838462194472,1.0877805010798465,0.5973511318497979,0.06683899160789371,0.13545323100384365
gaussian,2,0.0,0,46281C603BE9D360CC46DDD5D3E28E79A48D78B4895FD9D3A9B943A3A93E82D2,11.65,11.65,0.15,11.775114934415393,0.7960792008049717,10.918170534489274,11.69042158499895,13.594573173042791,2.9959250902668617,0.4613004598040722,11.67,concentrated,6.163216958097604,11.168173776254326,12.171800484003464,1.003626707749138,0.7212580751715276,0.24202747936117017,0.37617134287016507
gaussian,2,0.0,1,F78E0E4CB6CAAC4EFC5827AA7A929F9FF6D4820FE9D72F01242609BA4FF626C3,11.65,11.65,0.15,11.779777387706428,0.7895982912459859,10.93063220787474,11.693602367804582,13.587663335594938,2.969717870528461,0.46101811367102785,11.67,concentrated,6.16993328257302,11.170156765137989,12.173549278368036,1.0033925132300467,0.7218611872703173,0.2423260314008203,0.37329141359611684
gaussian,2,0.0,2,7D6660E40C4088368F467CB0BAAD4EF8346B9C4BB7346939CB144CEFB7E517E2,11.65,11.65,0.15,11.77981320028616,0.7896188141163304,10.930650466658312,11.69363129882767,13.587689898693043,2.9696717552054555,0.4610164079854482,11.67,concentrated,6.16980406145871,11.170174177693314,12.173580572402136,1.003406394708822,0.7218558928986929,0.24232156535658067,0.37326930119837926
gaussian,2,4.0,0,CD8F7B403ED6028E1635FC111358126974AD971433D8C02854FDE7ACAD89A580,11.65,11.65,0.15,11.777726076927745,0.8370932660380852,10.87869447146348,11.687752838225881,13.634499274451061,3.0413584212481877,0.45323067226689373,11.665,concentrated,6.0867438827862115,11.16412961508552,12.172094708729283,1.0079650936437634,0.7153521032023279,0.2390012366693255,0.37995397586227886
gaussian,2,4.0,1,A5E02E6D85E48725EADEC897B3C390CF3378B9F8B9075E5DE523B46761D5B362,11.65,11.65,0.15,11.771452823172812,0.7992699772591455,10.909833289935714,11.689956706136929,13.548938304020218,3.0762170473898105,0.45344097437618536,11.67,concentrated,6.120233312917557,11.164488309362088,12.177093624059225,1.0126053146971365,0.7225479262562677,0.24041272441095177,0.3774269552890106
gaussian,2,4.0,2,392862F410F702EB8CD2C845FA991B5F235E00007134110371DCB6BD2E48E2D6,11.65,11.65,0.15,11.892624476026253,1.0860279713856447,10.587079468964127,11.695800046475771,13.996482962193898,2.8447675780014587,-0.992265893561625,11.65,concentrated,4.96947162160229,11.077387408078406,12.210286200382408,1.132898792304001,0.6554481522089131,0.1953827367923194,0.395851312227037
gaussian,2,6.0,0,3B7FFB87008164559E10AB0D517AE496364F26173404F7D90A33A610ABAB6CF8,11.65,11.65,0.15,11.788554534611224,0.8271230061123568,10.901188155645794,11.698186454435461,13.627504740540653,3.060796797763634,0.45531987941598207,11.675,concentrated,6.037621681991087,11.167196948500221,12.185255518528386,1.018058570028165,0.7166185197029848,0.23731600362869432,0.37214238471733996
gaussian,2,6.0,1,5CA722100A8A733EB22115EA9F9397FE38B10037A66909C8E24F3C2B2D170678,11.65,11.65,0.15,11.760040556069825,0.7805427300781355,10.898921338872315,11.692875483308907,13.483711128744751,2.9979020589406113,0.4594372682618344,11.675,concentrated,6.06280927555179,11.163516282622167,12.189736762745884,1.0262204801237171,0.7253646701012404,0.23835969047658284,0.3761636398621148
gaussian,2,6.0,2,F4C38625E857B69EB8C25928A2C06764B328C0D4693F42CBEAD8DE82B44D3A8A,11.65,11.65,0.15,12.097510663840117,1.2587705292725024,10.191817379274683,11.792658131170406,14.428406880509414,2.1596395500059904,-0.9771386112986792,11.68,concentrated,4.796806927153184,11.153400821676076,12.222758877497386,1.0693580558213096,0.5985467597597751,0.1889390103384373,0.33446175113201515
gaussian,2,8.0,0,73EF27670F7F7A3E24C2E6F672CCD11CA59514C635E05CF82918D3EB0793D03A,11.65,11.65,0.15,11.79061911626986,0.7985659687786463,10.931617364224627,11.70607545022987,13.599101970783133,3.09231454693022,0.4564378444861301,11.68,concentrated,6.053787055009132,11.172032435667159,12.19416274916254,1.0221303134953814,0.7214479915765912,0.23807075336606642,0.36520189354755356
gaussian,2,8.0,1,3289EF0A30AA95CEB4D8A1BCF8267DFD957CFF333E2EB62546E4B7294D4E059C,11.65,11.65,0.15,11.751315174744859,0.7474608832851655,10.911843957709873,11.693940989051864,13.429721086334835,3.003993594049289,0.4622037595383597,11.675,concentrated,6.076313335690281,11.163360799063174,12.194287903695926,1.0309271046327524,0.7303696539950066,0.238960887378504,0.3750206469292197
gaussian,2,8.0,2,EB408F4EA6C928D406DDE46E44EA0C1888B8EC0A75569B7A2C1DB8B1E1E24CBE,11.65,11.65,0.15,12.319692880682005,1.1042454422693986,10.032855280890452,12.334253830752633,14.361555609672184,3.252467062194826,0.4264741685088207,12.295,concentrated,4.728922835266102,11.76961406576425,12.867274301898838,1.0976602361345886,0.6051169317813763,0.07244552669787446,0.13181077469142805
gaussian,3,0.0,0,638F2F3CE5D1CFF53F71866AE2C96CD5C0A394C674BE66ADD1143BC0C62F5019,11.65,11.65,0.15,11.758820074329059,0.7901051389326238,10.922496063529547,11.6725849950523,13.575717918828952,2.9899987199981575,0.4513896028953215,11.65,concentrated,6.254537041845932,11.155272419338655,12.150032927758751,0.9947605084200966,0.7255264857797892,0.24492766263579346,0.389818467735769
gaussian,3,0.0,1,B36463F4C11BE96685A273FBFF3166237AC0AAD19C798C70289B5C2B1687A84A,11.65,11.65,0.15,11.764297907042728,0.7978496504156554,10.930246985613508,11.67166842768388,13.594271699608626,2.97816947448172,0.45161131550544376,11.65,concentrated,6.259263221630043,11.152889138208067,12.146921427973362,0.9940322897652951,0.7255480593817019,0.24497704874260176,0.3904934673285511
gaussian,3,0.0,2,1D4101D1057118766D2BB8CDB668B80803195DAA0893673777C5215528C37091,11.65,11.65,0.15,11.752578031522368,0.7828502514610595,10.921866654544681,11.669369558103185,13.550799799498122,3.031084166449896,0.4513532374967273,11.65,concentrated,6.2669904164712475,11.152660825409864,12.148085084810065,0.9954242594002007,0.7274422362784354,0.24531407699273045,0.392422375321392
gaussian,3,4.0,0,4277A16765151C5EB24AC465C581E783B9CDFB98F65635605DD2A2BA0B813E38,11.65,11.65,0.15,11.771229702127652,0.8447554137010057,10.88502812189645,11.673149135566705,13.652152007753676,3.038533165586616,0.45176467757610617,11.65,concentrated,6.1506729871003465,11.152978846180897,12.1494138042735,0.9964349580926033,0.7146843375499452,0.24079574772103007,0.3911111966285973
gaussian,3,4.0,1,39F39A5DD528CB36829A430972B5E7A4E175331BB8E455A48E9E04156B5777A8,11.65,11.65,0.15,11.780552905363423,0.8550135387065313,10.893502334449197,11.673953603121834,13.67608395872348,3.046464127038324,0.4507651326394333,11.645,concentrated,6.146357692832287,11.15213700041514,12.146493444269536,0.9943564438543966,0.7126873205791355,0.24051491860318686,0.39044642891027587
gaussian,3,4.0,2,2E835B94CD8FBCD01B0FD1CA22AE93C0117A6E1A12B09ABA5714484741918551,11.65,11.65,0.15,11.964895772040203,1.1462529504221903,10.734906453011886,11.712218702707702,14.152452927064877,2.9051496675998245,-0.9999998177611844,11.64,concentrated,5.017429851924016,11.08375222778102,12.193224196150506,1.109471968369487,0.6484219670241975,0.19691940283481757,0.38312476066415674
gaussian,3,6.0,0,1A4935C9005585E4DDF88AF351C5AE9D67ECEF0A317975A4B8B15A3C05D4ECBF,11.65,11.65,0.15,11.777409167347901,0.8547139693778409,10.883033445227223,11.67831398435557,13.663726000375657,3.0722900874606536,0.4506671992900124,11.655000000000001,concentrated,6.069996755966758,11.150631961550925,12.161620692789,1.0109887312380756,0.7155436923329557,0.2379632745108982,0.3881406859610283
gaussian,3,6.0,1,5271CDA2D256585E97A9B4556BBFD126D1AA6519E288B5C2A05BEA04A1904075,11.65,11.65,0.15,11.776642185092523,0.8423820958085435,10.901786353912225,11.67581732995598,13.646070951927568,3.0553577624844035,0.4507917654563336,11.65,concentrated,6.098418147058624,11.147006792696663,12.157489892135784,1.0104830994391207,0.7185393071256897,0.23890578421328795,0.3897072197293245
gaussian,3,6.0,2,8054B06E1DCBEA915F50A90C6478D4393B7D4E2014A7ADAEF5C9FB4841042CEA,11.65,11.65,0.15,12.22363571341977,1.3980366562781221,10.768921552852094,11.75575605347676,15.648113962240387,2.129168822798216,-0.9679339058160037,11.58,concentrated,4.600724853948883,11.059734684670259,12.105201641967213,1.045466957296954,0.5611082511083212,0.17629233706597275,0.3664395418214225
gaussian,3,8.0,0,31967903386651185B77ACE11FDFC4EFF8C131F28EF73BAC2EB5F9CEFCE94035,11.65,11.65,0.15,11.77105931721327,0.8065958085021416,10.907626386484003,11.695139373578485,13.553470318120311,3.117054886319605,0.4567319550442581,11.675,concentrated,6.12729793927281,11.17184539800288,12.182904366656187,1.0110589686533071,0.7223232046532253,0.24080822701270563,0.37296536598757346
gaussian,3,8.0,1,A7F0655FA1C0DEFD40132109FFC1554D4BC874660B27F42ACD71C088F4CD3280,11.65,11.65,0.15,11.742405426999992,0.7875156592110063,10.876717022436296,11.684259728745976,13.4231927942726,3.08094107553073,0.46095991960268945,11.67,concentrated,6.114741339275092,11.162634496244564,12.182237601552734,1.0196031053081693,0.7269229995840627,0.24027203521543586,0.3825149194360265
gaussian,3,8.0,2,785086A30D66688E075696AC89BE562ED94DA9CD56BDDF509A48176EE8D66E30,11.65,11.65,0.15,12.292677746961255,1.1110531548814473,10.014204664445161,12.324496797592488,14.329423051012656,3.3130023549261756,0.4253170263219259,12.295,concentrated,4.763071468437268,11.775855823216197,12.857100402643145,1.0812445794269472,0.600414352073243,0.07100000950902878,0.13866667947965447
gaussian,4,0.0,0,3803AA3E259F5A841786F1D56C3E4AFA4B36FE5EE7498209FB6D44B3F366989C,11.65,11.65,0.15,11.789737409221463,0.8358196765754025,10.857581549790936,11.698224045457906,13.690436601978961,2.9870389570987,0.46424539841665124,11.675,concentrated,6.050872220219608,11.175518530004283,12.175958515342842,1.0004399853385593,0.7058452976885825,0.23770473679172868,0.3718814565013656
gaussian,4,0.0,1,B37537CD27DF25D8D502AB520AC1F06588F365F11FA2268AF1AA0D4A6444C7AC,11.65,11.65,0.15,11.785814953389679,0.8240738493235944,10.822946522743274,11.70667901277327,13.662678115476275,2.9774493823983543,0.46412134375275627,11.685,concentrated,6.049012504945459,11.18755268364539,12.187748607993244,1.0001959243478549,0.7054724366545396,0.23774853327535247,0.3650267817806726
gaussian,4,0.0,2,C993072071C73D6CECA3B0559AD62B282488F4AF2AEC0301FF8F3ACE77DC4184,11.65,11.65,0.15,11.790476555554212,0.8380610309318716,10.85729055876594,11.698076084582148,13.693995871316076,2.986205612960471,0.46416166624557276,11.675,concentrated,6.049394697284065,11.175250571612501,12.175578041866945,1.0003274702544438,0.705596107049622,0.2376411155120493,0.37203039280324907
gaussian,4,4.0,0,5B3153B66E3DCF7136EFAC02DF2C576D9A566A084FA23DEA60C627E9BDFE2408,11.65,11.65,0.15,11.79739826732808,0.8584113474199252,10.84602375322273,11.701559826179881,13.704373771405175,3.020410633038015,0.45821521599063275,11.675,concentrated,5.9977499206244875,11.175143659369212,12.182937944363667,1.0077942849944552,0.7047477076470829,0.2357177195566272,0.3702282910735059
gaussian,4,4.0,1,D6253ADC78820710B16BB40D75957E03273E8E865CBAC4B0E996BF4CE2532C20,11.65,11.65,0.15,11.801328590415471,0.8596193569056567,10.884247334739422,11.694595336375379,13.712632129733757,2.997503995629162,0.45786593963498357,11.665,concentrated,6.024084131643596,11.165003703338513,12.17172528862876,1.0067215852902471,0.7070928548199897,0.23654275477274725,0.37532874083854006
gaussian,4,4.0,2,47169CD7DDBB049C528E45ACC77F0A4CAE959F2565B525BC8C161E780D8E7C26,11.65,11.65,0.15,11.924171080057146,1.148908978213116,10.490463721551794,11.699665492777818,14.108246518330013,2.905251774761304,-0.9999998219413294,11.645,concentrated,4.883908758143188,11.079109531177446,12.20175096350336,1.1226414323259135,0.6382614937984568,0.19191213910720387,0.3949560059002486
gaussian,4,6.0,0,04916CB1CD1FE7B096FC8CF4DA08527B4E64454332726FEF303EA46F581BA800,11.65,11.65,0.15,11.794900031841918,0.8535369374845944,10.84537934755541,11.701666997008932,13.688525841059302,3.0389888084585617,0.45820832220935825,11.675,concentrated,5.963813483187154,11.171811021112669,12.18612646315165,1.0143154420389813,0.7052697298020056,0.2344293692996463,0.37084626281826716
gaussian,4,6.0,1,7A8C11D3B6F32496A88E0E4C50CD9A475654B3BB21BBAA50A8C61C9F05E06AD1,11.65,11.65,0.15,11.795425507774977,0.8460307001996551,10.8529667855096,11.704234660278699,13.67555489244624,3.0298387259354826,0.45825879471065845,11.68,concentrated,5.96744722547958,11.174161014622612,12.18897088520388,1.0148098705812671,0.7060413779549342,0.23460539395156604,0.36866050802092043
gaussian,4,6.0,2,0EC3384313DC7B4C11497CB277EFA81FDB61BE175D083BA5D3CAA4145EF18CE9,11.65,11.65,0.15,12.1057745679626,1.2610358112231406,10.280097658012913,11.783858420031029,14.460827947991616,2.194329212261599,-0.9733353011323581,11.665,concentrated,4.835726088540244,11.141896267992047,12.205860798856031,1.0639645308639842,0.6003019186771557,0.1902832672399152,0.3389729924038447
gaussian,4,8.0,0,A648BF45DBFA4A4F5246265D930E78C2D4D47C960720669C8B05C314E7FDE87A,11.65,11.65,0.15,12.266255895226944,1.1584687076349953,9.964543007861854,12.316684505495155,14.401354256473537,3.183085143123082,0.42850994081741445,12.305,concentrated,4.651838545338304,11.776683077742373,12.870467965117355,1.0937848873749818,0.5933971828169543,0.0695033726243784,0.1533312159214707
gaussian,4,8.0,1,1F3875B675D42E835FD12EC3691835E8B7E81173986931D20844439413DFD9D1,11.65,11.65,0.15,11.777182238311827,0.781086560182309,10.899727326304994,11.707444206894243,13.570738591987515,2.9723163937445607,0.4581531022721248,11.685,concentrated,5.9935869380310365,11.173128480542081,12.20386777009344,1.0307392895513594,0.7202851025778704,0.2357950148479828,0.3655201421008874
gaussian,4,8.0,2,9D71A60BABBBB068766EE7EF768B850AF5DD1CE1F5219F1B66788376699296B2,11.65,11.65,0.15,12.289051470607063,1.1428100684281948,9.993574867562252,12.322584687498654,14.395348579380716,3.247664714227266,0.4250398770731272,12.3,concentrated,4.6466175715115865,11.770134455605639,12.868899137118097,1.098764681512458,0.59530971677717,0.07121640392633807,0.14645434102281168
broad,0,0.0,0,89A8EF61CCAC79D9D98D33D241F47B3557CA1DDB55D4FEDD83C6F53AC8FDA378,11.65,11.651322796814739,0.797804494940396,11.526405152538569,0.7836081066980691,10.212861417109396,11.533322399166448,12.798351250010503,3.3049553216014083,0.43940475195224926,11.555,concentrated,3.5048477369298268,10.593936599625854,12.488529326459183,1.894592726833329,0.7663661481897591,0.13734413941329096,0.5075253860391462
broad,0,0.0,1,E8FD5091139D9DEC2195BFB2C252BBF1FE4FB73CF2EBAA9C5C192201B229EDD8,11.65,11.651322796814739,0.797804494940396,11.584877269136594,0.7555424995294556,10.339476015780821,11.59338547461884,12.74843920189451,4.473422071955599,0.43602877355404823,11.620000000000001,concentrated,3.7494179200974407,10.723351302776347,12.495979466128919,1.7726281633525716,0.7699712302499224,0.1484164176672779,0.4759384773573464
broad,0,0.0,2,E52AE4E7CDA87A14927271CE1000012895935A2686C15CEB6B45331C7ED32525,11.65,11.651322796814739,0.797804494940396,11.526405584652439,0.7836070875583353,10.212863739682454,11.533322633583728,12.798351039556549,3.3049554886568324,0.4394043350483732,11.555,concentrated,3.504850452209055,10.593937052126337,12.488528822839653,1.8945917707133155,0.7663662756194396,0.1373442324973705,0.5075252745667691
broad,0,4.0,0,CADAA9E576E249FC57627DBB2A999C87B40DBB130E5290B360CE427A4991D764,11.65,11.651322796814739,0.797804494940396,11.485567708608615,0.8550084936060067,10.10264146636465,11.492484034152676,12.766821768295104,3.797845917865944,0.43068243540054363,11.56,concentrated,3.4492887952065496,10.54339991510412,12.452351923495925,1.9089520083918057,0.7596202685120577,0.13528290450902467,0.5274937662626307
broad,0,4.0,1,0ACFE6E6C0BEEF74A94DF5F9D35E3BAFFD0E13CD72029153B9D76132AB5CBC91,11.65,11.651322796814739,0.797804494940396,13.156923027841561,1.051468090064502,11.760750381508075,12.98147035416496,15.278382649280728,5.0,0.4775553699840478,12.6,concentrated,2.995160413485654,11.801153247402647,13.924589522267429,2.1234362748647815,0.7234665968995941,0.04534862457263069,0.018840957233314685
broad,0,4.0,2,4AE2938B58A19C8F96B156066BC19BCA3568A2BB0CE14BE30E00F97672BD413C,11.65,11.651322796814739,0.797804494940396,13.18720293660558,1.2317016633456555,11.62962738658166,13.046199436435424,15.658999889140777,2.9760757614812894,0.5030187595621152,12.530000000000001,concentrated,2.5905522416120714,11.712941562948293,14.215271012276867,2.502329449328574,0.7525590168962812,0.048910623223985095,0.03906874741229083
broad,0,6.0,0,083DE583DE0CC8BE14B94B43736C4FFA44254A763177A002BF4BDCCDDA383409,11.65,11.651322796814739,0.797804494940396,11.412076644062086,0.8227009082779133,10.015406668667575,11.432835942473636,12.701077821869072,3.360050105155667,0.4365749262991723,11.485,concentrated,3.3955674765166233,10.480596972334434,12.428472951939922,1.947875979605488,0.7635601408181396,0.13088890629321723,0.5559870767233829
broad,0,6.0,1,7308196C44601722915650C1C6BA0EEA2A8852565F4355212BBEE19B39873929,11.65,11.651322796814739,0.797804494940396,13.219281054898289,1.0301574443207615,11.881424127693043,13.013249897079675,15.468959685085492,5.0,0.45768297146816184,12.725,concentrated,3.299489219561315,11.944362375458574,13.752812747463386,1.8084503720048115,0.6892886487129688,0.032193284647143945,0.007622515849271527
broad,0,6.0,2,F73918B6C35B2CD02F9FCFF32BCE72A2C0FF47EA47D1A9591F867E12993EEE90,11.65,11.651322796814739,0.797804494940396,13.202090682835044,1.2543186584313426,11.595787064184806,13.060533728244916,15.719137179663656,3.0201992524815964,0.4776044137701543,12.545,concentrated,2.4954918282349796,11.682193902571788,14.222001447533064,2.539807544961276,0.7506135327116155,0.05042761629465406,0.04356081139082933
broad,0,8.0,0,CE0551A6A8287EBBB9F63A0490C59C7C297891C4376D613D84BD98B0E651A580,11.65,11.651322796814739,0.797804494940396,12.108137396806907,0.9262667517009726,10.761399959903393,12.053379679186872,13.773740402916197,3.357416601521858,0.42574330419757356,11.96,concentrated,3.289956071903603,11.03387369669663,12.96957828592299,1.9357045892263596,0.7398540158266208,0.1241428012368784,0.2703020729809432
broad,0,8.0,1,C5D41C50A502CE0535A55DDDA83D2BD319E81EAF82FA5609E39594853EFDCE9A,11.65,11.651322796814739,0.797804494940396,13.18175015602389,1.4314207542507662,11.293745137974717,13.068989904951728,15.680302265661421,2.0592147673870818,0.3356373871807301,12.685,concentrated,2.574843509091199,11.82445355756768,14.00073902498782,2.17628546742014,0.6430565690369285,0.03784523018822537,0.06368262896329566
broad,0,8.0,2,81DF0E30B4F339DF488B29562ADABEFA6734A6381BCF2896594AFB9019ABEED1,11.65,11.651322796814739,0.797804494940396,13.13100576051881,1.3295384442660008,11.429814718201364,13.013367360537238,15.641838157925468,3.2603265975541813,0.3116139480129727,12.6,concentrated,2.444299835265207,11.643374425201483,14.156491460971955,2.513117035770472,0.718751078732901,0.05292140663900825,0.0645769733446418
broad,1,0.0,0,CCD60A9994BAEA212E447BAFC7CC72EE45651C00F028A0D99D12F13863FDFCF5,11.65,11.651322796814739,0.797804494940396,11.597732562268298,0.8099948881344501,10.25819714898743,11.600828629021025,12.923026176511613,3.131530349929338,0.44944938790546907,11.61,concentrated,3.5129870450438343,10.676940581367605,12.527519248835835,1.8505786674682305,0.7513501561246181,0.1389181711021675,0.4736972438363809
broad,1,0.0,1,7E95FA21D5BFDB032EE3CBEA3D23BC1F32123AF5CEEE4993E13277681849A4C8,11.65,11.651322796814739,0.797804494940396,11.697474419910012,0.7990587472060448,10.403414912836563,11.697706364546937,12.962311355228259,4.376886197005032,0.45303608078574653,11.7,concentrated,3.7122823276069985,10.833916482707126,12.572200291504213,1.738283808797087,0.7470699225089936,0.14744492182957938,0.42134685995790794
broad,1,0.0,2,F548CF82675B3648D3AD94EDE146B096075C91B2C306BF2B277F58320A2F027B,11.65,11.651322796814739,0.797804494940396,11.632521385089529,0.7996755880607028,10.30005943235933,11.63810748469346,12.943553241480641,3.4407968855060296,0.45021571251112813,11.645,concentrated,3.5533250528053983,10.730937803573546,12.556871024310686,1.8259332207371397,0.7507764995964203,0.14097801661807738,0.4545573524566575
broad,1,4.0,0,ABDE105D81759E0B5D98B24AA5C2BE07A14C675612E6B7ADCA44DD59AAA23DF5,11.65,11.651322796814739,0.797804494940396,11.629270017699397,0.8311049165425871,10.301413631376825,11.621222258178953,12.943772814804895,3.313505964659519,0.46310394012137523,11.625,concentrated,3.57578946290152,10.715968804291274,12.523587287231374,1.8076184829401,0.7476444798571229,0.14158717404033627,0.462837701024454
broad,1,4.0,1,956DFDECD987783E5904431D0C84384A2BB315B34FA144D212579F7BE2F0A77A,11.65,11.651322796814739,0.797804494940396,13.162184751770672,0.9738369114354708,11.87036983854857,12.97560713978204,15.11676597495253,5.0,0.4929957532735174,12.64,concentrated,3.3376307376135554,11.91518636171574,13.728258850907892,1.8130724891921517,0.6899230982469735,0.03406282232100056,0.007377659227571193
broad,1,4.0,2,3D113FDBD0BDC0631AE5AE5AD843B22F215AFC33421B6FF3FCCBFE7885C3088A,11.65,11.651322796814739,0.797804494940396,12.986516109645027,1.3898548066406746,9.881018114216603,12.913075374055083,15.626013789359098,4.502760327687404,0.5438719938791925,12.475,concentrated,2.6216862259768523,11.708211956824561,14.127481409057753,2.4192694522331912,0.7164284576004609,0.05000640085046318,0.0794315667098829
broad,1,6.0,0,6EF0CBF3FADC405888E835E765599F633FB0E7AF6AA0D33B470710E0B925AC98,11.65,11.651322796814739,0.797804494940396,11.773784758867514,0.8320935588795727,10.447633435803258,11.759889871843976,13.175550706223106,3.3284748805987006,0.4560316785731382,11.735,concentrated,3.5133318577887955,10.832218165209648,12.659194448928044,1.8269762837183965,0.7431233689266297,0.13939176659840807,0.3947196116328639
broad,1,6.0,1,B80962736494B1020A5C94CCA3239A3000C3E29678AB439DB5AEF67A5F909106,11.65,11.651322796814739,0.797804494940396,13.187026171640932,0.9252504458599714,11.959619315831565,13.01321330686753,15.096344021177725,5.0,0.4500367114331232,12.754999999999999,concentrated,3.571111912880234,12.028648393252478,13.69875035903595,1.6701019657834717,0.6886454506759214,0.02324418107056829,0.0031485800354732383
broad,1,6.0,2,D34AA4B7536F26ED86917077EC5FDF079B08B73E79F84AB1207101D43304E211,11.65,11.651322796814739,0.797804494940396,12.978975543859686,1.464265265638597,9.575338432975498,12.933595914572882,15.60171156031269,4.999741148718074,0.4832254499653945,12.56,concentrated,2.698592256377618,11.812475095995,14.011185918513508,2.1987108225185086,0.665838373102426,0.03907030416699779,0.08632466260988753
broad,1,8.0,0,12D84DDC784404E8B31B1425EC867000A84E46C0E845A4D2EF87C169C67172A7,11.65,11.651322796814739,0.797804494940396,11.587446971136849,0.7878316505321585,10.262077442015052,11.602492970064304,12.86483517298792,2.8432861569012373,0.4521924378457889,11.635,concentrated,3.432829746771527,10.633910610635612,12.587053976871216,1.9531433662356044,0.7764039380022235,0.1362623044501902,0.4735267130515254
broad,1,8.0,1,A2B5977761D39C5D251FA3DCA5F5D4D91CA76CA7F1106A6BEBBEF14698BC6F51,11.65,11.651322796814739,0.797804494940396,13.184297970722884,1.1826871332359783,11.615376977249865,13.059747090321297,15.531468350504143,1.3568959186772445,0.28782544117451203,12.725,concentrated,2.614640737880675,11.740282549671928,14.231363357399738,2.49108080772781,0.7502682671664098,0.04723866766398821,0.04111416397857127
broad,1,8.0,2,BBA393CB78CF0575CF3BFA99F72112F4D9697F67F354D9E87A80E08517A9F024,11.65,11.651322796814739,0.797804494940396,13.046731774853667,1.2545537263659383,11.49617401798731,12.928699590464737,15.530917762338188,5.0,0.33107375938398853,12.64,concentrated,2.80915317319272,11.743187989041857,13.89812982389678,2.154941834854922,0.7040580614024683,0.05027470092801984,0.05615586947810074
broad,2,0.0,0,0292CFC83890EE0F25680C4BCE8F3AEA1F59DC12833F982D1390EEA8B03DCB45,11.65,11.651322796814739,0.797804494940396,11.482037252082513,0.8236457803240103,10.08316453286212,11.505941969399343,12.745562383083751,3.2680529455495697,0.42572215565414506,11.545,concentrated,3.522704081859995,10.60963017841051,12.459533107222065,1.849902928811554,0.7537639920843248,0.13772486850946397,0.5213357762238671
broad,2,0.0,1,0A10D5A6C25D8C5EEEB8A2335BC5CF4A6A8C736954EFD007C7DF212B2415C560,11.65,11.651322796814739,0.797804494940396,11.516751414575948,0.8183728133690001,10.059650219263142,11.562656368461667,12.720241267471883,3.6633467074350508,0.4326759908703046,11.620000000000001,concentrated,3.6651019489119943,10.737050830914564,12.491890836391825,1.754840005477261,0.7457467366051715,0.1450116421265578,0.4925377767863551
broad,2,0.0,2,6A388193CAA8A41F4D67AFBF781E4C70A2BF52A00C462F78CF57A8400F340874,11.65,11.651322796814739,0.797804494940396,13.044998385209519,1.3781581986835134,11.271190140611141,12.954580520105218,15.705613474723949,3.222270900477282,0.5828787186156059,12.42,concentrated,2.5424603544592648,11.675592549190513,14.22639229214473,2.550799742954217,0.740387590641046,0.0522325299183605,0.07104022946401424
broad,2,4.0,0,FCFF0663ADCDA3AF7B35BE9B6F27A5C4CECF59DCBE69BA0BF533EB9DF88EFFCA,11.65,11.651322796814739,0.797804494940396,11.451687377956077,0.851009675806273,9.999249430689106,11.47733130292728,12.755734341523123,3.124827133954992,0.41416032049801,11.52,concentrated,3.4388708663567007,10.563461504029442,12.447859435168505,1.8843979311390626,0.7491622713729779,0.13378799043034353,0.5348775476498139
broad,2,4.0,1,F5EB605DF244A05DE4E3B1364F30CF6435CFF54AE7EBB1210CB2DF1225F6F291,11.65,11.651322796814739,0.797804494940396,11.763164585564924,0.6628808678119156,10.688071949679788,11.7503945544793,12.880175773978033,4.999999998959007,0.41853318821468477,11.71,concentrated,4.01606233992165,10.905270088006587,12.585838893752653,1.6805688057460664,0.7844228874722153,0.1594134807239214,0.38488713897076055
broad,2,4.0,2,756EB1FB631E495A9EB3104FD66898E6DA1E6140151AEE5E6A7EEFBF6CA24525,11.65,11.651322796814739,0.797804494940396,11.47186210858851,0.840121893529732,10.044076507190123,11.495254752862085,12.771324523206232,3.1518285010196427,0.4138465853520208,11.535,concentrated,3.4596062105520224,10.58186015702826,12.459021711327821,1.8771615542995619,0.7509987615553804,0.13496932512161403,0.5262358921291888
broad,2,6.0,0,73510926D71C468141E1BA9EDCE6902D0B1F47E66882F8B2236F02B9F758407D,11.65,11.651322796814739,0.797804494940396,11.428211591879949,0.8038682951509449,10.026349159911184,11.454994866123947,12.698432536026557,3.2086861309267958,0.43566688030298706,11.485,concentrated,3.4671011151745414,10.547887244337087,12.43769286874854,1.8898056244114532,0.7575685563601772,0.13363119292331888,0.5462058632607848
broad,2,6.0,1,8DAB304EB8DA9DBBECF529AF887E82E80DD3B5251F4DBFC76B03E5C27C699B9F,11.65,11.651322796814739,0.797804494940396,11.604476319240687,0.7444375642895856,10.332396234951124,11.624377154331507,12.7926944594329,4.999999999999934,0.4383129828548147,11.635,concentrated,3.726540286580519,10.766725643590762,12.535417038579402,1.7686913949886396,0.7656730055349921,0.14773353906197978,0.45962204609114105
broad,2,6.0,2,FD13502F9C3B9383D405EDFCC6D40DCD3F6ED1D7F4DAD85E47302BF879A7A1A8,11.65,11.651322796814739,0.797804494940396,11.42719577048178,0.8013704473517447,10.027520654066873,11.454181556749164,12.697875930062109,3.2602240177386834,0.43531311489513347,11.485,concentrated,3.467161698808549,10.54648059173254,12.437031404301615,1.8905508125690762,0.7578029017017933,0.1335709242445936,0.5466073720786955
broad,2,8.0,0,006DE1E234131233EF1BC82C90779F60F658C94F1E7E29002479A53089A4A333,11.65,11.651322796814739,0.797804494940396,11.25021145452887,0.9339542966975999,9.678345002701619,11.279309713424936,12.55702672351673,3.166707970160025,0.4412886869012591,11.385,concentrated,3.249760855790341,10.318522012434618,12.325582875531609,2.0070608630969904,0.7552096292609045,0.12127172018416613,0.624323912561513
broad,2,8.0,1,B3ADF5BBE6172EF9FED372324DBC9AD1559C9051F4FCFDC9421286EF35B01CA0,11.65,11.651322796814739,0.797804494940396,11.608388174438588,0.7457907400007152,10.340976619534361,11.639611129043049,12.775516617062513,3.4261093425547533,0.4491973086336898,11.68,concentrated,3.720984541825055,10.772132946526867,12.560335191987287,1.78820224546042,0.7731451868721577,0.1478829954214966,0.45181216715002215
broad,2,8.0,2,20BABE15AFA2E6AE062E80BF72D04846DA8E0F435E90FB07915B9166E752CE29,11.65,11.651322796814739,0.797804494940396,12.9866447188348,1.3715067665191387,10.2016991235678,12.925079030202074,15.517320553812203,3.7303936160307645,0.3462457426951602,12.565,concentrated,2.5126796328268135,11.657561067704181,14.107580319703459,2.4500192519992776,0.7139481419078936,0.05314050961948165,0.08460806786754169
broad,3,0.0,0,940DC69EA0F47219090E0F09CB4D90DE36F1154DED0C675E0EDA1973D1DD3F95,11.65,11.651322796814739,0.797804494940396,11.627638372536328,0.781771766190504,10.360871866043984,11.616563794701854,12.927959960016187,3.1380709505427955,0.44463222527948143,11.61,concentrated,3.452372945306455,10.6316459910185,12.57405130144613,1.9424053104276293,0.7811831577642252,0.13680620600346005,0.4663862143275153
broad,3,0.0,1,43069AFB1B1B5BA679DD70B400E949E4143BDA63DC452EF938DC73845F0FA1EE,11.65,11.651322796814739,0.797804494940396,11.865357616837855,0.7676129691803352,10.656404997179193,11.841214844087059,13.147301186800508,2.459847521226345,0.45718558549630073,11.815,concentrated,3.619518334508334,10.895842435480114,12.743018965492235,1.8471765300121206,0.774894556677497,0.14203889474054132,0.3511670612519932
broad,3,0.0,2,7B99D3CF20D774F0F640A519302EAB5A35D5AC148715F1EA5207B59AA8D7B58F,11.65,11.651322796814739,0.797804494940396,13.087077050531809,1.3864730604638367,11.355910098524479,12.99593381291049,15.72265816030756,3.92416419089603,0.5669364899452256,12.525,concentrated,2.4968343747636323,11.689040477439049,14.209740310534913,2.5206998330958648,0.7316012479686135,0.04970107396693885,0.06672092455655192
broad,3,4.0,0,99082BD11CD482E65A06E786E4DCBAB106A10EF9B780FB96BD364F53D0C523AF,11.65,11.651322796814739,0.797804494940396,11.783261887606617,0.7993282476314778,10.521882135066871,11.75626658600118,13.127619962657095,3.5603227340771366,0.4810131739738328,11.72,concentrated,3.4835562173744203,10.786575705697473,12.684009581049168,1.8974338753516946,0.7706321561768024,0.13847302422899538,0.3971253087156256
broad,3,4.0,1,9147CB5E6DAE1C469BCF84235C8890535F7DACECB3826337D1C6E0291B1ECA3B,11.65,11.651322796814739,0.797804494940396,11.78596298656425,0.8703876176269737,10.441496507224779,11.743733395746165,13.258006741997347,3.200847792110143,0.4822837642204707,11.685,concentrated,3.330157574112155,10.739195557633964,12.694241219680016,1.955045662046052,0.7557439249172435,0.13247694497139378,0.40735866071655813
broad,3,4.0,2,3E8050EB75BA5D00872444E9BB8F9AF26DD00F16A4B94C623401DD806DBC8879,11.65,11.651322796814739,0.797804494940396,13.049443096180605,1.3442096662139589,11.396889626892634,12.937522835398454,15.693388553176648,4.191258481102196,0.6257782161827623,12.475,concentrated,2.533013439429158,11.628121803091975,14.152958892365366,2.5248370892733902,0.7392582536716006,0.057082960316138666,0.06803506990877975
broad,3,6.0,0,8B46F96AF3F7D019726473BA3C02B06AB33CC3CC2AFE78D36BC5C39108F1C8D4,11.65,11.651322796814739,0.797804494940396,11.905101491692628,0.8069142881701475,10.640634295569074,11.870589101527914,13.302026413238297,3.329931296865961,0.45867311221031715,11.835,concentrated,3.476417921208025,10.892749461658033,12.781102478043147,1.888353016385114,0.7634442809676256,0.13618784442145143,0.34270256601767685
broad,3,6.0,1,8C7233C0093F75430FF3C52C5526A891CC4977EBE2C1C07DFCAB4A31657F1555,11.65,11.651322796814739,0.797804494940396,11.89026131849569,0.7335007542120537,10.736324549283971,11.875012935007662,13.107861580248738,4.999999999997305,0.45689132603627036,11.855,concentrated,3.8023839776193493,10.98574451097615,12.730880993103696,1.7451364821275455,0.7729327245545003,0.14763729086325725,0.326868433537039
broad,3,6.0,2,1C5BD4D0041907535F23065BB713162D85AD74A152C369B33D6CE8F0897764C3,11.65,11.651322796814739,0.797804494940396,11.842578036365316,0.8076506761360579,10.564642243227004,11.813073916694332,13.228483872096113,3.2400176141335724,0.4587218512160287,11.780000000000001,concentrated,3.449653572547264,10.830871319582013,12.738945085807204,1.9080737662251916,0.7646833803677537,0.13639956645731294,0.37098198504603025
broad,3,8.0,0,16CB1D84EB94A1F6000F1CBE1D89185CF369DFC7D75A63CDC77E1076F81321BE,11.65,11.651322796814739,0.797804494940396,11.512036237254435,0.8374373766086349,10.105398561861863,11.52807250141466,12.868390692390744,2.9529927218062664,0.4502687548295963,11.56,concentrated,3.2908429009725366,10.529638114205781,12.543297067885273,2.013658953679492,0.7668156156353729,0.12947287732704635,0.5095312935122865
broad,3,8.0,1,704C280208F207EE40B6316F698B4D9E1F5F4D9FA4371D01A541000B65BFED78,11.65,11.651322796814739,0.797804494940396,11.521068274821914,0.8307705519709769,10.132402371932212,11.533955773571787,12.87238852684993,2.9294767703121045,0.4486344970706597,11.56,concentrated,3.3045107520293926,10.534211574612259,12.544553655526062,2.0103420809138033,0.7688795919359098,0.13002808123286003,0.5067951091696306
broad,3,8.0,2,5EC28BC8F76C57E662C11CA36A22261C8DB908574AD344A1372A5A63EBF30FA5,11.65,11.651322796814739,0.797804494940396,13.006398221635807,1.3324634853329624,11.305195401412558,12.921030913516862,15.57524909080774,3.875865067846601,0.3225413362486811,12.54,concentrated,2.5181849720319147,11.618178339354957,14.111809352599206,2.493631013244249,0.7325354825178572,0.05701543289591582,0.07762951209112945
broad,4,0.0,0,6F174D5340F0F8EB0E2BF8CD31E05E830733125930106DFC9FA0150D080B1867,11.65,11.651322796814739,0.797804494940396,11.60755235882455,0.8015657585591149,10.27032765849852,11.615405430549835,12.8626275049369,3.0232007793013183,0.48545738094995117,11.615,concentrated,3.5200805368834094,10.701635757458659,12.580165461391726,1.8785297039330668,0.7661033664777004,0.13939871886583463,0.4663216335585314
broad,4,0.0,1,C160FC84D9A52BC878B412C83127077D225EDF0DB6B623429F5108690A479533,11.65,11.651322796814739,0.797804494940396,11.827478710706865,0.7898578995580248,10.622819948259108,11.809021927022753,13.00569207202723,4.999999998936205,0.48993606532513856,11.780000000000001,concentrated,3.8479186954634974,10.960272175172447,12.66995246481816,1.7096802896457124,0.7649871228850137,0.15161026723342078,0.3588483872219606
broad,4,0.0,2,9182FD97548FA41A204B6764A912A76A1A18D3AEF99844BEC3AE49FD4E9A903A,11.65,11.651322796814739,0.797804494940396,11.608161790348277,0.8013349320981993,10.27131009581342,11.615983462066938,12.863217629907187,3.023545196161736,0.4854498833891201,11.615,concentrated,3.520421868453245,10.70221493143547,12.580613265064926,1.8783983336294554,0.7661274543295585,0.13941907657591746,0.4660284654227285
broad,4,4.0,0,6C98065E6F2518A262E35D7E8F4A392DCA3314BFB1993F94D34FAB25EB073CD9,11.65,11.651322796814739,0.797804494940396,11.540072608297391,0.842849402331215,10.129021422756574,11.55436865155749,12.81102568516175,3.045304801419729,0.46849991842359295,11.58,concentrated,3.437347776103413,10.632591755315245,12.543709896210794,1.9111181408955495,0.7614497892461014,0.13554039266890716,0.4970485832045032
broad,4,4.0,1,03768DFE0C84E0644C94F2E6050154B1F93D44935E95CE30268016275A714D83,11.65,11.651322796814739,0.797804494940396,11.775769493146786,0.8443948294612467,10.522750597148402,11.748818782012531,12.97154753343392,4.999999999996392,0.46706822321677843,11.735,concentrated,3.8045583025337733,10.897213932573688,12.611669328683465,1.714455396109777,0.7573853850902194,0.1508388418949856,0.39209701194533986
broad,4,4.0,2,6FB5A6A6D5240CE2C45AF316E0CDE15BD992253C5641895A7C207A4646FFE1C7,11.65,11.651322796814739,0.797804494940396,11.552156367811634,0.8385483562461169,10.142067040574787,11.56746688777024,12.825816101765103,3.068147465632373,0.4693196688755539,11.59,concentrated,3.4388180214776196,10.646337482784624,12.555571133454867,1.9092336506702434,0.76099390401082,0.13583197433376204,0.4906192663187485
broad,4,6.0,0,72CB0891859093C0ED47F85C1423E92DA70BD345A40C99C37F336D46095DE61A,11.65,11.651322796814739,0.797804494940396,11.517300574665342,0.7971117667654337,10.157221141228392,11.536063714017402,12.785153346063746,3.0799205682837902,0.46125702012630243,11.555,concentrated,3.462000012233754,10.605920969704838,12.520014201169388,1.91409323146455,0.76875903175837,0.13588585130449252,0.5060780286755902
broad,4,6.0,1,78249FC2430FB5B7F2FAEE99CEB6FB014D69E67C642F99076CDD1D982BE194E6,11.65,11.651322796814739,0.797804494940396,11.777670819976814,0.6647635922777474,10.697096183620591,11.769749263179886,12.879025751612213,5.0,0.45283119387214477,11.74,concentrated,3.9413106108139098,10.900271858156128,12.638910478139092,1.7386386199829644,0.7986395258509813,0.15625036393681865,0.37648476695992156
broad,4,6.0,2,93106495FB2D9ACEE5EDAA5A96781553F4C449C22C2FD17C9B420E17C5C66C9D,11.65,11.651322796814739,0.797804494940396,11.511877973763964,0.8051470167985931,10.152659305147596,11.527948096096818,12.77473694761558,3.071668912177986,0.45855484415175174,11.545,concentrated,3.4686950321478895,10.599191427635137,12.509824731578231,1.9106333039430936,0.7689348655935333,0.13592410387090684,0.5101112377364544
broad,4,8.0,0,E3587E604F24C7C9C420EF3EA213D69FCADD53C4E280B3F9C74694CCAE7AA93D,11.65,11.651322796814739,0.797804494940396,11.575521818095172,0.8394833781979664,10.071079708647854,11.616199112834705,12.893008296483773,3.4697819069865754,0.3984076572168289,11.67,concentrated,3.3745957535969646,10.705980940110006,12.617872857072252,1.9118919169622455,0.7458385830037757,0.13414549685687546,0.46750011858243656
broad,4,8.0,1,99713BC6B9E93AB0A0E5DFE1C60CDF129D0FE47FC09AB9FC937EFB57B71B87CC,11.65,11.651322796814739,0.797804494940396,11.651429359766523,0.869604256592056,10.112664401060652,11.694301139513906,12.881290827190517,4.233757101172733,0.3905960706876661,11.754999999999999,concentrated,3.6096709174402797,10.86819863876522,12.629603896878647,1.7614052581134274,0.7370867615961955,0.14283960000387555,0.4260501937836008
broad,4,8.0,2,8F026411054334E29D2053F040C9BDE679BD82C20C1C1159AA250B2D6B242DCA,11.65,11.651322796814739,0.797804494940396,13.032953393267546,1.1913980433267772,11.505065165956754,12.91058132885377,15.432395818210527,4.999999985026907,0.2955983887068687,12.585,concentrated,2.7433204006726863,11.676885212379934,13.95943194561869,2.282546733238755,0.7298259378794565,0.05597979192228102,0.05598167912742834
asymmetric,0,0.0,0,6DE2B134FDA13CB15581160E50C10996ACDF76E248AD94113B4AAE10313115ED,11.51,11.74000000082572,0.5185556842452836,11.361051826531789,0.9805618126281944,9.903233204868373,11.306493170559682,13.032724514491367,2.974993452612992,0.4423881687411153,11.335,concentrated,4.794475635574363,10.719271645442094,11.942875236291208,1.2236035908491143,0.6812967562080636,0.15196394488553822,0.6618238930623778
asymmetric,0,0.0,1,EAEB571E5843970C0A05CD3375135C45854346B65EDCA518BF2BEC7627474942,11.51,11.74000000082572,0.5185556842452836,11.577481721924432,0.9337823793000626,10.280171945795152,11.484537230554519,13.302000035561791,3.0058739051545222,0.44323274132179113,11.445,concentrated,4.833433014210288,10.853587201468587,12.066240674247025,1.2126534727784382,0.6812858181535987,0.17255245370915376,0.5436569793128829
asymmetric,0,0.0,2,037858BD1B1E8B6BFC430C12B0997463D8603D05F43102F3881DE29E92D8AC31,11.51,11.74000000082572,0.5185556842452836,11.364389282435438,0.9804670096392663,9.906432452484392,11.30920690386525,13.040618690773025,2.975719299896673,0.4423611577288409,11.335,concentrated,4.7939409558894015,10.72132059681951,11.94483003464871,1.2235094378292004,0.6811834959982277,0.15229602560131045,0.6600413793166349
asymmetric,0,4.0,0,0877314D1039CC5B9F3128FCF3228A65041E7A9F3FD004420D02E54AD5229ABC,11.51,11.74000000082572,0.5185556842452836,11.313057410990364,0.9966730223519649,9.782861484314854,11.278417356864871,12.959139356149748,2.9439174482862622,0.43286780395430813,11.325,concentrated,4.667727680090506,10.707438939566423,11.933572362227093,1.22613342266067,0.6641168621053763,0.14621908660333233,0.6757622019478712
asymmetric,0,4.0,1,F18F7159F4DC23213E5FF0BA12E41C4939CF99E2D7DB992FECB07E21E3F7157D,11.51,11.74000000082572,0.5185556842452836,11.430032944091009,0.9276738320993556,9.93124161006245,11.388896889107212,13.041490472408766,3.071599329083212,0.43442688259722906,11.395,concentrated,4.722147818965759,10.793718912399973,12.011387595728632,1.2176686833286592,0.6676047653675479,0.16071659388007975,0.6061799702117205
asymmetric,0,4.0,2,36456A31FCD45421744C77B753C1AF9C7DB112784427DB2DCD213DF88DF5A1E8,11.51,11.74000000082572,0.5185556842452836,11.310787580811992,0.9967273384730003,9.78104615641409,11.276576768778108,12.951928859352694,2.9432904718949002,0.432835210023254,11.325,concentrated,4.667342003874944,10.706029743495822,11.932318417714235,1.226288674218413,0.66413141766175,0.145983357537161,0.6769084848022273
asymmetric,0,6.0,0,C06892707A13E116F659A0690B3BABB815E3828186F42E36298C23A664925A4F,11.51,11.74000000082572,0.5185556842452836,11.283416757723826,0.9819419581345625,9.819912765624647,11.243755369159521,12.533586308410039,2.9032067641684813,0.4392979600507678,11.295,concentrated,4.720759999621643,10.66513624261561,11.89993331517131,1.2347970725557005,0.6761907039455808,0.14148375762305695,0.699067098686966
asymmetric,0,6.0,1,17C4F9C9E304CB4EEEA5DB3251217C4FBDB8B1F6E788767D2BCAE92308CBC38A,11.51,11.74000000082572,0.5185556842452836,11.29205768794153,0.9166918350073808,9.8650392631306,11.268390894464229,12.421527807982384,3.0505330508928443,0.4415951972281915,11.31,concentrated,4.786077798366928,10.691495201413344,11.917238194137788,1.2257429927244434,0.6806691095193262,0.1468129315613719,0.6861675851756229
asymmetric,0,6.0,2,EAECDF3CCF5EFE4432666179D8F95A86BBEA66AD23F8DB86BA9116A1AF4FC0D4,11.51,11.74000000082572,0.5185556842452836,11.283555791293171,0.9823074873322328,9.819673411295238,11.2437794648235,12.543402134786952,2.90286797098993,0.4393172158667884,11.295,concentrated,4.719980609670998,10.665103393459567,11.89997828162049,1.2348748881609222,0.6761215203643067,0.1414669289485116,0.6990192681261214
asymmetric,0,8.0,0,C5BDA9F25624C7EC90CFAFDCDD9311E61FF8DF020C8FBEC45CB3BC226A3195EC,11.51,11.74000000082572,0.5185556842452836,11.32153670814309,0.9778170017998253,9.94171280957698,11.263219188967827,12.503026239041239,2.9554521544012884,0.44442168128946324,11.3,concentrated,4.741381653676931,10.664424786857294,11.916382421904707,1.2519576350474129,0.6885914934624142,0.1446194898274563,0.6873891870556659
asymmetric,0,8.0,1,EDFC87DB6B0AD8F9457549F1064C18BD8E40D37A01FF2BB9680FFB3580120A3E,11.51,11.74000000082572,0.5185556842452836,11.313235738149107,0.9622733105329628,9.942756214160061,11.260956202551407,12.448427092160005,3.0797048195213463,0.443570428278268,11.3,concentrated,4.720371358901226,10.659142474498527,11.91854122065493,1.2593987461564033,0.6894895126300369,0.14415317910174041,0.6880592270110714
asymmetric,0,8.0,2,B1D369FF60CA2E57592921403F41D1D8D1A561BFCFD8ED5D41766176D683701F,11.51,11.74000000082572,0.5185556842452836,11.323253335967127,0.9750774719709081,9.949752403461376,11.264807091525299,12.484029092814255,2.952370759261587,0.44395286370312426,11.3,concentrated,4.754213953608167,10.666205883629072,11.916701108900385,1.2504952252713135,0.6896949596733488,0.14510321375705498,0.6868627232318777
asymmetric,1,0.0,0,FEAA49B2315306B67C876C4DC0DBF44E4A65DB1A176C0A487CFE4208FB7627EE,11.51,11.74000000082572,0.5185556842452836,11.301542822578009,0.9688175408717271,9.878839201943794,11.261702309266102,12.441894592504504,2.853743065364232,0.4512445639732794,11.31,concentrated,4.711530255608133,10.678947762245393,11.92047294939502,1.2415251871496267,0.6781117591535971,0.1448921733620339,0.6877732608559892
asymmetric,1,0.0,1,679F531CAB6E5CEB95376D5627159BEDD71958224F010928111A79CEB2630B06,11.51,11.74000000082572,0.5185556842452836,11.321105890485162,0.9924528787081753,9.945957344996105,11.260929507697954,12.414221694268447,2.8638684197068223,0.44941726903744494,11.305,concentrated,4.786332741670252,10.671411596833616,11.910907242314359,1.2394956454807424,0.6878967114896869,0.14554154728436017,0.6908052734832347
asymmetric,1,0.0,2,6A6034D742F83F673D4C8C7F0E9A2D8A3E7F8DBC909BAF8305F75763A83F4675,11.51,11.74000000082572,0.5185556842452836,11.300588307410393,0.9689366425974546,9.877848107882368,11.260908034575706,12.437698755805906,2.8535609373742816,0.4512549131677759,11.31,concentrated,4.7112614986739345,10.678309637304597,11.919929349265663,1.2416197119610661,0.678117237722548,0.14478307271799973,0.6882640845180042
asymmetric,1,4.0,0,08630F68D924849CA0FBF333759B7D14D5921664AB3E1D100332E28159C8993D,11.51,11.74000000082572,0.5185556842452836,11.291869868995164,1.0081632051536908,9.815536322541188,11.24782346120933,12.934335112505755,2.84808485959539,0.4607245291569244,11.305,concentrated,4.606014845392768,10.663527186896534,11.91655666363479,1.2530294767382557,0.6689134221048678,0.14088473944777427,0.6923621969478491
asymmetric,1,4.0,1,D3680E8770E3CBF04C16F16F8EF977585B732D26039F2FCCD829EE78A418C90C,11.51,11.74000000082572,0.5185556842452836,11.558574620463576,0.8907064238411565,10.373163842031039,11.47106286225941,13.153189943991896,2.9634575263128586,0.4616488009653199,11.435,concentrated,4.814288963173013,10.830425218968145,12.062727533960446,1.2323023149923014,0.6887725921953902,0.17078582975820877,0.5526206382393377
asymmetric,1,4.0,2,3F385659255B41F39DD1E90DD406B35E68B668980F73AECF7D163F2ECCF261A3,11.51,11.74000000082572,0.5185556842452836,11.323360154854932,0.9921474173236269,9.805862736908164,11.287019464897623,13.059894667599226,3.0061147108042428,0.46512154400727845,11.335,concentrated,4.511253225520592,10.701644283507088,11.949583166431822,1.2479388829247338,0.6521712154260988,0.1436719756614546,0.6648958459737518
asymmetric,1,6.0,0,E564E2F66CA386375A74E23F912260DE7E35EF1B5B8241988D739E4C55582F84,11.51,11.74000000082572,0.5185556842452836,11.337997221708223,0.9760351295824354,9.88210733308648,11.295015128090316,12.809470927235822,2.874109420708564,0.457333666130898,11.335,concentrated,4.662294041520593,10.706686191204861,11.948525970029058,1.2418397788241968,0.6712763467831128,0.14832357758733122,0.6650697321813637
asymmetric,1,6.0,1,5F0D6CBC0552E5307391DD8E82FD25E798A621654E90360DA2910C329433E4C3,11.51,11.74000000082572,0.5185556842452836,11.647893737017533,0.839519246165309,10.586928352931048,11.553765259198341,13.17363203534853,3.014230513082645,0.45878438363641716,11.49,concentrated,4.868984728521955,10.897821638736506,12.121909981521197,1.2240883427846914,0.6918670848860815,0.17993038124501567,0.49626069925893845
asymmetric,1,6.0,2,8D52BCA4229B3CB7460F3656159043362FB5E27B254CCB6434F30349D04F95EA,11.51,11.74000000082572,0.5185556842452836,11.336017845239915,0.9763677012599591,9.879932924100547,11.293378656091518,12.799432752400818,2.8736200357502586,0.4573559641026719,11.335,concentrated,4.661750767351689,10.70543404520098,11.947416541226,1.2419824960250203,0.6712632064041597,0.14811537515019635,0.6660878262187888
asymmetric,1,8.0,0,D1266E7508E821ADF135ED31BF268EFB6574CD525154A200918B7BADDE67A18D,11.51,11.74000000082572,0.5185556842452836,11.246549363108441,0.9758567597744214,9.819257311326691,11.205646218648955,12.517395252407834,2.8168343913368514,0.4600850124658338,11.265,concentrated,4.591353729399842,10.609702446372143,11.880497927058897,1.270795480686754,0.675841931047386,0.1330329476277765,0.716446306323924
asymmetric,1,8.0,1,B4D0E22BB69CA28EF0CCFAED5FCB311A16E78E74EA0733BC50DDD3F8746548A3,11.51,11.74000000082572,0.5185556842452836,11.312530758941362,1.0451239164915378,9.902866516691947,11.228177494535267,13.18720414695975,2.8284346280724266,0.4558038563048834,11.27,concentrated,4.591313112570627,10.609365875448013,11.889239732139233,1.2798738566912196,0.6810346598877943,0.13463154416209877,0.7022479264507362
asymmetric,1,8.0,2,1DC7AD76B1D35D3760DE020EFE5D9AA1EA2BCB8CF9A2F97916DB2435F727FBB6,11.51,11.74000000082572,0.5185556842452836,11.247350306183845,0.972814684228973,9.825274980955093,11.206503829093966,12.480094210376196,2.814146513992592,0.4597376354367917,11.265,concentrated,4.603351638779839,10.610748294359835,11.880140853338723,1.269392558978888,0.6769014480433008,0.1333435476133213,0.7164525110542185
asymmetric,2,0.0,0,EB0782FBE39F3C9705A899631CC7BA56CCBAEFC99FF2F9FB97C602F14755D0F6,11.51,11.74000000082572,0.5185556842452836,11.313298761519754,0.9826086677780498,9.840157989483297,11.2753949030657,12.47621150181899,2.8687139879040355,0.45514680040875755,11.32,concentrated,4.734151204139168,10.70081658848617,11.929169146662007,1.2283525581758372,0.6748008290948238,0.14727219085451906,0.6799754313743572
asymmetric,2,0.0,1,627D0C055DF60CEFED4BD6998A2516A566642999270F37D2E7BA6599E3B65031,11.51,11.74000000082572,0.5185556842452836,11.326251234977319,0.9832607205602598,9.832582489526459,11.289030083887146,12.730131377044891,2.9958429953812074,0.4543763072026201,11.33,concentrated,4.682786401913507,10.711232945047648,11.942115033380361,1.230882088332713,0.6687874492784721,0.14793230704721394,0.6695402291352126
asymmetric,2,0.0,2,99F68DACB0C5694B624B1333596A52C3B6EC79AD1206BC292DA4BAB0731FB0AE,11.51,11.74000000082572,0.5185556842452836,11.3268235865922,0.9848208793115412,9.845722056220131,11.286524649896256,12.62132044453438,2.8709314040948017,0.455252708926732,11.33,concentrated,4.719232052012791,10.709229542204705,11.937879441218001,1.2286498990132966,0.6728631723961195,0.14835498110979015,0.6723538078898353
asymmetric,2,4.0,0,D5F1CF78A8BEBA4693A34FD37DBE8272DA61D113034934A565E244E294426164,11.51,11.74000000082572,0.5185556842452836,11.35271602803048,1.0399205986954005,9.803974549364897,11.300422450232983,13.07668166797248,2.8948872840354882,0.4633556384482067,11.345,concentrated,4.635090130312736,10.718956093081623,11.955886008080586,1.2369299149989637,0.6652874755051961,0.14888907635407156,0.6608907741386245
asymmetric,2,4.0,1,0D4356FFA929A26D04267A78BE391E93D0B7049E271FBFC46F13D3666935A13F,11.51,11.74000000082572,0.5185556842452836,11.570809056555486,0.9355296896656566,10.277377829140967,11.484606393811477,13.17748953202161,2.997090135092411,0.4644984499532012,11.45,concentrated,4.799760643670008,10.85194690886585,12.078716540837211,1.2267696319713615,0.6838836260899752,0.17242938295279667,0.5433678415869524
asymmetric,2,4.0,2,59B7FFA69D02D1FAD263B891F3894867E9041C3825D99801B27152AE6F632683,11.51,11.74000000082572,0.5185556842452836,11.361159883442253,1.0393650478839074,9.810501722203862,11.307547430326721,13.093256060443126,2.896845695309507,0.4632955582408578,11.35,concentrated,4.6358988929808795,10.724604089678447,11.960892136919124,1.2362880472406772,0.665100042010202,0.14975827431271782,0.656414958119591
asymmetric,2,6.0,0,2BDA00D558BCD3C399A999734869C9EC23771FAF9EF9D9DBD6212BAA1B534983,11.51,11.74000000082572,0.5185556842452836,11.260149511536053,0.9834098084029922,9.786343067484655,11.227754402095448,12.357086091553313,2.906624880715756,0.4611573733834513,11.285,concentrated,4.721238735860834,10.659045142787312,11.888800239899341,1.2297550971120295,0.6734794622841233,0.1391603384575852,0.7090117217303504
asymmetric,2,6.0,1,2643ED6A55AE7ED035FB02756BAB61655FA02F516B7448226BD66E32BCC2FF31,11.51,11.74000000082572,0.5185556842452836,11.31646224751265,0.9965947278145763,9.873296589665985,11.262464466069275,12.401850544572854,2.994466308716002,0.4585088092055982,11.3,concentrated,4.8332201133116275,10.68120538802123,11.906359018219852,1.2251536301986228,0.6876036596284782,0.14609434551367356,0.6913478980001093
asymmetric,2,6.0,2,A4CF8C632EB013E7440BC0048E722F3BEE04BA2F0AA7BE2F5D2BF72307B1F0BB,11.51,11.74000000082572,0.5185556842452836,11.260147539208527,0.9834083501466323,9.786342232501474,11.227753260371824,12.357076460749218,2.906618954811842,0.4611574347851277,11.285,concentrated,4.72124324326231,10.6590448935143,11.888798957007838,1.2297540634935373,0.6734795309220387,0.13916024636371063,0.7090126241536319
asymmetric,2,8.0,0,06AE0D78B247BF139C64CA062298566492C098D5F8EC6BD02783323B37D832CF,11.51,11.74000000082572,0.5185556842452836,11.254533507961249,1.0289043469989019,9.806173789212956,11.200731145651801,12.538571661591773,2.880751004762085,0.4656808049062042,11.265,concentrated,4.62123514450373,10.616870562690405,11.870669285841739,1.2537987231513341,0.6710599544268303,0.13261807445447796,0.7209101157771329
asymmetric,2,8.0,1,A726D7A6822247CDAB6AA79F32BD6AE4FC1D8A711DE53E4F75545813C606EE91,11.51,11.74000000082572,0.5185556842452836,11.248242671474527,1.0132026761317456,9.841499192195142,11.19501117145406,12.328868111736538,2.8875514847842596,0.46612865599684894,11.26,concentrated,4.627256892640913,10.599602437240602,11.87104261504073,1.2714401778001285,0.681207908639566,0.1324892295386065,0.7246169893152685
asymmetric,2,8.0,2,9678427D7330BC25FD9FE06D71C90CAEAA76EA4E3D30DA56A6131D9CEFE43095,11.51,11.74000000082572,0.5185556842452836,11.222357393949368,1.0098031786216588,9.788362803356318,11.179983780824891,12.315078126604773,2.9831545328411537,0.46586757937119283,11.25,concentrated,4.588238104111021,10.594164506942704,11.861958365841595,1.2677938588988908,0.673255769288188,0.1296843131949151,0.7318926463349831
asymmetric,3,0.0,0,25442592153CE1E284F9402E17B2DC9896F699B460078980F3A5DEC9F138B2C7,11.51,11.74000000082572,0.5185556842452836,11.290351390919403,0.9895081536879362,9.795232946173842,11.259663715649321,12.440256914799082,2.8512922110498704,0.4773926347281445,11.315,concentrated,4.659019772134128,10.685770669698499,11.927272911126952,1.241502241428453,0.6707991563564711,0.1445798050378356,0.6873991488901547
asymmetric,3,0.0,1,615697DFB91A38AD1915EB8A80BE9348B98A0920F57F25A1F70CEFFF4A2B54C4,11.51,11.74000000082572,0.5185556842452836,11.446768123217616,0.9555843152772041,9.954001067492868,11.394574441504206,13.10352450443226,2.922359089720982,0.47797361822306494,11.405000000000001,concentrated,4.665489691791048,10.789754274656472,12.023579690687885,1.2338254160314133,0.6680719048824681,0.16025861988193366,0.6013064081006309
asymmetric,3,0.0,2,1C8FEB46F609296F2A3DBF93F84FA4C7F2F36611D0CD96FCDAD5E0849E591B67,11.51,11.74000000082572,0.5185556842452836,11.290351995648843,0.9895135132611802,9.795226960161107,11.259663332241605,12.44028176885826,2.851298423756956,0.4773922340639769,11.315,concentrated,4.659020626655957,10.685772181273704,11.92727119247781,1.241499011204107,0.6707975621768597,0.14457966827304178,0.6873994272968874
asymmetric,3,4.0,0,E14C892D3B1DC3579CB7D5A32BB80DAAD38A3657D1E6B4CA6A5F5C93A8999CCB,11.51,11.74000000082572,0.5185556842452836,11.285782415478424,0.9959009202943242,9.783143274674032,11.254809920279312,12.443897163540807,2.8876038631423597,0.4669600894725914,11.315,concentrated,4.653317139745765,10.682857640759096,11.922618480696977,1.2397608399378814,0.6689656762401284,0.14357842007288252,0.6901600981051272
asymmetric,3,4.0,1,94141E7D817FC00EA3E7EC6D239AD3C879FFB53CF79D1725F845DC481B499348,11.51,11.74000000082572,0.5185556842452836,11.338126598632778,0.9211639379022881,9.944708496660654,11.304770558471905,12.402329509877417,2.954983198078566,0.4684411488059341,11.34,concentrated,4.843094763595015,10.720835860302655,11.948350377559487,1.2275145172568322,0.6899080773857367,0.15417679085900246,0.6648100437118338
asymmetric,3,4.0,2,CC3D365DA58DC2D97DE3E65C7658539C659497F0D96C003236E76E7094346AD6,11.51,11.74000000082572,0.5185556842452836,11.285784392741387,0.995901883244078,9.783143756941978,11.254811368883626,12.443908354155047,2.8875970890391796,0.46696013670187986,11.315,concentrated,4.653318597126014,10.682859201520452,11.922619255038411,1.2397600535179585,0.6689654878926949,0.1435786222513004,0.6901592493495973
asymmetric,3,6.0,0,329C651BE2A1977E21CEC3EFEC6AAC2897F677720B31732DBD9644AFF642538D,11.51,11.74000000082572,0.5185556842452836,11.27028113153458,0.9753109845593037,9.770392400664685,11.254141380417302,12.332936356120848,2.8894689375861695,0.4697270739529038,11.32,concentrated,4.675101427979716,10.69014163123365,11.927151661803151,1.2370100305695004,0.670569448030524,0.14551760868797597,0.6919255204616993
asymmetric,3,6.0,1,BCA6F6B1A3DBC9293C62525A39D9216AD01C822A79F085443E15396F17510BD5,11.51,11.74000000082572,0.5185556842452836,11.26709390658676,0.9117593280063842,9.850038254031345,11.259475519391739,12.236915606309287,2.952382034626819,0.4716195948081605,11.32,concentrated,4.81616201190339,10.693442931867498,11.924916928093623,1.231473996226125,0.6878760351927641,0.14940783845569344,0.6939447134371832
asymmetric,3,6.0,2,5B2503ECDCCC373C1939F6793581960E9078F366CBBA21E3428C5B8D83E9328F,11.51,11.74000000082572,0.5185556842452836,11.270282532370851,0.9753111165486141,9.770393288407975,11.254142554729452,12.332939207131009,2.889469011619569,0.46972547857889424,11.32,concentrated,4.675102079501011,10.69014268392496,11.927152535407627,1.237009851482668,0.6705694586216575,0.14551777801419133,0.6919248079807998
asymmetric,3,8.0,0,42D9E206D384F867797E082EA12570124BFD32100BF868CA11D3AC8FD33AA129,11.51,11.74000000082572,0.5185556842452836,11.274767544730146,1.022451185880978,9.828819668154818,11.218357921293393,12.958044531127264,2.875316487843381,0.4596119354003161,11.275,concentrated,4.630518079451787,10.63136857750549,11.883781061602969,1.2524124840974782,0.6718025312374726,0.1354833106562858,0.7107504060847051
asymmetric,3,8.0,1,AB8B250510010D1BC114D6CC8E6AF7124347F97AB22E6C00F5DC9D723A421240,11.51,11.74000000082572,0.5185556842452836,11.261131264300941,0.9905026678008823,9.826802836699109,11.220980802135113,12.393067860581466,2.8869904461244063,0.4614152810097838,11.285,concentrated,4.625073947387769,10.637094436377726,11.89439718413171,1.2573027477539842,0.6734552924640556,0.13709875897194979,0.7093244865673878
asymmetric,3,8.0,2,A26A38A2699023C457C62D62F4AE8643530871C79F1FE9CD4AFD2008E3369664,11.51,11.74000000082572,0.5185556842452836,11.275582332476686,1.0285296201150882,9.82112879277926,11.217950894406634,13.01058683212886,2.876706319420088,0.46005628794668096,11.275,concentrated,4.6114246434704524,10.630273570944007,11.884547250698597,1.25427367975459,0.6699770521767312,0.13503604718036816,0.7101703789194656
asymmetric,4,0.0,0,7F35FC735BA8F33CC4D2D85EE74C57224F7D7B37A4C861ABD0504B85290F50CF,11.51,11.74000000082572,0.5185556842452836,11.419915021707293,0.9771991254383954,9.983867731025958,11.356040192310223,13.078761165857392,2.840112991555116,0.4530773814392157,11.370000000000001,concentrated,4.74172472821394,10.74773199816504,11.988381621331808,1.2406496231667674,0.6830350479146379,0.1575272151456043,0.6280876712637745
asymmetric,4,0.0,1,664565082C7C5607872DF025BFE8C514E1944F32ADA9C236EBAF0FB53F0F5A4F,11.51,11.74000000082572,0.5185556842452836,11.64468667486527,0.9506377370106779,10.44399825868375,11.535829688678119,13.373934936536784,2.869090317519394,0.45451220939574366,11.485,concentrated,4.821323209144528,10.89038635179505,12.107089606684283,1.216703254889234,0.6818059784735746,0.17720870229426702,0.5085736094754432
asymmetric,4,0.0,2,D4F5C98683B58D21EDD9FFC63490CF7071320BAD36D1740331B6524F18CFDF97,11.51,11.74000000082572,0.5185556842452836,11.41742203373164,0.9752365170506375,9.98558142780076,11.35417992276607,13.065016614073684,2.8488363150345415,0.4529436300701528,11.370000000000001,concentrated,4.750975817305582,10.746709275457897,11.98646929147099,1.2397600160130917,0.683894123018309,0.15755462323679692,0.6295476263807149
asymmetric,4,4.0,0,7D58B9703466D110FE609C013EE7500ECB5666D9BAC17D5E671DADE768E1A1B1,11.51,11.74000000082572,0.5185556842452836,11.392589434444124,1.0252538786634504,9.839290544928788,11.335189256607434,13.220917999499582,2.8849078011427927,0.46783559569821787,11.370000000000001,concentrated,4.616436256804341,10.741108921707227,11.980753436892517,1.2396445151852902,0.6640781379718904,0.15269138087921102,0.6383626184570567
asymmetric,4,4.0,1,5E2374CBA503AE061D3788BE764128AA0CA9E21C8090E9531452E2DA8D6465BF,11.51,11.74000000082572,0.5185556842452836,11.55113982742521,0.9507150223683698,10.131073512293682,11.474668909113415,13.247467362151838,3.0639694339652697,0.4697045339390995,11.455,concentrated,4.697734320915929,10.843776819730845,12.07878773437776,1.2350109146469155,0.6735439744718228,0.1690192098992621,0.5491248972896972
asymmetric,4,4.0,2,38031DF160BF2FFAC6EB5EBD1A860A928592617DDCC87C6E44A7E7EA7DE1F966,11.51,11.74000000082572,0.5185556842452836,11.382767897412192,1.0067023063019147,9.863321977597181,11.329235270341615,13.137341154602284,2.856151985530082,0.4687344852247428,11.365,concentrated,4.633389802075845,10.732278682094512,11.977854148514592,1.24557546642008,0.6696046250962695,0.15254524394646812,0.6426274214676296
asymmetric,4,6.0,0,8C8B6B54E0A77350107DEE6FD0D1670A2B0BCA91086B051382566F76C3996B0F,11.51,11.74000000082572,0.5185556842452836,11.325947589424302,1.0428660070847582,9.771894682324703,11.27710131674929,13.162943036765665,2.887843321087845,0.468042896647648,11.33,concentrated,4.578743970456129,10.6940136746069,11.941693006938635,1.2476793323317352,0.6625481581474245,0.1450152856689785,0.6736354335083501
asymmetric,4,6.0,1,31AEB52138566CAB13DA1F6A84EF8C7E3039888C562E830F9C8AA839C24D1215,11.51,11.74000000082572,0.5185556842452836,11.391684795058755,0.991172958532828,9.840917591272614,11.349840157365703,13.123633574081412,3.0581158257700314,0.4699694252424187,11.385,concentrated,4.58612459914366,10.755681618793693,11.99875265878935,1.243071039995657,0.6614167175789047,0.1543502388872288,0.6283542239199665
asymmetric,4,6.0,2,9540526A9C0ABE9E5FC907503DA2BC0C989D4A4632EEE0C39379A2C489EBB43F,11.51,11.74000000082572,0.5185556842452836,11.325568090388215,1.0429243614508763,9.771334425779974,11.276811644706989,13.162868074921965,2.8874577756832047,0.46806582718188205,11.33,concentrated,4.578287812611112,10.693824748102804,11.941480894152622,1.2476561460498186,0.6624659965801003,0.14496649267360778,0.6737983006161554
asymmetric,4,8.0,0,AB6C56FC644C75D262533BDAC6B3AA5DAC7AC1D2E2EC668A50C873217A33D00D,11.51,11.74000000082572,0.5185556842452836,11.320212559125935,1.001208954865868,9.896822245391654,11.259986656389525,13.028520126038956,2.8404023134612304,0.4851576029934388,11.305,concentrated,4.645313307343721,10.654748267703898,11.920684704382998,1.2659364366791,0.681787608385781,0.14258526144557268,0.6860068182152741
asymmetric,4,8.0,1,7920DE429B0E825DC476A3BC481709C2C3716B924329A7F4F92613F345019A0D,11.51,11.74000000082572,0.5185556842452836,11.540134374142822,0.9515184204266791,10.242571890233416,11.447613584554482,13.26028676463442,2.934258891113124,0.4862859130065378,11.425,concentrated,4.699241922906612,10.804397476978297,12.053921886115441,1.2495244091371447,0.6816975584076534,0.16529997872528476,0.5669084012230332
asymmetric,4,8.0,2,91ECA062E8CD7B6850DA1783CFF355DD8666697D61941E92125EF22B97A4AC61,11.51,11.74000000082572,0.5185556842452836,11.31985490259943,1.0010681066245872,9.896485817927822,11.259742775808814,13.026929726509406,2.842106688303273,0.48514739419426967,11.305,concentrated,4.644779352147611,10.654484038067308,11.920575345380026,1.2660913073127187,0.6817880596338048,0.14254521578175453,0.6861382433546963
