scope,family,seed,phase_response,lambda,unit,heldout_vr,rmse,mae,nrmse,normalization_range,n_points,bias_uA,observed_peak_V,predicted_peak_V,missing_peak,extra_peak,matched_peak_mean_abs_V,observed_trough_V,predicted_trough_V,missing_trough,extra_trough,matched_trough_mean_abs_V
stress_10V,H1,0,False,0.0,8A9A0A97C38DDD2B8AF7E68ED580EA9D8C402F88CF782F134BB285F880707B58,10.0,0.5208739690232477,0.42464075282457164,0.2636001932409277,1.9759999513626099,161,0.42464075282457164,"[34.0, 44.5, 56.0, 67.5]","[20.5, 31.5, 42.5, 54.5, 66.0, 77.5]",0,2,1.875,"[38.5, 50.0, 61.5, 73.0]","[24.0, 36.0, 48.0, 59.5, 71.5]",0,1,2.0
stress_10V,H1,1,False,0.0,439A6F87DC0B3315AED6F6C1315FB5E786B316A2CAF86B59F36846CC4AB2664C,10.0,0.5127867680568148,0.41922518715150436,0.2595074801004966,1.9759999513626099,161,0.4188853751398179,"[34.0, 44.5, 56.0, 67.5]","[23.0, 33.5, 44.0, 55.0, 66.0, 77.0]",0,2,0.875,"[38.5, 50.0, 61.5, 73.0]","[26.5, 38.0, 49.0, 60.0, 71.0]",0,1,1.25
stress_10V,H1,2,False,0.0,8B7858971434C47973CA064C646276C86568074D3AED6DEB522FBE36EF6110AE,10.0,0.5211746860620743,0.4249693007992158,0.2637523779809219,1.9759999513626099,161,0.4249693007992158,"[34.0, 44.5, 56.0, 67.5]","[20.5, 31.5, 42.5, 54.5, 66.0, 77.5]",0,2,1.875,"[38.5, 50.0, 61.5, 73.0]","[24.0, 36.0, 48.0, 59.5, 71.5]",0,1,2.0
stress_10V,G1,0,False,0.0,1F9593ED968070D2DC8C3400ACE038A40CA44713C3565C8E89097B6F60764021,10.0,0.494244266939365,0.3973781691342467,0.2501236230287071,1.9759999513626099,161,0.3973781691342467,"[34.0, 44.5, 56.0, 67.5]","[20.5, 31.5, 42.5, 54.5, 66.0, 77.5]",0,2,1.875,"[38.5, 50.0, 61.5, 73.0]","[24.0, 36.0, 48.0, 59.5, 71.5]",0,1,2.0
stress_10V,G1,1,False,0.0,524CB4D11A54D55A99B3EA46C2CC991EBC4C6F84B653FFDE8C7AC72AAC3DE861,10.0,0.5086637626512363,0.41588124573724217,0.25742093885198325,1.9759999513626099,161,0.415412604168822,"[34.0, 44.5, 56.0, 67.5]","[23.0, 33.5, 44.0, 55.0, 66.0, 77.0]",0,2,0.875,"[38.5, 50.0, 61.5, 73.0]","[26.5, 38.0, 49.0, 60.0, 71.0]",0,1,1.25
stress_10V,G1,2,False,0.0,C52209D6FD655A9BE8AF8429BF356EDE869CA1A2854504BD31E6201CFCFF5F0B,10.0,0.5174562550997307,0.41333911615661956,0.26187058088888276,1.9759999513626099,161,0.41333911615661956,"[34.0, 44.5, 56.0, 67.5]","[20.0, 31.5, 42.5, 54.5, 66.0, 77.5]",0,2,1.875,"[38.5, 50.0, 61.5, 73.0]","[24.0, 36.0, 48.0, 59.5, 71.5]",0,1,2.0
stress_10V,C,0,True,0.0001,2580F7E0A319B658D645A3CE94806F2134B062EA21C4570868E9684EB692B44C,10.0,0.13847460449014556,0.10416359029510705,0.07007824286364797,1.9759999513626099,161,-0.020657132566168464,"[34.0, 44.5, 56.0, 67.5]","[17.5, 33.5, 44.5, 55.5, 67.5]",0,1,0.25,"[38.5, 50.0, 61.5, 73.0]","[21.5, 38.5, 49.5, 61.0, 73.0]",0,1,0.25
stress_10V,C,1,True,0.0001,65C9AD2AC0C7FB881560B885717F5A1C1300EE9C52531B60D2AA3BED1C1E73C1,10.0,0.10538552956273096,0.07710046133177156,0.05333275918861193,1.9759999513626099,161,-0.014966057869419774,"[34.0, 44.5, 56.0, 67.5]","[14.0, 33.0, 44.5, 56.0, 67.5]",0,1,0.25,"[38.5, 50.0, 61.5, 73.0]","[18.5, 38.0, 50.0, 61.0, 73.0]",0,1,0.25
stress_10V,C,2,True,0.0001,2AC421CA54586358E7D4E832FB674529166D4E62559CDB2EC9FF2340FDE32548,10.0,0.13062184931915471,0.09581717301792293,0.06610417638374966,1.9759999513626099,161,0.0013555009476058835,"[34.0, 44.5, 56.0, 67.5]","[17.5, 33.5, 44.5, 55.5, 67.5]",0,1,0.25,"[38.5, 50.0, 61.5, 73.0]","[22.5, 38.5, 49.5, 61.0, 73.0]",0,1,0.25
