family,seed,Vr,unit,rmse,mae,nrmse,normalization_range,n_points
H1,0,0.0,8A9A0A97C38DDD2B8AF7E68ED580EA9D8C402F88CF782F134BB285F880707B58,0.12779198164964828,0.10512464512829282,0.04491809503146969,2.8450000286102295,161
H1,0,4.0,8A9A0A97C38DDD2B8AF7E68ED580EA9D8C402F88CF782F134BB285F880707B58,0.11108973381527017,0.08541486771428615,0.04256311811506473,2.609999895095825,161
H1,0,6.0,8A9A0A97C38DDD2B8AF7E68ED580EA9D8C402F88CF782F134BB285F880707B58,0.06665691253669978,0.05046674771934726,0.026673433614817676,2.499000072479248,161
H1,0,8.0,8A9A0A97C38DDD2B8AF7E68ED580EA9D8C402F88CF782F134BB285F880707B58,0.08364195668430763,0.06428935641925729,0.03674954123162451,2.2760000228881836,161
H1,1,0.0,439A6F87DC0B3315AED6F6C1315FB5E786B316A2CAF86B59F36846CC4AB2664C,0.13342264558566452,0.11574389732111237,0.04689723875006108,2.8450000286102295,161
H1,1,4.0,439A6F87DC0B3315AED6F6C1315FB5E786B316A2CAF86B59F36846CC4AB2664C,0.13158865456740027,0.11175618887669458,0.05041711105607881,2.609999895095825,161
H1,1,6.0,439A6F87DC0B3315AED6F6C1315FB5E786B316A2CAF86B59F36846CC4AB2664C,0.10390080856987441,0.08339954427905993,0.04157695300376475,2.499000072479248,161
H1,1,8.0,439A6F87DC0B3315AED6F6C1315FB5E786B316A2CAF86B59F36846CC4AB2664C,0.11445016121974502,0.07816535575987492,0.050285659081194034,2.2760000228881836,161
H1,2,0.0,8B7858971434C47973CA064C646276C86568074D3AED6DEB522FBE36EF6110AE,0.12775695122539424,0.10508396746624812,0.04490578205294535,2.8450000286102295,161
H1,2,4.0,8B7858971434C47973CA064C646276C86568074D3AED6DEB522FBE36EF6110AE,0.11100489986907396,0.08532888480683092,0.04253061468609693,2.609999895095825,161
H1,2,6.0,8B7858971434C47973CA064C646276C86568074D3AED6DEB522FBE36EF6110AE,0.0666051334401896,0.05041621362602011,0.02665271368884392,2.499000072479248,161
H1,2,8.0,8B7858971434C47973CA064C646276C86568074D3AED6DEB522FBE36EF6110AE,0.08366534818691741,0.06430506537208533,0.03675981869312475,2.2760000228881836,161
G1,0,0.0,1F9593ED968070D2DC8C3400ACE038A40CA44713C3565C8E89097B6F60764021,0.12940258349115544,0.10604595329331959,0.045484211666025204,2.8450000286102295,161
G1,0,4.0,1F9593ED968070D2DC8C3400ACE038A40CA44713C3565C8E89097B6F60764021,0.11454579722425541,0.0891670616061871,0.04388728039395186,2.609999895095825,161
G1,0,6.0,1F9593ED968070D2DC8C3400ACE038A40CA44713C3565C8E89097B6F60764021,0.06672831020910765,0.05048722768319039,0.026702004111151048,2.499000072479248,161
G1,0,8.0,1F9593ED968070D2DC8C3400ACE038A40CA44713C3565C8E89097B6F60764021,0.08216578779931376,0.06335285536400502,0.03610096088445885,2.2760000228881836,161
G1,1,0.0,524CB4D11A54D55A99B3EA46C2CC991EBC4C6F84B653FFDE8C7AC72AAC3DE861,0.13301167433278852,0.11552650284990874,0.04675278488407052,2.8450000286102295,161
G1,1,4.0,524CB4D11A54D55A99B3EA46C2CC991EBC4C6F84B653FFDE8C7AC72AAC3DE861,0.13169466524568893,0.1119731378756273,0.0504577281758296,2.609999895095825,161
G1,1,6.0,524CB4D11A54D55A99B3EA46C2CC991EBC4C6F84B653FFDE8C7AC72AAC3DE861,0.10434121729526497,0.08364423620320365,0.04175318698240311,2.499000072479248,161
G1,1,8.0,524CB4D11A54D55A99B3EA46C2CC991EBC4C6F84B653FFDE8C7AC72AAC3DE861,0.11458559166549268,0.0779631740509425,0.050345162791381085,2.2760000228881836,161
G1,2,0.0,C52209D6FD655A9BE8AF8429BF356EDE869CA1A2854504BD31E6201CFCFF5F0B,0.1294079969472518,0.10641157653206278,0.045486114462525,2.8450000286102295,161
G1,2,4.0,C52209D6FD655A9BE8AF8429BF356EDE869CA1A2854504BD31E6201CFCFF5F0B,0.10498419636470893,0.07888418023678152,0.040223831641516015,2.609999895095825,161
G1,2,6.0,C52209D6FD655A9BE8AF8429BF356EDE869CA1A2854504BD31E6201CFCFF5F0B,0.06196312873785604,0.046888851575741436,0.02479516884382587,2.499000072479248,161
G1,2,8.0,C52209D6FD655A9BE8AF8429BF356EDE869CA1A2854504BD31E6201CFCFF5F0B,0.08370369388068323,0.06416912609241394,0.036776666537316406,2.2760000228881836,161
C,0,0.0,2580F7E0A319B658D645A3CE94806F2134B062EA21C4570868E9684EB692B44C,0.06071035322597804,0.05178785732518387,0.02133931550631119,2.8450000286102295,161
C,0,4.0,2580F7E0A319B658D645A3CE94806F2134B062EA21C4570868E9684EB692B44C,0.04611796566950609,0.03726726315892483,0.017669719357522384,2.609999895095825,161
C,0,6.0,2580F7E0A319B658D645A3CE94806F2134B062EA21C4570868E9684EB692B44C,0.0519076996913201,0.03846425114722975,0.020771387829461998,2.499000072479248,161
C,0,8.0,2580F7E0A319B658D645A3CE94806F2134B062EA21C4570868E9684EB692B44C,0.048000504801950956,0.03752385108186244,0.021089852512848218,2.2760000228881836,161
C,1,0.0,65C9AD2AC0C7FB881560B885717F5A1C1300EE9C52531B60D2AA3BED1C1E73C1,0.10068316764417656,0.08411613968807342,0.03538951375454286,2.8450000286102295,161
C,1,4.0,65C9AD2AC0C7FB881560B885717F5A1C1300EE9C52531B60D2AA3BED1C1E73C1,0.08070572698973368,0.06207736498815204,0.030921735721667756,2.609999895095825,161
C,1,6.0,65C9AD2AC0C7FB881560B885717F5A1C1300EE9C52531B60D2AA3BED1C1E73C1,0.0657512272478687,0.04859130934263785,0.026311014542163322,2.499000072479248,161
C,1,8.0,65C9AD2AC0C7FB881560B885717F5A1C1300EE9C52531B60D2AA3BED1C1E73C1,0.05903438224382989,0.043397672918288895,0.0259377775264329,2.2760000228881836,161
C,2,0.0,2AC421CA54586358E7D4E832FB674529166D4E62559CDB2EC9FF2340FDE32548,0.06692428487436501,0.056917217734575365,0.023523474235976456,2.8450000286102295,161
C,2,4.0,2AC421CA54586358E7D4E832FB674529166D4E62559CDB2EC9FF2340FDE32548,0.0455174484048945,0.0365345573471624,0.017439636105128404,2.609999895095825,161
C,2,6.0,2AC421CA54586358E7D4E832FB674529166D4E62559CDB2EC9FF2340FDE32548,0.049362473132228885,0.036022341064090684,0.019752889836156175,2.499000072479248,161
C,2,8.0,2AC421CA54586358E7D4E832FB674529166D4E62559CDB2EC9FF2340FDE32548,0.04921929162077335,0.0374018373880257,0.021625347594819166,2.2760000228881836,161
