path,bytes,sha256,original_workspace_path
collision_history/h1/predictions.csv,42014,57e9df824e0bdc1ab5dec57b8225409781ca574a535eca83f66d68ad7a7e129e,NewModel-TEST/output/v2l_q4_iteration_01/h1/predictions.csv
collision_history/h1/result.json,16617,75ad708337180d006278d39e0e3174ce3b8fe6de399d479b4dad68668b34139e,NewModel-TEST/output/v2l_q4_iteration_01/h1/result.json
collision_history/h4s/predictions.csv,41465,4a02202236f8f973dfc02cfca689798f8a8092a1de47739e3c6c00f06940e6fa,NewModel-TEST/output/v2l_q4_h4s_iteration_01/h4s/predictions.csv
collision_history/h4s/result.json,9610,7109ed727d699a04d3b3751ab1758d5bbc5c9739c29fd8a2d9cb65165d3c5010,NewModel-TEST/output/v2l_q4_h4s_iteration_01/h4s/result.json
collision_history/h4s_morphology_audit.json,941,1575db2656b6aafc878ae246803c0bf3d720f6e432c45e3a90f6d47d165967f5,NewModel-TEST/output/v2l_q4_h4s_iteration_01/h4s_morphology_audit.json
collision_history/v2l_experiment_summary.json,3446,0bd8d78b8f9592278dcbd467a57146b43545c1c8171e2db3252f795508aee678,NewModel-TEST/output/v2l_experiment_summary.json
diagnostics_v2/a10_review_controls/c1_block_ci_pvalues.csv,634,1ba7d2b41891cc1b18cf29c39fc903c73908a7d0fb4c9fafdb0a2a2426bbdb18,EXPERIMENT_V2/results/a10_review_controls/c1_block_ci_pvalues.csv
diagnostics_v2/a10_review_controls/c2_structure_free_null.csv,1152,c9bf63d473d892ef9ddaa20c25a105e09cedd8fc2cfd7765300d569080e75976,EXPERIMENT_V2/results/a10_review_controls/c2_structure_free_null.csv
diagnostics_v2/a10_review_controls/c3_single_energy_absolute.csv,638,434998bda89eaec6ecbdc364b85306b858121a1e977b59dc4aaa2ab9d7b6fed2,EXPERIMENT_V2/results/a10_review_controls/c3_single_energy_absolute.csv
diagnostics_v2/a10_review_controls/c4_nested_vs_span.csv,688,cc4967e6cdbef05275662fbed6bed5fe0f19ec0d9f9727e3518ba42e2e4ee7a9,EXPERIMENT_V2/results/a10_review_controls/c4_nested_vs_span.csv
diagnostics_v2/a10_review_controls/summary.json,2350,e0a2cf31a1899e6f64ef56a874e2b242eda88cdbe95cb250cfed190bfc0bd34b,EXPERIMENT_V2/results/a10_review_controls/summary.json
diagnostics_v2/a11_direct_evidence/band_sinusoid_fits.csv,854,aab41b69f58dd116c2c4da2e57ef24d5d60cb064d3a47b0af5226a0c64c5d717,EXPERIMENT_V2/results/a11_direct_evidence/band_sinusoid_fits.csv
diagnostics_v2/a11_direct_evidence/fft_peaks.csv,273,3b0e5c3958a198869c70dfdf0a8f73b8fb48e2dd23579d48e3821fa29874386d,EXPERIMENT_V2/results/a11_direct_evidence/fft_peaks.csv
diagnostics_v2/a11_direct_evidence/lissajous.csv,351,89f2a15452b9f37568a4a290e5688303a59b9801d047de004d97db2ba753d6fe,EXPERIMENT_V2/results/a11_direct_evidence/lissajous.csv
diagnostics_v2/a11_direct_evidence/pairwise_phase_differences.csv,880,befc3ecb6b931fece3a8ce94d0b5660c0b7829ca253996fb03042888afc89a68,EXPERIMENT_V2/results/a11_direct_evidence/pairwise_phase_differences.csv
diagnostics_v2/a11_direct_evidence/summary.json,2526,b6fc910c533438c5dc669bdbaf0d1d6e8d6d7fd5a1debd60de08caefcbbd4aee,EXPERIMENT_V2/results/a11_direct_evidence/summary.json
diagnostics_v2/a11_direct_evidence/template_correlations.csv,246,a11f7cb59350eb28ce10602e41fd4a3b287c3614580a235b297641a1f1cb1d0f,EXPERIMENT_V2/results/a11_direct_evidence/template_correlations.csv
diagnostics_v2/a12_robustness/a12a_without_vr10_blocks.csv,491,68f4935b08e2c080e554197cfd5a10b14d0fd09da066acfdac2e76000abd27bb,EXPERIMENT_V2/results/a12_robustness/a12a_without_vr10_blocks.csv
diagnostics_v2/a12_robustness/a12b_lags.csv,598,20f033fe431250485e8eb0a4d5f9fe3a35640a9af944a7d7964810e2efe08163,EXPERIMENT_V2/results/a12_robustness/a12b_lags.csv
diagnostics_v2/a12_robustness/a12c_conditioning.csv,183,9af37fdc8e82a2ab95c5b926ad224f63582242e44955b0424ea2cd173820d7e8,EXPERIMENT_V2/results/a12_robustness/a12c_conditioning.csv
diagnostics_v2/a12_robustness/a12c_separation.csv,324,353edf6a8f23da75b6cb392c7f546e040f77b23198bba0143df5a6856be099d6,EXPERIMENT_V2/results/a12_robustness/a12c_separation.csv
diagnostics_v2/a12_robustness/oscillation_counts.csv,49,888c480403937c547ae68cb04d82b0e41614adcdb91ea86415d6b7e397d72964,EXPERIMENT_V2/results/a12_robustness/oscillation_counts.csv
diagnostics_v2/a12_robustness/percentile_ci.csv,87,9e7d5fa785e051585246a910b777e1b5bc44a4649d0c9b354a5c6d1abdecd46e,EXPERIMENT_V2/results/a12_robustness/percentile_ci.csv
diagnostics_v2/a12_robustness/summary.json,3002,60e3d9bbef9859f3e71c57569a62189f7ce476e23f965ee8bd7b6d8ac2ec11b0,EXPERIMENT_V2/results/a12_robustness/summary.json
diagnostics_v2/a13_method_hardening/a13a_embargo_blocks.csv,430,f76e49dc8ef6c9d872cf342c66bb3a5d38a03665169abf00a5f0d49f891d5a90,EXPERIMENT_V2/results/a13_method_hardening/a13a_embargo_blocks.csv
diagnostics_v2/a13_method_hardening/a13b_null_pathology.csv,180,157a74f6959690c6a3fd6a26f46542badbb235c933578d49e3255c8bb381d4fe,EXPERIMENT_V2/results/a13_method_hardening/a13b_null_pathology.csv
diagnostics_v2/a13_method_hardening/a13b_power_vs_factor.csv,131,9b9e86a2a54622c9d398ff9d5d505bbe0dcc6f071e531693699ac44a1fe14564,EXPERIMENT_V2/results/a13_method_hardening/a13b_power_vs_factor.csv
diagnostics_v2/a13_method_hardening/a13b_signal_gram.csv,678,d60f1d15ecbaa5ec773023be8597768331c3f14a0abd75a42f469b0d1d63aa8b,EXPERIMENT_V2/results/a13_method_hardening/a13b_signal_gram.csv
diagnostics_v2/a13_method_hardening/a13c_band_contributions.csv,792,36a42732c4e3ab3377cd95563b2dc059fdca09acf1708ecd283aa68529b05c4a,EXPERIMENT_V2/results/a13_method_hardening/a13c_band_contributions.csv
diagnostics_v2/a13_method_hardening/a13d_construction_sensitivity.csv,66,fc940ff39991a39cb74202ddeaa7b916e23a2706f08089d5cb5f855c2df2807f,EXPERIMENT_V2/results/a13_method_hardening/a13d_construction_sensitivity.csv
diagnostics_v2/a13_method_hardening/a13e_block_shifts.csv,512,ffa0883737bc9e496dc602e3bc8b58ddd7b90a24f087c5a28bea50ff42a97031,EXPERIMENT_V2/results/a13_method_hardening/a13e_block_shifts.csv
diagnostics_v2/a13_method_hardening/summary.json,2998,1c433c8aa2e92990aee961a41cf0da9ab1ff8fc290c49317b3cd1e8b039cce0a,EXPERIMENT_V2/results/a13_method_hardening/summary.json
diagnostics_v2/a14_instrument_completion/a14a_nested_power.csv,276,e57258696dcc1cb460b0c9f964863fa21f6a23808232603df9dfb1127f2a3fa4,EXPERIMENT_V2/results/a14_instrument_completion/a14a_nested_power.csv
diagnostics_v2/a14_instrument_completion/a14a_signal_gram.csv,403,2704fe06b8328c4ddb08f8c5bcfaec2e5d698b3b17b34f5776429b625ba85014,EXPERIMENT_V2/results/a14_instrument_completion/a14a_signal_gram.csv
diagnostics_v2/a14_instrument_completion/a14b_response_definitions.csv,72,e04739ad60ad1523bdb290eb006e061d9c4b07cc83a138a4a6099d2262fefb29,EXPERIMENT_V2/results/a14_instrument_completion/a14b_response_definitions.csv
diagnostics_v2/a14_instrument_completion/a14c_wide_lags.csv,291,12096991e9822114e54d89fdfac0901d1360492cb0b8d5da5edf0de980847075,EXPERIMENT_V2/results/a14_instrument_completion/a14c_wide_lags.csv
diagnostics_v2/a14_instrument_completion/summary.json,2495,e7a6f4b83c86fdf9ee80df9953bf0e211cedae2b9b9e4c73d5628cec87a1263e,EXPERIMENT_V2/results/a14_instrument_completion/summary.json
diagnostics_v2/a15_shift_equivalence/folds.csv,589,f8bc3af2eb8739aba7d51704c7751bb41fb120641c2ede7ae6df3180f3863059,EXPERIMENT_V2/results/a15_shift_equivalence/folds.csv
diagnostics_v2/a15_shift_equivalence/phase_shifts.csv,479,07f81c3174a54ce09de5a437e3c572fb9e10899820692d50e615818dc61194d8,EXPERIMENT_V2/results/a15_shift_equivalence/phase_shifts.csv
diagnostics_v2/a15_shift_equivalence/summary.json,1124,258b05e612e18aab818bd8aef69b3447543303598ec57bcc6ad861a0e31f281c,EXPERIMENT_V2/results/a15_shift_equivalence/summary.json
diagnostics_v2/a1_block1_diagnosis/grid_results.csv,34700,cc3aeccbfdcf07378124d4ee5562584f51a9ccc8ef2c3d3f40413a3f3bf57690,EXPERIMENT_V2/results/a1_block1_diagnosis/grid_results.csv
diagnostics_v2/a1_block1_diagnosis/setting_summary.csv,4012,b39461343ecf4f5d1758c1fb0b61f54558aee86b97a75fe4a11a3c1bd5ac06de,EXPERIMENT_V2/results/a1_block1_diagnosis/setting_summary.csv
diagnostics_v2/a1_block1_diagnosis/summary.json,2543,4a9e26618614276bebc03d6a8ac6435fc56873bf5d1831b73888c5e51cda3df0,EXPERIMENT_V2/results/a1_block1_diagnosis/summary.json
diagnostics_v2/a2_endpoint_mechanism/phase_amplitude.csv,296,f0b3c1d95d05d61b1e51dc662f4e75fe7ffb70a686f6f86c3b1591dec716f6b7,EXPERIMENT_V2/results/a2_endpoint_mechanism/phase_amplitude.csv
diagnostics_v2/a2_endpoint_mechanism/phase_difference_bootstrap.csv,883,a3d4f1544951c0a85314099c20eb6516947c04df1ad23af1ede02879d3030950,EXPERIMENT_V2/results/a2_endpoint_mechanism/phase_difference_bootstrap.csv
diagnostics_v2/a2_endpoint_mechanism/saturation_fit.csv,360,3b2245959ce581caf89a980ab74dde4641d2362c51e783b3cfd99a7643e1789a,EXPERIMENT_V2/results/a2_endpoint_mechanism/saturation_fit.csv
diagnostics_v2/a2_endpoint_mechanism/subset_rank_cv.csv,453,005798c02862830390a8fe6333f7cd9222f13b334349528235a39511db4ca096,EXPERIMENT_V2/results/a2_endpoint_mechanism/subset_rank_cv.csv
diagnostics_v2/a2_endpoint_mechanism/summary.json,3697,07ee7a8a06b3fc4d0b83cfc9c140a3269194dd806a99c58cc052bba09e6350bf,EXPERIMENT_V2/results/a2_endpoint_mechanism/summary.json
diagnostics_v2/a3_composition_truncation/summary.json,2284,ec2bf4314d5d841a03a3db40d599f4b1068ccdc97c85dae61bab08b6b39131b2,EXPERIMENT_V2/results/a3_composition_truncation/summary.json
diagnostics_v2/a3_composition_truncation/variant_grid.csv,8556,fa2b8ee2e8ba66e216f35007d0b907d53a1fbaf9b97911557be55b97ae5e39bf,EXPERIMENT_V2/results/a3_composition_truncation/variant_grid.csv
diagnostics_v2/a3_composition_truncation/variant_summary.csv,2186,4f9f39911efbcf461d4ec520ae4aaeafa9ed2b149fdcd5d74555a5662be7f656,EXPERIMENT_V2/results/a3_composition_truncation/variant_summary.csv
diagnostics_v2/a5_injection_debias/argmin_pathology.csv,483,3d903abb5ddb94397456e238a67f287497c9db4550cf337013a84a2f7d4507dc,EXPERIMENT_V2/results/a5_injection_debias/argmin_pathology.csv
diagnostics_v2/a5_injection_debias/argmin_recovery_curve.csv,2548,75decd1752f6e62bd209a200c6c9ccf36ab212570a3c22b8e94e4763cfe97d4a,EXPERIMENT_V2/results/a5_injection_debias/argmin_recovery_curve.csv
diagnostics_v2/a5_injection_debias/detection_calibration.csv,594,8f532492410c64de979dfd03565a52a081783778a31c8a9bca721962334c1cc5,EXPERIMENT_V2/results/a5_injection_debias/detection_calibration.csv
diagnostics_v2/a5_injection_debias/detection_power.csv,6793,d9b32eac7222bda3e607ee8b87ef028c819d1d32e77db89f3c35789ded8f0760,EXPERIMENT_V2/results/a5_injection_debias/detection_power.csv
diagnostics_v2/a5_injection_debias/power_at_archived_snr.csv,312,1fdc61da88940b317b827a64fdfa30fc2ad70220ae4c68392b0d31c20e3d8184,EXPERIMENT_V2/results/a5_injection_debias/power_at_archived_snr.csv
diagnostics_v2/a5_injection_debias/snr50_per_span.csv,491,23f7c30743c1d7f7f632f6d70e71f02026cde88973b1140ceccbcb4d1dec6fd6,EXPERIMENT_V2/results/a5_injection_debias/snr50_per_span.csv
diagnostics_v2/a5_injection_debias/summary.json,2585,5c972ee8d7b869beedbbf7a77a1229081fd8b56c40515b65f3d7ba14ace5af0e,EXPERIMENT_V2/results/a5_injection_debias/summary.json
diagnostics_v2/a6_gas_controls/detection_by_config.csv,4332,2ec8c673c3fe1bc19cf60c300a737e513f1e30bdd9cf7632fc9ec287173990d9,EXPERIMENT_V2/results/a6_gas_controls/detection_by_config.csv
diagnostics_v2/a6_gas_controls/null_geometry.csv,1585,61736c9ad481f725756a8ed7c3916d1fb7c9221b95b4eeaaaddb3ec9dda53cbc,EXPERIMENT_V2/results/a6_gas_controls/null_geometry.csv
diagnostics_v2/a6_gas_controls/pooled_detection.csv,514,0341cc1a628f0d06ff493b0ec64361c6cb0b368d40028326b5244e8f03f4c2c5,EXPERIMENT_V2/results/a6_gas_controls/pooled_detection.csv
diagnostics_v2/a6_gas_controls/recovery_by_config.csv,1382,c5c93c2f3cfc97bf17530ec9741d3292dd9c6433b7d3c5d330b2a98c6c9e2bec,EXPERIMENT_V2/results/a6_gas_controls/recovery_by_config.csv
diagnostics_v2/a6_gas_controls/summary.json,3082,6c05207809acac50af1dacae0095d232ad71a96666e3854e60c5ce31c65ea4bc,EXPERIMENT_V2/results/a6_gas_controls/summary.json
diagnostics_v2/a7_evidence_summary/c1_adequacy.csv,391,1ca180933944caa5402cdba644c8a58ea09243e05f50584d100dfc097e8c6d17,EXPERIMENT_V2/results/a7_evidence_summary/c1_adequacy.csv
diagnostics_v2/a7_evidence_summary/c1_block_gains_bootstrap.csv,422,a771687fa17e4b98e58998815227051cec6e9b68ce9ebb827a4e4a6704ee42db,EXPERIMENT_V2/results/a7_evidence_summary/c1_block_gains_bootstrap.csv
diagnostics_v2/a7_evidence_summary/c2_fold_deltas.csv,258,b4dbb209b973be78723aa9e74ac0cd6b546a5862041394421ba0bb70270a959a,EXPERIMENT_V2/results/a7_evidence_summary/c2_fold_deltas.csv
diagnostics_v2/a7_evidence_summary/effect_table.csv,655,4ff1325342535b6bdf93f2eb16b24e9720112157e019c8eecef65f5ec9129e6f,EXPERIMENT_V2/results/a7_evidence_summary/effect_table.csv
diagnostics_v2/a7_evidence_summary/summary.json,1840,e1ac4c0e856fc1009365cf05ff0d2a658770c1122d216a9110894b2d69b73ae7,EXPERIMENT_V2/results/a7_evidence_summary/summary.json
diagnostics_v2/a8_development_cut/period_variant_detail.csv,890,568328c366e0ccadc672512cd6f653f93d755d4848287b3f3c535a95937c6612,EXPERIMENT_V2/results/a8_development_cut/period_variant_detail.csv
diagnostics_v2/a8_development_cut/period_variant_summary.csv,230,c55649254a8822ff55bfdb53b8d5bbc1a8cc5713a9105de6d9eb4579e9618543,EXPERIMENT_V2/results/a8_development_cut/period_variant_summary.csv
diagnostics_v2/a8_development_cut/segment_split.csv,380,506e1b00bf4b8cf4e57073899c6c370ce86c5e0758cdfcd984f7d3ac47204e36,EXPERIMENT_V2/results/a8_development_cut/segment_split.csv
diagnostics_v2/a8_development_cut/summary.json,1869,65e87157ae8f23e6a363e1769e50a325cbd4f2a4179890b7d397c97c968e4940,EXPERIMENT_V2/results/a8_development_cut/summary.json
diagnostics_v2/a8_development_cut/template_trim_percentiles.csv,166,10f1c838829746d8a06fc91ead4e6fb0ff91f95bb13cd43bb69f987dee5a624a,EXPERIMENT_V2/results/a8_development_cut/template_trim_percentiles.csv
diagnostics_v2/a9_band_periods/band_periods.csv,370,807016d139b62d0f0ac1481fe4c3e20ac2a4d12b79ed6456585cb54da7b92edb,EXPERIMENT_V2/results/a9_band_periods/band_periods.csv
diagnostics_v2/a9_band_periods/summary.json,1372,7f5fc7e45ba2a1d98bef6cbad6b17447fff6cec146a2e2e0743600b22e71d860,EXPERIMENT_V2/results/a9_band_periods/summary.json
diagnostics_v2/run_all_log.json,10538,e72c301eff756402d852ceef63f4c9da3ff438a2b05b7e1de1cc004468e02d79,EXPERIMENT_V2/results/run_all_log.json
full_retry/minimal_v1/blocked_cv.csv,2711,b77eb95739943bdd031059a1cc1ae7e4d15bb456d1c227811e156e64dca3fc7a,FULL-REtry/results/minimal_v1/blocked_cv.csv
full_retry/minimal_v1/blocked_predictions.csv,78142,a2dece7d413a55d1be91f88386ad1a28e45eb19305f705ebf35f89fa540cb6d5,FULL-REtry/results/minimal_v1/blocked_predictions.csv
full_retry/minimal_v1/coarse_bands.csv,14294,e344f9d05d2b9bce06dcc678f1e9081fe35fd09d0d3d62931db8335cf678be04,FULL-REtry/results/minimal_v1/coarse_bands.csv
full_retry/minimal_v1/data_audit.json,874,3279908e29fe4873bfcb86a7078e770d7052ff44269518478c97d1dcf084c809,FULL-REtry/results/minimal_v1/data_audit.json
full_retry/minimal_v1/decision.json,1695,0ab9427c0fb56409b831dd2d07cc574b6d5a745fe2f7edc1adc15071f92ba5f9,FULL-REtry/results/minimal_v1/decision.json
full_retry/minimal_v1/DECISION.md,1090,35a655b72e39cc5494f4a31f735205350b7b985b2186d8bf0bd13f0ec4421012,FULL-REtry/results/minimal_v1/DECISION.md
full_retry/minimal_v1/modal_loadings.csv,265,88873193020b2ce69ea911b15ff9891bb5f8a325f3d3fdeee18aa1035df66522,FULL-REtry/results/minimal_v1/modal_loadings.csv
full_retry/minimal_v1/modal_reference.json,601,4a87fc57fa54b65e4fd7ba74f43aeb32571fe6cfc1702c0d935ba828e23e9118,FULL-REtry/results/minimal_v1/modal_reference.json
full_retry/minimal_v1/modal_scores.csv,5914,e398154715ee2c22e2ca56c73017e80b107f0676da004d82884bb8ae2c6c4acd,FULL-REtry/results/minimal_v1/modal_scores.csv
full_retry/minimal_v1/modal_sensitivity.csv,1168,1615edfe5d973327d7b945020e8f8b1880dea7275e6d42e00c642c546dcd6897,FULL-REtry/results/minimal_v1/modal_sensitivity.csv
full_retry/phase2_v1/decision.json,1356,be8e49a5b76f00b67f6605a89ef409b68c2c504a565419b557a439e57eeae9f8,FULL-REtry/results/phase2_v1/decision.json
full_retry/phase2_v1/endpoint_exclusion_detail.csv,1090,b0b97eadc1bdb3b7a03eb75af177c320ee33dbcebb7d188a55f48e787f5f019f,FULL-REtry/results/phase2_v1/endpoint_exclusion_detail.csv
full_retry/phase2_v1/endpoint_exclusion_summary.csv,335,595a82aa6f830672e7f1fe12e0a72f67d58c00bc8e7af275cbe9f02077a9a122,FULL-REtry/results/phase2_v1/endpoint_exclusion_summary.csv
full_retry/phase2_v1/gain_offset_stress.csv,697,accc73d87c2e2c6ad76cc9ad49982278fe1bfdcc0a0a8693b54bc66797716875,FULL-REtry/results/phase2_v1/gain_offset_stress.csv
full_retry/phase2_v1/injection_confusion.csv,10826,eb25bbcffb908d60fefd6436f2c721fff458c56e072e6252f939a65622f85d30,FULL-REtry/results/phase2_v1/injection_confusion.csv
full_retry/phase2_v1/injection_recovery.csv,1079,06450132e8400a43ed6a9c98f1295ccd6b767ef82e2382091ea8c009e686af60,FULL-REtry/results/phase2_v1/injection_recovery.csv
full_retry/phase2_v1/performance.json,352,ed726d62a6d3489c3d5b05637aa50accd04b94bae5f1760eedec2f1a83cc2d59,FULL-REtry/results/phase2_v1/performance.json
full_retry/phase2_v1/PHASE2_DECISION.md,1407,0d728bf0aacb5efecfd33209e20c80e5b85ccc608367fa0224d69660e155141d,FULL-REtry/results/phase2_v1/PHASE2_DECISION.md
full_retry/phase2_v1/pseudo_templates.csv,71381,2dd53dc68119e4326126ade9fc221a4a0c7d69ff1e00b7fa1229ab40769d229d,FULL-REtry/results/phase2_v1/pseudo_templates.csv
full_retry/phase2_v1/rank1_surrogate_summary.csv,507,f3b91edef8f638a365f1c31fdb174397248989101d03cb314618fa868dc674a9,FULL-REtry/results/phase2_v1/rank1_surrogate_summary.csv
full_retry/phase2_v1/retarding_order_permutations.csv,2673,3b0fd0d84499690e7cf1321d831aabe31b91e1d357fc0d6f9be2ab3aeb088014,FULL-REtry/results/phase2_v1/retarding_order_permutations.csv
full_retry/phase2_v1/ridge_sensitivity.csv,10207,8e8e4725314af1bb6df93514fc6e40fca3de67d626491d128150bc6f69f4d623,FULL-REtry/results/phase2_v1/ridge_sensitivity.csv
full_retry/phase2_v1/span_profile.csv,583,105317e27a03fbf7d4e3bcdeafdddf9a5da75ed0e2481e6cd2338978dbe56f1c,FULL-REtry/results/phase2_v1/span_profile.csv
full_retry/phase2_v1/template_cv.csv,2522,5bd362ab710bc9ea6a00180191df762104feded2bc93c83d70089e664a02156c,FULL-REtry/results/phase2_v1/template_cv.csv
full_retry/phase2_v1/template_summary.json,471,012e0c419bef781f0e48bbaa8bcf2a0cf841bdc3e388389c88c34b7ea27cd881,FULL-REtry/results/phase2_v1/template_summary.json
full_retry/phase3_v1/absolute_block_adequacy.csv,2549,8706b661cbdc31269874b2faa2e28159f949408cb68f3daa9407646f8317527a,FULL-REtry/results/phase3_v1/absolute_block_adequacy.csv
full_retry/phase3_v1/analysis_config.json,176,3b9c268f26724f24cdd33085015b4d656c45dfe7829dae60b7f6be1f5ec4b30b,FULL-REtry/results/phase3_v1/analysis_config.json
full_retry/phase3_v1/block_shift_detail.csv,5497,138ad738f0aaaedecd7554d4ed8d8eafd36bc1294b3889e1c2c162bcbb42273d,FULL-REtry/results/phase3_v1/block_shift_detail.csv
full_retry/phase3_v1/block_shift_summary.csv,1233,e5f48a2f882fdb12a564341c2ee191a833dbbc6e17020ef9012f3264e26ed646,FULL-REtry/results/phase3_v1/block_shift_summary.csv
full_retry/phase3_v1/composition_block_cv.csv,1721,c07941efa919bbcf41f736a4c238e8d6eac5b3db49b969bb32ba6d65b53154d6,FULL-REtry/results/phase3_v1/composition_block_cv.csv
full_retry/phase3_v1/composition_summary.csv,442,2db11e2c46bb6661cea6f6960e3fecdb08ec613b2fd91c4e43de1f3873263444,FULL-REtry/results/phase3_v1/composition_summary.csv
full_retry/phase3_v1/composition_surrogate_summary.csv,2402,8509511db66be925b9a9577454f4d569f8d34fcd3defc9e0429ae05b3fd48c3e,FULL-REtry/results/phase3_v1/composition_surrogate_summary.csv
full_retry/phase3_v1/composition_transform_audit.csv,694,c972d207e252d092c34b70547088d72386b5c0ff2edc1f260230375a833ad5d5,FULL-REtry/results/phase3_v1/composition_transform_audit.csv
full_retry/phase3_v1/data_audit.json,569,f4956e1229a9153b188a1787308b6689fa63b51c3b48f3a4dd5261fa0b1489a3,FULL-REtry/results/phase3_v1/data_audit.json
full_retry/phase3_v1/decision.json,2306,8b132ee059342c81a46a4187f0ce8c2b44d008ecac85718b29d6513f7acf73a5,FULL-REtry/results/phase3_v1/decision.json
full_retry/phase3_v1/endpoint_gate_consistency.csv,488,6aad4255d76775965b35ec7cd47627cd399386779f3ed6823d41e9d54e322115,FULL-REtry/results/phase3_v1/endpoint_gate_consistency.csv
full_retry/phase3_v1/environment.json,405,71753cb5ac3ec46cbaa8fc86028a51e4efecce2b5f0381c1eedfb643594e7f75,FULL-REtry/results/phase3_v1/environment.json
full_retry/phase3_v1/injection_confusion_calibrated.csv,28093,f1be82b2eabaedc619b83a9fec17f00866d1e322d60895045480c44ceb175618,FULL-REtry/results/phase3_v1/injection_confusion_calibrated.csv
full_retry/phase3_v1/injection_recovery_calibrated.csv,4898,d2a5fe5131a0205be9c3aef591d23af1687a7e9645fd4233d5a08dd4cd015289,FULL-REtry/results/phase3_v1/injection_recovery_calibrated.csv
full_retry/phase3_v1/injection_selection_bias.csv,3021,053ced8ef149358ec2901aee5aa64ffad19897327e9e21fd319c0dbd6d11edda,FULL-REtry/results/phase3_v1/injection_selection_bias.csv
full_retry/phase3_v1/injection_setup.json,633,6336b21763695460a37021fb72d58c57b7c6019e0e4cd65a6758bffb8f7312bd,FULL-REtry/results/phase3_v1/injection_setup.json
full_retry/phase3_v1/performance.json,588,d4829d565933fc30c763411b98d1c615f362bb7288ebe8c93b7539876b0517da,FULL-REtry/results/phase3_v1/performance.json
full_retry/phase3_v1/period_profile.csv,30855,6dbf1da961db7702aedea3b39f728bf226f5fbe3df58bf8b242dc244bf16527e,FULL-REtry/results/phase3_v1/period_profile.csv
full_retry/phase3_v1/PHASE3_DECISION.md,1630,61d87e19ce41f94796945c0fdc845f34e3a8fef96727ecf5f2909b78b77bde21,FULL-REtry/results/phase3_v1/PHASE3_DECISION.md
full_retry/phase3_v1/RESULTS_INTERPRETATION.md,3173,0a592ce807ebe1050a4ae5348a4824f93dfac6d2ea1388b5df3fa112a5a50e7e,FULL-REtry/results/phase3_v1/RESULTS_INTERPRETATION.md
full_retry/phase3_v1/RUN_RECEIPT.md,1091,dc936b04bf976df2e7f0378f62a75b91b53ecae2f8020b741d258372132acf9b,FULL-REtry/results/phase3_v1/RUN_RECEIPT.md
full_retry/phase4_virtual_scans_v1/analysis_config.json,424,d48140aa66eb61906d4b7f2069e6c67d371bed0fc015402c9d6b7445dfc2b390,FULL-REtry/results/phase4_virtual_scans_v1/analysis_config.json
full_retry/phase4_virtual_scans_v1/data_audit.json,569,f4956e1229a9153b188a1787308b6689fa63b51c3b48f3a4dd5261fa0b1489a3,FULL-REtry/results/phase4_virtual_scans_v1/data_audit.json
full_retry/phase4_virtual_scans_v1/decision.json,10271,ab509684769f5e32c101e82f470c79181fc6474aa033c3ee7d4d482cf5e266d3,FULL-REtry/results/phase4_virtual_scans_v1/decision.json
full_retry/phase4_virtual_scans_v1/environment.json,405,71753cb5ac3ec46cbaa8fc86028a51e4efecce2b5f0381c1eedfb643594e7f75,FULL-REtry/results/phase4_virtual_scans_v1/environment.json
full_retry/phase4_virtual_scans_v1/forward_reverse_difference.csv,7552,4bf6607d0047f1b8d3e7281ef5079cc2b105ae052c2f9e0663861a95a870f61b,FULL-REtry/results/phase4_virtual_scans_v1/forward_reverse_difference.csv
full_retry/phase4_virtual_scans_v1/lag_direction_block_detail.csv,91072,40623df1b34f0bd7ee29af4c4a9a6c3bb25da4ea10a1ce9967f4521cdb2a7766,FULL-REtry/results/phase4_virtual_scans_v1/lag_direction_block_detail.csv
full_retry/phase4_virtual_scans_v1/lag_direction_summary.csv,25207,aefd6d8d3c64e6cfdeb934e05e095ed4c292d0ec60551c6ac0d23106504ad729,FULL-REtry/results/phase4_virtual_scans_v1/lag_direction_summary.csv
full_retry/phase4_virtual_scans_v1/measured_partition_block_detail.csv,12683,4331791e81529421bb147ce6bf3278760ad1b8b455a7794bf25e3b20b02da82c,FULL-REtry/results/phase4_virtual_scans_v1/measured_partition_block_detail.csv
full_retry/phase4_virtual_scans_v1/measured_partition_summary.csv,3896,2709b721eacd918fb1410fbc73126c2cca589dd3f63e4954804528d3b25eda84,FULL-REtry/results/phase4_virtual_scans_v1/measured_partition_summary.csv
full_retry/phase4_virtual_scans_v1/performance.json,233,d5abe84382040ef48b06515830359614418562a2b5ec61344da701caeb26c71b,FULL-REtry/results/phase4_virtual_scans_v1/performance.json
full_retry/phase4_virtual_scans_v1/RESULTS_INTERPRETATION.md,3016,ddcec68c96925cc38f98e1f6539f548d0078c9973ff08eb8097069d9f3e7f2ca,FULL-REtry/results/phase4_virtual_scans_v1/RESULTS_INTERPRETATION.md
full_retry/phase4_virtual_scans_v1/retarding_order_audit.csv,6526,331bf9f063945e832a812efb15aeccb0abea4c74fc8dd462c691eb9894329a83,FULL-REtry/results/phase4_virtual_scans_v1/retarding_order_audit.csv
full_retry/phase4_virtual_scans_v1/RUN_RECEIPT.md,689,49b06e14d9176011936c7e3788f55d809d63dbefdc8ac70262acafdb7eec61d0,FULL-REtry/results/phase4_virtual_scans_v1/RUN_RECEIPT.md
full_retry/phase4_virtual_scans_v1/vr2_partition_diagnostic.csv,2367,cdfdfedd0ae9290bf4bc35346255e80f940edcf2ab4c732a839b72624b74b1ba,FULL-REtry/results/phase4_virtual_scans_v1/vr2_partition_diagnostic.csv
h4s_holdout/fold_median_contrasts.csv,2682,05c4de44bbc9a3d54aa62bc2d79ad01a6d187e4ed97889d4bfa65a343f60bafa,Frank_Hertz_Experiment/fh-argon-sublevel-detect/output/validation/h4s_comparison/fold_median_contrasts.csv
h4s_holdout/fold_seed_medians.csv,2591,2fc84b822a02fd9f907d853a835d6a86c1d10d2b581f8d1b910dbe039eed55cd,Frank_Hertz_Experiment/fh-argon-sublevel-detect/output/validation/h4s_comparison/fold_seed_medians.csv
h4s_holdout/h4s_comparison_summary.json,21899,18d8c8af36213fea541a94f01483cc85ca8faa8bd2441926fb5f1a8a8f937215,Frank_Hertz_Experiment/fh-argon-sublevel-detect/output/validation/h4s_comparison/h4s_comparison_summary.json
h4s_holdout/hypothesis_manifest.json,1515,6d2bed05e8a18a685bb38344064cfa35f0d613572fd0f2cbb9407b42306f2593,Frank_Hertz_Experiment/fh-argon-sublevel-detect/output/validation/h4s_comparison/hypothesis_manifest.json
h4s_holdout/manuscript_tables/h4s_figure_predictions.csv,35735,ad14e913319b2016e572d9f2b6e98a48e37d3d1adfa06d3280ea1a5c7b522767,Frank_Hertz_Experiment/fh-argon-sublevel-detect/source_data_package/manuscript_source_tables/h4s_figure_predictions.csv
h4s_holdout/manuscript_tables/h4s_fold_median_contrasts.csv,2682,05c4de44bbc9a3d54aa62bc2d79ad01a6d187e4ed97889d4bfa65a343f60bafa,Frank_Hertz_Experiment/fh-argon-sublevel-detect/source_data_package/manuscript_source_tables/h4s_fold_median_contrasts.csv
h4s_holdout/manuscript_tables/h4s_fold_parameter_medians.csv,1568,8306f05ec8816d185512ded14d4d2f298eb83b74e8986d4a9da9e3ca950b0c69,Frank_Hertz_Experiment/fh-argon-sublevel-detect/source_data_package/manuscript_source_tables/h4s_fold_parameter_medians.csv
h4s_holdout/manuscript_tables/h4s_fold_seed_median_metrics.csv,1679,20ac9efcf93b613c5ec96b3d8839c78f600dc9606180eb6bc02dbf99341e38e2,Frank_Hertz_Experiment/fh-argon-sublevel-detect/source_data_package/manuscript_source_tables/h4s_fold_seed_median_metrics.csv
h4s_holdout/manuscript_tables/h4s_hypothesis_summary.csv,463,09a82b2c786f64503155f6ffbdfdbebfddf01fdd18e8ed7cdce5e357767823e2,Frank_Hertz_Experiment/fh-argon-sublevel-detect/source_data_package/manuscript_source_tables/h4s_hypothesis_summary.csv
h4s_holdout/manuscript_tables/h4s_parameter_summary.csv,1170,2d72313ee214a28d11992692b7384102be0153b938827356621e614c0f8be9c0,Frank_Hertz_Experiment/fh-argon-sublevel-detect/source_data_package/manuscript_source_tables/h4s_parameter_summary.csv
h4s_holdout/manuscript_tables/h4s_validation_identity.json,1197,d5a3f9653adb6cf0f6523cb66041de3d78a34c6588ccc538a102ec21cc3988bd,Frank_Hertz_Experiment/fh-argon-sublevel-detect/source_data_package/manuscript_source_tables/h4s_validation_identity.json
h4s_holdout/paired_contrasts.csv,14624,bc79d6266a8eabe92317cc6decb2459db9b0538e2983bdd3a8a8b915b7a90852,Frank_Hertz_Experiment/fh-argon-sublevel-detect/output/validation/h4s_comparison/paired_contrasts.csv
h4s_holdout/stage_manifest.json,833,8e88ddab4fbae1171ed58da87d50cd9532d202844444951db4d3dd004ba666c0,Frank_Hertz_Experiment/fh-argon-sublevel-detect/output/validation/h4s_comparison/stage_manifest.json
h4s_holdout/stage_result.json,21899,18d8c8af36213fea541a94f01483cc85ca8faa8bd2441926fb5f1a8a8f937215,Frank_Hertz_Experiment/fh-argon-sublevel-detect/output/validation/h4s_comparison/stage_result.json
h4s_holdout/stage_status.json,115,bd0999b521a25576504eb0aa4c2c9c7f4f9ece3ed6205be7a05a1c56ca7867f5,Frank_Hertz_Experiment/fh-argon-sublevel-detect/output/validation/h4s_comparison/stage_status.json
h4s_holdout/unit_status.csv,1980,aad904fd42ece2f44f44f4f38d2f37dab94bd87a97eb2e539044b193cef7a4b4,Frank_Hertz_Experiment/fh-argon-sublevel-detect/output/validation/h4s_comparison/unit_status.csv
h4s_holdout/zero_shot_metrics.csv,7969,e7fcebb21084768171fa80a9ca762455a75b04c665b3d7019c8fa92cbaf72b9c,Frank_Hertz_Experiment/fh-argon-sublevel-detect/output/validation/h4s_comparison/zero_shot_metrics.csv
h4s_holdout/zero_shot_predictions.csv,587276,bc9056574339ff90843b46f8a23cc39b77f0986be09125ea6412bd1cc3849271,Frank_Hertz_Experiment/fh-argon-sublevel-detect/output/validation/h4s_comparison/zero_shot_predictions.csv
neural_selector/recalculation_receipt.json,453,2a11d04e58fa2c6b723d8570ebc0e9e55c989effe2506160ddc71d20ee6a09a8,Frank_Hertz_Experiment/fh-argon-sublevel-detect/source_data_package/output_results/main/fullscan/model_selection_table.csv
neural_selector/selector_scenarios.csv,1146,bd3b43f3ab0a15163d4d367666e77964e587570c66c2ed725c88a6c0e782a858,Frank_Hertz_Experiment/fh-argon-sublevel-detect/source_data_package/output_results/main/fullscan/model_selection_table.csv
README.md,2015,dac92a70f9712980566c52806e41019a6335b487f1d3f723d64e25ad01d692cd,integration documentation
SOURCE_MAP.json,35465,f1a3da153f0b5856b0ae1395673228d5863cf8b3430deb35ed68611b99b11738,integration documentation
