config,regime,scheme,replicates,detection_power,null_fp_rate,median_delta_null,median_delta_truth
hg_single,single_energy,common_h1_block_3,250,1.0,0.052,-0.00467942606135871,0.22905107552252332
hg_single_scale_x0.25,single_energy,common_h1_block_3,250,0.848,0.052,-0.00467942606135871,0.01774789545056664
hg_single_scale_x0.5,single_energy,common_h1_block_3,250,1.0,0.052,-0.00467942606135871,0.07752088315655672
hg_single_scale_x2,single_energy,common_h1_block_3,250,1.0,0.052,-0.00467942606135871,0.46181596802446045
hg_single_scale_x4,single_energy,common_h1_block_3,250,1.0,0.052,-0.00467942606135871,0.692875449330823
hg_single,single_energy,common_h1_block_5,250,1.0,0.052,-0.004530764997587075,0.22445533167986387
hg_single_scale_x0.25,single_energy,common_h1_block_5,250,0.88,0.052,-0.004530764997587075,0.01644337503151519
hg_single_scale_x0.5,single_energy,common_h1_block_5,250,1.0,0.052,-0.004530764997587075,0.07947563413359787
hg_single_scale_x2,single_energy,common_h1_block_5,250,1.0,0.052,-0.004530764997587075,0.4593393264585009
hg_single_scale_x4,single_energy,common_h1_block_5,250,1.0,0.052,-0.004530764997587075,0.6930025917398615
hg_single,single_energy,common_h1_block_9,250,1.0,0.052,-0.004632806352233759,0.2267476397853731
hg_single_scale_x0.25,single_energy,common_h1_block_9,250,0.848,0.052,-0.004632806352233759,0.017343500956950628
hg_single_scale_x0.5,single_energy,common_h1_block_9,250,1.0,0.052,-0.004632806352233759,0.08076237553060045
hg_single_scale_x2,single_energy,common_h1_block_9,250,1.0,0.052,-0.004632806352233759,0.4600151339643589
hg_single_scale_x4,single_energy,common_h1_block_9,250,1.0,0.052,-0.004632806352233759,0.6900405642151364
hg_single,single_energy,common_h1_phase,250,1.0,0.052,-0.003125152601111486,0.23602723372775694
hg_single_scale_x0.25,single_energy,common_h1_phase,250,1.0,0.052,-0.003125152601111486,0.023190991442144926
hg_single_scale_x0.5,single_energy,common_h1_phase,250,1.0,0.052,-0.003125152601111486,0.08645058956931513
hg_single_scale_x2,single_energy,common_h1_phase,250,1.0,0.052,-0.003125152601111486,0.4648681218469558
hg_single_scale_x4,single_energy,common_h1_phase,250,1.0,0.052,-0.003125152601111486,0.6957681212964206
ar_single,single_energy,common_h1_block_3,250,1.0,0.052,-0.006746374743480402,0.2405693165168187
ar_single,single_energy,common_h1_block_5,250,1.0,0.052,-0.00925845720387461,0.24111392600818599
ar_single,single_energy,common_h1_block_9,250,1.0,0.052,-0.009879668110883005,0.24307835390685623
ar_single,single_energy,common_h1_phase,250,1.0,0.052,-0.0008245200825611754,0.23360286895828739
ne_single,single_energy,common_h1_block_3,250,1.0,0.052,-0.011004107212765568,0.310355886509331
ne_single,single_energy,common_h1_block_5,250,1.0,0.052,-0.01290529127685136,0.3009154329853818
ne_single,single_energy,common_h1_block_9,250,1.0,0.052,-0.016298271886538485,0.3004783518028353
ne_single,single_energy,common_h1_phase,250,1.0,0.052,-0.05021856648201366,0.27061370206860946
ar_manifold,manifold_fine_structure,common_h1_block_3,250,0.804,0.052,-0.09197643748972636,0.0482854548724823
ar_manifold,manifold_fine_structure,common_h1_block_5,250,0.748,0.052,-0.12320810649745362,0.024373484299370002
ar_manifold,manifold_fine_structure,common_h1_block_9,250,0.528,0.052,-0.1355340822730229,-0.0017962173189244868
ar_manifold,manifold_fine_structure,common_h1_phase,250,0.528,0.052,0.0629698831560006,0.1730442098822786
ne_manifold,manifold_fine_structure,common_h1_block_3,250,0.844,0.052,-0.37885328906744553,0.05659909581196598
ne_manifold,manifold_fine_structure,common_h1_block_5,250,0.804,0.052,-0.3964328961345647,0.033174704993267745
ne_manifold,manifold_fine_structure,common_h1_block_9,250,0.74,0.052,-0.41603891898538187,0.0396213866840876
ne_manifold,manifold_fine_structure,common_h1_phase,250,0.712,0.052,-0.8850747406233761,-0.36558101259651776
hg_doublet,manifold_fine_structure,common_h1_block_3,250,1.0,0.052,-0.00656542053999401,0.20256495920423775
hg_doublet,manifold_fine_structure,common_h1_block_5,250,1.0,0.052,-0.006241516963620353,0.20134651122842526
hg_doublet,manifold_fine_structure,common_h1_block_9,250,1.0,0.052,-0.005390681686578788,0.2033772756666667
hg_doublet,manifold_fine_structure,common_h1_phase,250,1.0,0.052,-0.004030727812974283,0.20984843574944412
