config,detection_power,null_fp_rate,median_delta_truth
ar_manifold,0.652,0.052,0.0609767329338016
ar_single,1.0,0.052,0.23959111634753708
hg_doublet,1.0,0.052,0.20428429546219345
hg_single,1.0,0.052,0.2290703201788793
hg_single_scale_x0.25,0.894,0.052,0.018681440720294346
hg_single_scale_x0.5,1.0,0.052,0.08105237059751755
hg_single_scale_x2,1.0,0.052,0.461509637573569
hg_single_scale_x4,1.0,0.052,0.6929216816455603
ne_manifold,0.775,0.052,-0.05904645627679911
ne_single,1.0,0.052,0.2955908433415394
