config,regime,true_factor,scheme,replicates,argmin_win_rate,argmin_within_one_step
ar_manifold,manifold,1.0,common_h1_block_3,250,0.0,0.0
ar_manifold,manifold,1.0,common_h1_block_5,250,0.0,0.0
ar_manifold,manifold,1.0,common_h1_block_9,250,0.0,0.0
ar_manifold,manifold,1.0,common_h1_phase,250,0.004,0.004
ne_manifold,manifold,1.0,common_h1_block_3,250,0.0,0.0
ne_manifold,manifold,1.0,common_h1_block_5,250,0.0,0.0
ne_manifold,manifold,1.0,common_h1_block_9,250,0.0,0.0
ne_manifold,manifold,1.0,common_h1_phase,250,0.0,0.0
hg_doublet,manifold,1.0,common_h1_block_3,250,0.492,0.788
hg_doublet,manifold,1.0,common_h1_block_5,250,0.364,0.748
hg_doublet,manifold,1.0,common_h1_block_9,250,0.46,0.828
hg_doublet,manifold,1.0,common_h1_phase,250,0.736,0.96
hg_single,single,1.0,common_h1_block_3,250,0.0,0.0
hg_single,single,1.0,common_h1_block_5,250,0.0,0.0
hg_single,single,1.0,common_h1_block_9,250,0.0,0.0
hg_single,single,1.0,common_h1_phase,250,0.0,0.0
ar_single,single,1.0,common_h1_block_3,250,0.0,0.0
ar_single,single,1.0,common_h1_block_5,250,0.0,0.0
ar_single,single,1.0,common_h1_block_9,250,0.0,0.0
ar_single,single,1.0,common_h1_phase,250,0.0,0.0
ne_single,single,1.0,common_h1_block_3,250,0.0,0.0
ne_single,single,1.0,common_h1_block_5,250,0.0,0.0
ne_single,single,1.0,common_h1_block_9,250,0.0,0.0
ne_single,single,1.0,common_h1_phase,250,0.0,0.0
