block,low_V,high_V_exclusive,model,period_V,rank,balanced_rmse,fraction_rmse,test_voltage_points
1,22.5,34.0,rank1_P11.55,11.55,1.0,0.6005321601862847,0.05850397492890229,23
1,22.5,34.0,rank2_P11.55,11.55,2.0,0.581625645777414,0.05784402803170881,23
1,22.5,34.0,trend_degree5,,,0.47676549665723506,0.04963950267703174,23
1,22.5,34.0,rank2_P9,9.0,2.0,0.46943629624697547,0.044761154941171846,23
1,22.5,34.0,rank2_P10,10.0,2.0,0.7710015133375079,0.07877665598206697,23
1,22.5,34.0,rank2_P13.5,13.5,2.0,0.9170617883428821,0.09541973428408236,23
1,22.5,34.0,rank2_P15,15.0,2.0,0.5054329477434296,0.05246220581651553,23
2,34.0,45.5,rank1_P11.55,11.55,1.0,0.562006994485497,0.049741545932838444,23
2,34.0,45.5,rank2_P11.55,11.55,2.0,0.3251436969108275,0.02909193362183064,23
2,34.0,45.5,trend_degree5,,,0.6648304915037413,0.07298868448167464,23
2,34.0,45.5,rank2_P9,9.0,2.0,0.8205728799837991,0.08746283325844585,23
2,34.0,45.5,rank2_P10,10.0,2.0,0.7966402655974885,0.08611752528627993,23
2,34.0,45.5,rank2_P13.5,13.5,2.0,0.9231226170265241,0.09653215636553354,23
2,34.0,45.5,rank2_P15,15.0,2.0,1.0192654963514356,0.10750128223830051,23
3,45.5,57.0,rank1_P11.55,11.55,1.0,0.7501442495015531,0.06570392072170457,23
3,45.5,57.0,rank2_P11.55,11.55,2.0,0.34094227959484297,0.034146371390793316,23
3,45.5,57.0,trend_degree5,,,1.0311250617611467,0.10548486674020484,23
3,45.5,57.0,rank2_P9,9.0,2.0,1.2266575674123372,0.1282777476026735,23
3,45.5,57.0,rank2_P10,10.0,2.0,0.907110861290374,0.09393589125540613,23
3,45.5,57.0,rank2_P13.5,13.5,2.0,0.9169434728536328,0.09149761209472052,23
3,45.5,57.0,rank2_P15,15.0,2.0,1.2953045780260801,0.1287129662521637,23
4,57.0,68.5,rank1_P11.55,11.55,1.0,0.8899726607356971,0.07719918738123609,23
4,57.0,68.5,rank2_P11.55,11.55,2.0,0.5241971424115457,0.047994902070672855,23
4,57.0,68.5,trend_degree5,,,1.2832434022121888,0.12434205047796454,23
4,57.0,68.5,rank2_P9,9.0,2.0,1.3515686743548225,0.13281464307847352,23
4,57.0,68.5,rank2_P10,10.0,2.0,1.0260243330979182,0.10087576069841708,23
4,57.0,68.5,rank2_P13.5,13.5,2.0,1.0810432023856278,0.1031556905044292,23
4,57.0,68.5,rank2_P15,15.0,2.0,1.2029087856959075,0.11513116650710872,23
5,68.5,80.0,rank1_P11.55,11.55,1.0,1.0982687899811627,0.10157918188186645,23
5,68.5,80.0,rank2_P11.55,11.55,2.0,0.6174382648942591,0.05621905975905485,23
5,68.5,80.0,trend_degree5,,,1.5179877151341732,0.15116719904255216,23
5,68.5,80.0,rank2_P9,9.0,2.0,1.5072799269213182,0.14697810231648364,23
5,68.5,80.0,rank2_P10,10.0,2.0,1.6333631541106182,0.163415159030916,23
5,68.5,80.0,rank2_P13.5,13.5,2.0,1.589678560195579,0.15753924770989378,23
5,68.5,80.0,rank2_P15,15.0,2.0,1.5229757516235751,0.15313276664488856,23
