window,status,model,intercept_V,spacing_V,shift_V_per_V,spacing_trend_V_per_V,rms_V,points
7,descriptive,common,36.41666666666666,11.499999999999998,0.0,0.0,0.731247032282677,12
7,descriptive,Vr_shift,36.41666666666666,11.500000000000004,0.4374999999999997,0.0,0.15590239111557994,12
7,descriptive,Vr_shift_scale,36.41666666666665,11.5,0.437499999999998,1.0547118733938987e-15,0.155902391115579,12
11,descriptive,common,36.39999999999998,11.483333333333333,0.0,0.0,0.7936378967206091,12
11,descriptive,Vr_shift,36.399999999999984,11.483333333333336,0.46875000000000094,0.0,0.20957960566598863,12
11,descriptive,Vr_shift_scale,36.399999999999984,11.483333333333333,0.45000000000000234,0.012499999999998956,0.20833333333333276,12
15,descriptive,common,36.283333333333324,11.533333333333328,0.0,0.0,0.7444237144709102,12
15,descriptive,Vr_shift,36.28333333333333,11.533333333333333,0.4374999999999994,0.0,0.2091650066335189,12
15,descriptive,Vr_shift_scale,36.28333333333332,11.53333333333333,0.3624999999999985,0.05000000000000071,0.1881931631772717,12
