scope,frozen_lambda,mode,mean_nrmse,se_nrmse,folds,threshold,selected
outer_0V,0.0001,none,0.0799093188552799,0.015020792988741712,3,0.09493011184402161,True
outer_0V,0.0001,global,0.08030137919406237,0.024133390233320555,3,0.09493011184402161,False
outer_4V,0.0001,none,0.11467218148744163,0.03190749363600344,3,0.1421789758087455,True
outer_4V,0.0001,global,0.1103289433920639,0.03185003241668162,3,0.1421789758087455,False
outer_6V,0.01,none,0.14893255105030956,0.04458946210681087,3,0.19352201315712042,True
outer_6V,0.01,global,0.15880141510331544,0.046635710467614465,3,0.19352201315712042,False
outer_8V,0.01,none,0.11632464268668508,0.02454720157471324,3,0.1373953276229572,True
outer_8V,0.01,global,0.11364542040805155,0.023749907214905643,3,0.1373953276229572,False
final,0.0001,none,0.10046125223124722,0.025665906623943965,4,0.12236995133536899,True
final,0.0001,global,0.09749906223122537,0.024870889104143618,4,0.12236995133536899,False
