replicate,seed,training_objective_winner,window_center_eV,mode_eV,mean_eV,median_eV,sd_eV,q05_eV,q95_eV,kernel_width_V
0,10000,d1,12.09000015258789,12.09000015258789,12.197000573705793,12.11796953560938,1.3544165158982884,9.764783097219055,14.727921824857965,2.333371877670288
1,10001,d1,12.109999656677246,12.109999656677246,12.157283742994348,12.116923096145486,1.3251030214985255,9.756095554425164,14.65945976342148,2.332998514175415
2,10002,d1,11.970000267028809,11.970000267028809,12.227298379141315,12.05849376942265,1.3768775562903943,9.728088055004186,14.746701546468598,2.3135201930999756
3,10003,d1,12.079999923706055,12.079999923706055,11.91320230372571,11.992445032222838,1.5168806806748676,9.507929202419946,14.589772830242277,2.5139591693878174
4,10004,d1,12.010000228881836,12.010000228881836,12.366512647632089,12.130456653774486,1.3851172292208294,9.853385213696303,14.886939671888122,2.5990540981292725
5,10005,d1,11.979999542236328,11.979999542236328,12.55193466439265,12.200553145325854,1.2473767244843221,11.080993546173262,14.890058033666934,2.5257139205932617
6,10006,d1,11.970000267028809,11.970000267028809,12.447602666224382,12.159910066186441,1.2019159154802666,10.974199816313009,14.636561131558558,2.1800177097320557
7,10007,d1,12.140000343322754,12.140000343322754,12.400088538621539,12.23542852654129,1.3426504622756397,9.924459007097283,14.844533643326356,2.290557622909546
8,10008,d1,12.140000343322754,12.140000343322754,12.936119436320642,12.501470228773801,1.4290502278662893,11.07846425844279,15.210784982879188,2.292630672454834
9,10009,d1,11.960000038146973,11.960000038146973,12.384908976618105,12.106275059014823,1.3399996294243408,10.028879422005458,14.814622479418782,2.4875192642211914
10,10010,d1,11.979999542236328,11.979999542236328,12.68700016332642,12.262271419872835,1.3073966062203632,11.128629513824983,14.928571529426303,2.4435043334960938
11,10011,d1,12.140000343322754,12.140000343322754,12.123155852768091,12.11281372008675,1.4309659841800606,9.693011876494381,14.839588686073771,2.2616868019104004
12,10012,d1,11.949999809265137,11.949999809265137,12.20629027569988,12.039127011577303,1.441766854793658,9.667352515624717,14.77750181908168,2.526947021484375
13,10013,d1,12.010000228881836,12.010000228881836,12.703784205393605,12.260107889460713,1.3252808043091135,11.170425773604546,15.085887775159597,2.314568042755127
14,10014,d1,12.15999984741211,12.15999984741211,12.058545714264579,12.103410539845605,1.3759229085783375,9.777561671188908,14.702814196534595,2.1385045051574707
15,10015,d1,12.010000228881836,12.010000228881836,12.755409410274815,12.291638893664263,1.4088667902385534,11.119072514135052,15.125420158019066,2.4344186782836914
16,10016,d1,12.039999961853027,12.039999961853027,12.053094100102077,12.028505749333672,1.5341400547182114,9.551615569521784,14.752270254797747,2.2144217491149902
17,10017,d1,11.779999732971191,11.779999732971191,12.195908512001447,11.900912025574044,1.259021550569195,10.719561213162187,14.797627992477294,2.391887664794922
18,10018,d1,11.970000267028809,11.970000267028809,12.584930857667922,12.203798009214003,1.3886835707745544,10.864870469912319,14.939075375443968,2.4366092681884766
19,10019,d1,11.729999542236328,11.729999542236328,12.432067790396044,11.974291681500272,1.478327782909573,10.33343224875573,15.123948373988416,2.456084728240967
20,10020,d1,11.949999809265137,11.949999809265137,12.622073965911971,12.200201555144416,1.491815993542226,10.061677937724692,15.139544410009428,2.2633771896362305
21,10021,d1,12.010000228881836,12.010000228881836,12.487038751412317,12.166054944213917,1.2117497892977678,11.117963511570194,14.901639280193587,2.3932337760925293
22,10022,d1,12.430000305175781,12.430000305175781,12.886271124252037,12.644863964579333,1.6190071630727805,10.033210104579169,15.380625391623871,2.3301990032196045
23,10023,d1,11.979999542236328,11.979999542236328,12.390499012997685,12.121378545064928,1.4380271075342097,9.824285439163845,14.925431028480318,2.348937511444092
24,10024,d1,12.130000114440918,12.130000114440918,12.339321721370466,12.201798978897457,1.2764440152327958,9.970181252864199,14.801567880153243,2.3702151775360107
25,10025,d1,11.890000343322754,11.890000343322754,11.908178578932128,11.88808118044971,1.3996934324841483,9.339989441307722,14.53891879280785,2.396080732345581
26,10026,d1,12.170000076293945,12.170000076293945,12.418688762120171,12.265279473092987,1.397680827414195,9.937843864425153,14.794071962848536,2.3254904747009277
27,10027,d1,12.130000114440918,12.130000114440918,12.863169682311637,12.433519681077,1.5167367976974198,10.20597318071677,15.27177984129549,2.379620313644409
28,10028,d1,12.170000076293945,12.170000076293945,12.670289018150415,12.360711841759022,1.49115344966911,9.881847317828406,15.179918381374213,2.5180435180664062
29,10029,d1,12.050000190734863,12.050000190734863,11.778244803868725,11.897952857645542,1.7972960217851845,9.17012963359297,14.788404694068477,2.2473883628845215
