family,seed,Vr,unit,role,rmse,mae,nrmse,normalization_range,n_points
H1,0,0.0,9FED0AAE11CF6DCE9D70B97A15E4977E77AFDA18F7F1ED448E9252461352C99C,training_diagnostic,0.16995161272898143,0.14253266640759496,0.05973694587693979,2.8450000286102295,161
H1,0,4.0,9FED0AAE11CF6DCE9D70B97A15E4977E77AFDA18F7F1ED448E9252461352C99C,training_diagnostic,0.1199340649523325,0.10065109601681069,0.045951750870828735,2.609999895095825,161
H1,0,6.0,9FED0AAE11CF6DCE9D70B97A15E4977E77AFDA18F7F1ED448E9252461352C99C,training_diagnostic,0.09071825329391754,0.07083945726594014,0.036301820993512944,2.499000072479248,161
H1,0,8.0,9FED0AAE11CF6DCE9D70B97A15E4977E77AFDA18F7F1ED448E9252461352C99C,training_diagnostic,0.1273281032006091,0.09639338561281655,0.05594380576456811,2.2760000228881836,161
H1,1,0.0,0245A977F336D9AA5F6E31CDE16BC0F26DB661E393CF26E986BA0AFF8FB5FB2D,training_diagnostic,0.16995132467750626,0.1425324858351385,0.05973684462861913,2.8450000286102295,161
H1,1,4.0,0245A977F336D9AA5F6E31CDE16BC0F26DB661E393CF26E986BA0AFF8FB5FB2D,training_diagnostic,0.11993377611511176,0.10065074778315235,0.04595164020522247,2.609999895095825,161
H1,1,6.0,0245A977F336D9AA5F6E31CDE16BC0F26DB661E393CF26E986BA0AFF8FB5FB2D,training_diagnostic,0.09071845594613764,0.07083983335829114,0.036301902086835966,2.499000072479248,161
H1,1,8.0,0245A977F336D9AA5F6E31CDE16BC0F26DB661E393CF26E986BA0AFF8FB5FB2D,training_diagnostic,0.12732867305776754,0.09639386133932919,0.05594405614117299,2.2760000228881836,161
H1,2,0.0,2897095DE627F4F5A483E1C4BBA54086FBC75E44E23252321B1E6ED1EDEF1A1A,training_diagnostic,0.1699517615585221,0.1425326329956745,0.059736998189607336,2.8450000286102295,161
H1,2,4.0,2897095DE627F4F5A483E1C4BBA54086FBC75E44E23252321B1E6ED1EDEF1A1A,training_diagnostic,0.11993404876369045,0.10065120995053385,0.04595174466828364,2.609999895095825,161
H1,2,6.0,2897095DE627F4F5A483E1C4BBA54086FBC75E44E23252321B1E6ED1EDEF1A1A,training_diagnostic,0.09071796261878459,0.07083907039107187,0.03630170467693651,2.499000072479248,161
H1,2,8.0,2897095DE627F4F5A483E1C4BBA54086FBC75E44E23252321B1E6ED1EDEF1A1A,training_diagnostic,0.12732778397810773,0.09639318125403445,0.055943665508637455,2.2760000228881836,161
G1,0,0.0,613658C0AD80ED158D13ECC99AD24CD19C1E676653D175C414A5328255DEA2AF,training_diagnostic,0.16958306196700257,0.14252117918572904,0.05960740255241515,2.8450000286102295,161
G1,0,4.0,613658C0AD80ED158D13ECC99AD24CD19C1E676653D175C414A5328255DEA2AF,training_diagnostic,0.12006844187131516,0.10081754323682221,0.04600323628247,2.609999895095825,161
G1,0,6.0,613658C0AD80ED158D13ECC99AD24CD19C1E676653D175C414A5328255DEA2AF,training_diagnostic,0.09177537153955069,0.07157185762218252,0.036724837486099275,2.499000072479248,161
G1,0,8.0,613658C0AD80ED158D13ECC99AD24CD19C1E676653D175C414A5328255DEA2AF,training_diagnostic,0.12819043891553059,0.09708340771450019,0.05632268788506439,2.2760000228881836,161
G1,1,0.0,30C5F95177D31C08CBDE5C5BD4700A43D4776F1659D0C1454D4A55A592423AB4,training_diagnostic,0.1695825138521695,0.14252103507946828,0.059607209893424794,2.8450000286102295,161
G1,1,4.0,30C5F95177D31C08CBDE5C5BD4700A43D4776F1659D0C1454D4A55A592423AB4,training_diagnostic,0.1200683922955227,0.10081742939565284,0.04600321728791274,2.609999895095825,161
G1,1,6.0,30C5F95177D31C08CBDE5C5BD4700A43D4776F1659D0C1454D4A55A592423AB4,training_diagnostic,0.09177660751899291,0.07157292055625537,0.03672533207569766,2.499000072479248,161
G1,1,8.0,30C5F95177D31C08CBDE5C5BD4700A43D4776F1659D0C1454D4A55A592423AB4,training_diagnostic,0.12819178036842707,0.09708442006792341,0.056323277275610525,2.2760000228881836,161
G1,2,0.0,190A42F4BBE1B61EB83518B641622AB258C604D132E724B71AA07A09555301C5,training_diagnostic,0.1695835707997731,0.1425211040320465,0.05960758140400229,2.8450000286102295,161
G1,2,4.0,190A42F4BBE1B61EB83518B641622AB258C604D132E724B71AA07A09555301C5,training_diagnostic,0.12006808907524649,0.10081735822178355,0.04600310111155703,2.609999895095825,161
G1,2,6.0,190A42F4BBE1B61EB83518B641622AB258C604D132E724B71AA07A09555301C5,training_diagnostic,0.0917735465935879,0.07157044122516183,0.03672410721562714,2.499000072479248,161
G1,2,8.0,190A42F4BBE1B61EB83518B641622AB258C604D132E724B71AA07A09555301C5,training_diagnostic,0.12818910790544796,0.09708238286631447,0.056322103082749264,2.2760000228881836,161
C,0,0.0,9A90737C46C1658B4DE89CF6AC8053DF08FFD656D6A5EF772F3F0800C35833E6,training_diagnostic,0.15089580560816493,0.12149060748066313,0.0530389469563123,2.8450000286102295,161
C,0,4.0,9A90737C46C1658B4DE89CF6AC8053DF08FFD656D6A5EF772F3F0800C35833E6,training_diagnostic,0.11702824227070142,0.09444728178646045,0.044838408802466555,2.609999895095825,161
C,0,6.0,9A90737C46C1658B4DE89CF6AC8053DF08FFD656D6A5EF772F3F0800C35833E6,training_diagnostic,0.10799714777697257,0.08168494614037852,0.04321614431560581,2.499000072479248,161
C,0,8.0,9A90737C46C1658B4DE89CF6AC8053DF08FFD656D6A5EF772F3F0800C35833E6,training_diagnostic,0.1444416285906899,0.10371763680292212,0.06346292932255655,2.2760000228881836,161
C,1,0.0,2891885ED8B922315612144F41DB4329BE5B49B7B686BF9534C2B7338B946ADC,training_diagnostic,0.15093633571833012,0.12153603177320976,0.053053193040585624,2.8450000286102295,161
C,1,4.0,2891885ED8B922315612144F41DB4329BE5B49B7B686BF9534C2B7338B946ADC,training_diagnostic,0.11699974466383936,0.09445135387583341,0.0448274901787089,2.609999895095825,161
C,1,6.0,2891885ED8B922315612144F41DB4329BE5B49B7B686BF9534C2B7338B946ADC,training_diagnostic,0.10837676961849972,0.08192526137814944,0.04336805381161096,2.499000072479248,161
C,1,8.0,2891885ED8B922315612144F41DB4329BE5B49B7B686BF9534C2B7338B946ADC,training_diagnostic,0.1450006069039575,0.10414184889067775,0.06370852611853474,2.2760000228881836,161
C,2,0.0,CFE71E0EF39159559D9706F448C5866FA0DDD853E1B8CE05E478ACFD572BD85F,training_diagnostic,0.15087350126626525,0.12140574175806612,0.05303110711741058,2.8450000286102295,161
C,2,4.0,CFE71E0EF39159559D9706F448C5866FA0DDD853E1B8CE05E478ACFD572BD85F,training_diagnostic,0.11708381326791815,0.09432081269282523,0.04485970037313717,2.609999895095825,161
C,2,6.0,CFE71E0EF39159559D9706F448C5866FA0DDD853E1B8CE05E478ACFD572BD85F,training_diagnostic,0.10843390402339889,0.08204016501882247,0.043390916718070376,2.499000072479248,161
C,2,8.0,CFE71E0EF39159559D9706F448C5866FA0DDD853E1B8CE05E478ACFD572BD85F,training_diagnostic,0.1448887485194921,0.10411642482562095,0.06365937920142554,2.2760000228881836,161
d1,0,0.0,D577F1454A2D83AE72FE75BCE244D277D059895990A6085CF8516CC646AE194D,training_diagnostic,0.15957341758233543,0.12782082381883855,0.056089074157333614,2.8450000286102295,161
d1,0,4.0,D577F1454A2D83AE72FE75BCE244D277D059895990A6085CF8516CC646AE194D,training_diagnostic,0.11682617849131716,0.09410347446715402,0.044760989726793814,2.609999895095825,161
d1,0,6.0,D577F1454A2D83AE72FE75BCE244D277D059895990A6085CF8516CC646AE194D,training_diagnostic,0.08924416943309739,0.0696382398618767,0.035711951518496196,2.499000072479248,161
d1,0,8.0,D577F1454A2D83AE72FE75BCE244D277D059895990A6085CF8516CC646AE194D,training_diagnostic,0.12396458326822896,0.09214788018176275,0.054465985071002414,2.2760000228881836,161
g1,0,0.0,66714F141749CBC3A530559A067E786878088C7D951B57C3CEB5A30EB162F526,training_diagnostic,0.15932439392549871,0.12777538444002315,0.05600154387461571,2.8450000286102295,161
g1,0,4.0,66714F141749CBC3A530559A067E786878088C7D951B57C3CEB5A30EB162F526,training_diagnostic,0.11689215002827028,0.09426786319818348,0.044786266178749645,2.609999895095825,161
g1,0,6.0,66714F141749CBC3A530559A067E786878088C7D951B57C3CEB5A30EB162F526,training_diagnostic,0.08979895751999568,0.06987003913230222,0.035933955548431214,2.499000072479248,161
g1,0,8.0,66714F141749CBC3A530559A067E786878088C7D951B57C3CEB5A30EB162F526,training_diagnostic,0.12433204809242074,0.09230596886843628,0.054627437101097506,2.2760000228881836,161
d2,0,0.0,3ADB707920336D33E913B0187A8DB238D86E8F51148628391F652E57774977C3,training_diagnostic,0.15947339336387695,0.12779000682918273,0.05605391626016223,2.8450000286102295,161
d2,0,4.0,3ADB707920336D33E913B0187A8DB238D86E8F51148628391F652E57774977C3,training_diagnostic,0.11681392126054187,0.09408953077498222,0.044756293469603026,2.609999895095825,161
d2,0,6.0,3ADB707920336D33E913B0187A8DB238D86E8F51148628391F652E57774977C3,training_diagnostic,0.08941508979188295,0.06974139976783754,0.03578034701822741,2.499000072479248,161
d2,0,8.0,3ADB707920336D33E913B0187A8DB238D86E8F51148628391F652E57774977C3,training_diagnostic,0.12410769265975057,0.09222136063050039,0.0545288626589121,2.2760000228881836,161
d3,0,0.0,81069797F1ADDD2CC1AC118FC714573CE595AC3959B41D3AA1677C7A42009530,training_diagnostic,0.15949299350800833,0.12780958417837757,0.05606080559019185,2.8450000286102295,161
d3,0,4.0,81069797F1ADDD2CC1AC118FC714573CE595AC3959B41D3AA1677C7A42009530,training_diagnostic,0.11681861363989501,0.09411009650616704,0.04475809131617075,2.609999895095825,161
d3,0,6.0,81069797F1ADDD2CC1AC118FC714573CE595AC3959B41D3AA1677C7A42009530,training_diagnostic,0.08939093747298725,0.06974513130551725,0.035770682225032054,2.499000072479248,161
d3,0,8.0,81069797F1ADDD2CC1AC118FC714573CE595AC3959B41D3AA1677C7A42009530,training_diagnostic,0.1240840172198154,0.09221442687030164,0.05451846044463395,2.2760000228881836,161
d4,0,0.0,0E0995E4F9428AC60A91E95C6F8D521D0B9ED098B16448FB052F13BA97CD70E6,training_diagnostic,0.15950967563363236,0.12781574594736192,0.0560666692546756,2.8450000286102295,161
d4,0,4.0,0E0995E4F9428AC60A91E95C6F8D521D0B9ED098B16448FB052F13BA97CD70E6,training_diagnostic,0.11690700752735071,0.09416993466417033,0.04479195870736175,2.609999895095825,161
d4,0,6.0,0E0995E4F9428AC60A91E95C6F8D521D0B9ED098B16448FB052F13BA97CD70E6,training_diagnostic,0.08944117531998946,0.06974424056778228,0.03579078540452191,2.499000072479248,161
d4,0,8.0,0E0995E4F9428AC60A91E95C6F8D521D0B9ED098B16448FB052F13BA97CD70E6,training_diagnostic,0.12400649446855155,0.09215281177196444,0.05448439948220677,2.2760000228881836,161
h4s,0,0.0,62043013CB1247C4BBE8A3CAE75B563ADB2700C9C2AF1400CCF532FFB469A2B1,training_diagnostic,0.15927453666494726,0.12757949507072197,0.05598401935438721,2.8450000286102295,161
h4s,0,4.0,62043013CB1247C4BBE8A3CAE75B563ADB2700C9C2AF1400CCF532FFB469A2B1,training_diagnostic,0.11698527786020205,0.09376493359768405,0.044821947341843464,2.609999895095825,161
h4s,0,6.0,62043013CB1247C4BBE8A3CAE75B563ADB2700C9C2AF1400CCF532FFB469A2B1,training_diagnostic,0.0897037488440007,0.07015286238505418,0.03589585683965426,2.499000072479248,161
h4s,0,8.0,62043013CB1247C4BBE8A3CAE75B563ADB2700C9C2AF1400CCF532FFB469A2B1,training_diagnostic,0.1239943539044974,0.0920638411033968,0.05447906531527704,2.2760000228881836,161
equal4,0,0.0,FFB0B1E60AE61460FBD9D6793658A998956F92B22ADF587636484FD771A8EF67,training_diagnostic,0.1593616603696892,0.1277741196923976,0.05601464280038574,2.8450000286102295,161
equal4,0,4.0,FFB0B1E60AE61460FBD9D6793658A998956F92B22ADF587636484FD771A8EF67,training_diagnostic,0.11693458589578647,0.09423486240170549,0.04480252513247448,2.609999895095825,161
equal4,0,6.0,FFB0B1E60AE61460FBD9D6793658A998956F92B22ADF587636484FD771A8EF67,training_diagnostic,0.08973220179137797,0.06986681608517903,0.03590724257256824,2.499000072479248,161
equal4,0,8.0,FFB0B1E60AE61460FBD9D6793658A998956F92B22ADF587636484FD771A8EF67,training_diagnostic,0.12419393562620375,0.09221346232091418,0.054566754998800454,2.2760000228881836,161
d1,1,0.0,726A5DD3F7C7ABFA16117E8DCB372FE1F0FB1DB97B76154F52A125C4E03BB31E,training_diagnostic,0.15974206728673754,0.1279811444865852,0.05614835349044649,2.8450000286102295,161
d1,1,4.0,726A5DD3F7C7ABFA16117E8DCB372FE1F0FB1DB97B76154F52A125C4E03BB31E,training_diagnostic,0.11684555328169402,0.09411967624056945,0.04476841301842431,2.609999895095825,161
d1,1,6.0,726A5DD3F7C7ABFA16117E8DCB372FE1F0FB1DB97B76154F52A125C4E03BB31E,training_diagnostic,0.08929418107472828,0.06959729045282424,0.03573196417963281,2.499000072479248,161
d1,1,8.0,726A5DD3F7C7ABFA16117E8DCB372FE1F0FB1DB97B76154F52A125C4E03BB31E,training_diagnostic,0.12410165562506469,0.0923404242403759,0.054526210183242,2.2760000228881836,161
g1,1,0.0,7711672F8C828F9EA6DCF9F9A0E3E61871F6DE76543B8EF406A87EAFC44675CA,training_diagnostic,0.15948798111772589,0.12793610882742898,0.056059043765857214,2.8450000286102295,161
g1,1,4.0,7711672F8C828F9EA6DCF9F9A0E3E61871F6DE76543B8EF406A87EAFC44675CA,training_diagnostic,0.11691899416964079,0.0943137618752127,0.04479655129079925,2.609999895095825,161
g1,1,6.0,7711672F8C828F9EA6DCF9F9A0E3E61871F6DE76543B8EF406A87EAFC44675CA,training_diagnostic,0.08986552633342677,0.069828009944386,0.03596059372830331,2.499000072479248,161
g1,1,8.0,7711672F8C828F9EA6DCF9F9A0E3E61871F6DE76543B8EF406A87EAFC44675CA,training_diagnostic,0.12447175907252261,0.0924949689959147,0.054688821538134806,2.2760000228881836,161
d2,1,0.0,14A7577CC6E93600E3748C746B436E5123E76C3D1332012323EF111DFB63A7A8,training_diagnostic,0.15965259738048224,0.127961001356034,0.056116905369056135,2.8450000286102295,161
d2,1,4.0,14A7577CC6E93600E3748C746B436E5123E76C3D1332012323EF111DFB63A7A8,training_diagnostic,0.116853130664527,0.0941540791807835,0.0447713162303544,2.609999895095825,161
d2,1,6.0,14A7577CC6E93600E3748C746B436E5123E76C3D1332012323EF111DFB63A7A8,training_diagnostic,0.08946507459133181,0.06967722828737143,0.03580034893819505,2.499000072479248,161
d2,1,8.0,14A7577CC6E93600E3748C746B436E5123E76C3D1332012323EF111DFB63A7A8,training_diagnostic,0.12421833465002993,0.09239197374315736,0.054577475132183945,2.2760000228881836,161
d3,1,0.0,AE17D035DABFF0A9B9B9A16283827090FCB56DF8B7F1289958376ACA57B642A1,training_diagnostic,0.15965327353874045,0.1279641698426943,0.05611714303452236,2.8450000286102295,161
d3,1,4.0,AE17D035DABFF0A9B9B9A16283827090FCB56DF8B7F1289958376ACA57B642A1,training_diagnostic,0.11685220132777863,0.09415798148021727,0.0447709601626204,2.609999895095825,161
d3,1,6.0,AE17D035DABFF0A9B9B9A16283827090FCB56DF8B7F1289958376ACA57B642A1,training_diagnostic,0.08946261034487284,0.06967401555999651,0.03579936284520285,2.499000072479248,161
d3,1,8.0,AE17D035DABFF0A9B9B9A16283827090FCB56DF8B7F1289958376ACA57B642A1,training_diagnostic,0.12421866537265733,0.09238581655558592,0.054577620440893995,2.2760000228881836,161
d4,1,0.0,15B9CFF7261A2C4991DAC9854FBDC4ED78647548129B9DBFC3511809D3ED4ABC,training_diagnostic,0.159666795868987,0.1279657457561828,0.05612189605037844,2.8450000286102295,161
d4,1,4.0,15B9CFF7261A2C4991DAC9854FBDC4ED78647548129B9DBFC3511809D3ED4ABC,training_diagnostic,0.11691681724358106,0.09419227479045968,0.044795717219478476,2.609999895095825,161
d4,1,6.0,15B9CFF7261A2C4991DAC9854FBDC4ED78647548129B9DBFC3511809D3ED4ABC,training_diagnostic,0.08949581725639748,0.06968906577907918,0.03581265092465925,2.499000072479248,161
d4,1,8.0,15B9CFF7261A2C4991DAC9854FBDC4ED78647548129B9DBFC3511809D3ED4ABC,training_diagnostic,0.1241604387028123,0.09235077934420627,0.05455203754578878,2.2760000228881836,161
h4s,1,0.0,3913BAF25EC18C20E6D8AF7954C2F9E65AAF53DBC0EC1B36248271F01CC122AC,training_diagnostic,0.15931819125194732,0.1276224728887727,0.055999363673037844,2.8450000286102295,161
h4s,1,4.0,3913BAF25EC18C20E6D8AF7954C2F9E65AAF53DBC0EC1B36248271F01CC122AC,training_diagnostic,0.11704690848810247,0.09369676018362251,0.04484556061018735,2.609999895095825,161
h4s,1,6.0,3913BAF25EC18C20E6D8AF7954C2F9E65AAF53DBC0EC1B36248271F01CC122AC,training_diagnostic,0.08987463811742222,0.07028072115080142,0.035964239900264566,2.499000072479248,161
h4s,1,8.0,3913BAF25EC18C20E6D8AF7954C2F9E65AAF53DBC0EC1B36248271F01CC122AC,training_diagnostic,0.12410392376575956,0.09222218482205587,0.05452720673011021,2.2760000228881836,161
equal4,1,0.0,F0256374BF930CC0687A1EC41F6CAEE65FCFADB10663548386FFF0FEC4205EE8,training_diagnostic,0.1597843446073048,0.1281155532382151,0.05616321370842263,2.8450000286102295,161
equal4,1,4.0,F0256374BF930CC0687A1EC41F6CAEE65FCFADB10663548386FFF0FEC4205EE8,training_diagnostic,0.11680550183168212,0.09435739502041768,0.044753067634661206,2.609999895095825,161
equal4,1,6.0,F0256374BF930CC0687A1EC41F6CAEE65FCFADB10663548386FFF0FEC4205EE8,training_diagnostic,0.08942788459061066,0.06950426768650364,0.03578546698555699,2.499000072479248,161
equal4,1,8.0,F0256374BF930CC0687A1EC41F6CAEE65FCFADB10663548386FFF0FEC4205EE8,training_diagnostic,0.12440027712316726,0.09249778684251797,0.0546574147065722,2.2760000228881836,161
d1,2,0.0,3A47B0135487E8B7835BED32CB683C7DEC425103AC905C1516D803A157F98407,training_diagnostic,0.15964960339310333,0.12785871358449508,0.05611585300091947,2.8450000286102295,161
d1,2,4.0,3A47B0135487E8B7835BED32CB683C7DEC425103AC905C1516D803A157F98407,training_diagnostic,0.11689380317934564,0.09401886502601878,0.04478689956999172,2.609999895095825,161
d1,2,6.0,3A47B0135487E8B7835BED32CB683C7DEC425103AC905C1516D803A157F98407,training_diagnostic,0.08943230820170456,0.06975405339892052,0.03578723713800421,2.499000072479248,161
d1,2,8.0,3A47B0135487E8B7835BED32CB683C7DEC425103AC905C1516D803A157F98407,training_diagnostic,0.12409855427917967,0.09229736358667753,0.05452484755325349,2.2760000228881836,161
g1,2,0.0,C07F27BC598C0B0A353C7BF94A3EBF2EBECD105CDB24A73518AAEF2CD0218B67,training_diagnostic,0.15941096562733473,0.12782545372994142,0.0560319732949902,2.8450000286102295,161
g1,2,4.0,C07F27BC598C0B0A353C7BF94A3EBF2EBECD105CDB24A73518AAEF2CD0218B67,training_diagnostic,0.11695955113648511,0.0942130715359199,0.044812090359180254,2.609999895095825,161
g1,2,6.0,C07F27BC598C0B0A353C7BF94A3EBF2EBECD105CDB24A73518AAEF2CD0218B67,training_diagnostic,0.08998543195059741,0.06997479647050918,0.03600857516635573,2.499000072479248,161
g1,2,8.0,C07F27BC598C0B0A353C7BF94A3EBF2EBECD105CDB24A73518AAEF2CD0218B67,training_diagnostic,0.12447337778554336,0.09246518536939384,0.05468953274771498,2.2760000228881836,161
d2,2,0.0,788EF55112A70183814BF7F5716C9CA76351842B1850D04BB435A959BD49257D,training_diagnostic,0.15957518368862467,0.12785277153822297,0.05608969493282447,2.8450000286102295,161
d2,2,4.0,788EF55112A70183814BF7F5716C9CA76351842B1850D04BB435A959BD49257D,training_diagnostic,0.11689512664349368,0.09406216224722032,0.04478740664439832,2.609999895095825,161
d2,2,6.0,788EF55112A70183814BF7F5716C9CA76351842B1850D04BB435A959BD49257D,training_diagnostic,0.08959341722641156,0.06982251428507315,0.03585170653377624,2.499000072479248,161
d2,2,8.0,788EF55112A70183814BF7F5716C9CA76351842B1850D04BB435A959BD49257D,training_diagnostic,0.12422708073673,0.09236402295946335,0.054581317876741114,2.2760000228881836,161
d3,2,0.0,97C5977858B0A73A7CAD242F57F0A55A396B2BC4000DB1814CE3B5C2A3B3441E,training_diagnostic,0.15958368532259978,0.12785805080676024,0.05609268320484191,2.8450000286102295,161
d3,2,4.0,97C5977858B0A73A7CAD242F57F0A55A396B2BC4000DB1814CE3B5C2A3B3441E,training_diagnostic,0.11689589941895366,0.0940656779957241,0.04478770272696194,2.609999895095825,161
d3,2,6.0,97C5977858B0A73A7CAD242F57F0A55A396B2BC4000DB1814CE3B5C2A3B3441E,training_diagnostic,0.08957915241486251,0.069808195564919,0.03584599832603902,2.499000072479248,161
d3,2,8.0,97C5977858B0A73A7CAD242F57F0A55A396B2BC4000DB1814CE3B5C2A3B3441E,training_diagnostic,0.12421736945356956,0.09235109199092996,0.05457705105641476,2.2760000228881836,161
d4,2,0.0,C6978264F70FC6EC91DFE943E241354E76E346D4ED8B4EBE6A4AA5912C20ED47,training_diagnostic,0.15961247367437711,0.127880348497134,0.056102802133308635,2.8450000286102295,161
d4,2,4.0,C6978264F70FC6EC91DFE943E241354E76E346D4ED8B4EBE6A4AA5912C20ED47,training_diagnostic,0.11696770914981938,0.09412822099214548,0.04481521603491289,2.609999895095825,161
d4,2,6.0,C6978264F70FC6EC91DFE943E241354E76E346D4ED8B4EBE6A4AA5912C20ED47,training_diagnostic,0.08960305869022908,0.06985657500762561,0.035855564662442864,2.499000072479248,161
d4,2,8.0,C6978264F70FC6EC91DFE943E241354E76E346D4ED8B4EBE6A4AA5912C20ED47,training_diagnostic,0.12413965385713592,0.0923259102779886,0.05454290536412473,2.2760000228881836,161
h4s,2,0.0,12E49BABE1621C6E6D0DA199DA93BC1AF50510E3206D78A86AC34DCD89EE883F,training_diagnostic,0.15926732893647705,0.12752820194195608,0.05598148588219117,2.8450000286102295,161
h4s,2,4.0,12E49BABE1621C6E6D0DA199DA93BC1AF50510E3206D78A86AC34DCD89EE883F,training_diagnostic,0.11708356657293081,0.0936034675304321,0.04485960585398113,2.609999895095825,161
h4s,2,6.0,12E49BABE1621C6E6D0DA199DA93BC1AF50510E3206D78A86AC34DCD89EE883F,training_diagnostic,0.08998862214519464,0.07041744888407288,0.03600985175479298,2.499000072479248,161
h4s,2,8.0,12E49BABE1621C6E6D0DA199DA93BC1AF50510E3206D78A86AC34DCD89EE883F,training_diagnostic,0.12413156205586032,0.09220721489339141,0.05453935009119229,2.2760000228881836,161
equal4,2,0.0,12B36BEC3908E250543F3AAF67E4531D74564B6A1E89B0153D7C8F3D51F68C87,training_diagnostic,0.15973913487392835,0.12803868221998307,0.05614732276539211,2.8450000286102295,161
equal4,2,4.0,12B36BEC3908E250543F3AAF67E4531D74564B6A1E89B0153D7C8F3D51F68C87,training_diagnostic,0.11683529470335502,0.09430904852686253,0.044764482528481274,2.609999895095825,161
equal4,2,6.0,12B36BEC3908E250543F3AAF67E4531D74564B6A1E89B0153D7C8F3D51F68C87,training_diagnostic,0.08951759573822302,0.06960498343181351,0.03582136580308818,2.499000072479248,161
equal4,2,8.0,12B36BEC3908E250543F3AAF67E4531D74564B6A1E89B0153D7C8F3D51F68C87,training_diagnostic,0.12440949952413864,0.09248109083183063,0.05466146672804787,2.2760000228881836,161
