scope,heldout_vr,selected,family,seed,lambda,unit,rmse,mae,nrmse,normalization_range,n_points,bias_uA,observed_peak_V,predicted_peak_V,missing_peak,extra_peak,matched_peak_mean_abs_V,observed_trough_V,predicted_trough_V,missing_trough,extra_trough,matched_trough_mean_abs_V
outer_0V,0.0,False,H1,0,0.0,9DB579D9B0BFEE221F702411E3C155047A820738D6195FBB425A7504A8F53072,0.45749503811282466,0.39813371328058544,0.16080669016242824,2.8450000286102295,161,-0.3835751540027559,[],"[31.5, 43.0, 54.5, 66.5]",0,4,,[],"[36.0, 47.5, 59.5, 71.0]",0,4,
outer_0V,0.0,False,H1,1,0.0,8974C4268269D61E17FCE1D381F1D694A40025F8893989DA21B4E98E7630E315,0.4574979141254107,0.3981364114551302,0.16080770106315131,2.8450000286102295,161,-0.38357852495084543,[],"[31.5, 43.0, 54.5, 66.5]",0,4,,[],"[36.0, 47.5, 59.5, 71.0]",0,4,
outer_0V,0.0,False,H1,2,0.0,8B6B062C529891D18B85084EFE3FD567F8E67FB690FAE2555B81BB7503E8ADBB,0.45749620320321294,0.39813487052697666,0.16080709968452897,2.8450000286102295,161,-0.3835761386363171,[],"[31.5, 43.0, 54.5, 66.5]",0,4,,[],"[36.0, 47.5, 59.5, 71.0]",0,4,
outer_0V,0.0,False,G1,0,0.0,F4220C6F219D1363D42A10B3CDCCF9729660005A14354C029A8618677ADD88B1,0.4571240380432062,0.3981012587597513,0.160676285921343,2.8450000286102295,161,-0.38364537213842226,[],"[31.5, 43.0, 54.5, 66.5]",0,4,,[],"[36.0, 47.5, 59.5, 71.0]",0,4,
outer_0V,0.0,False,G1,1,0.0,2E7032BC26A4DC9B9CF66E1086B32B4859C9CD29BF35240EBA64CC1A99AC2321,0.45712690567596054,0.39810411515501065,0.16067729387660679,2.8450000286102295,161,-0.38364902153460784,[],"[31.5, 43.0, 54.5, 66.5]",0,4,,[],"[36.0, 47.5, 59.5, 71.0]",0,4,
outer_0V,0.0,False,G1,2,0.0,F9AD7D504D3C5693A40581341B0B1A6AB575776FE0E1FEF2C66B85CEAB2B2BE5,0.45712297061322543,0.3980998725121297,0.16067591072627443,2.8450000286102295,161,-0.3836433770256522,[],"[31.5, 43.0, 54.5, 66.5]",0,4,,[],"[36.0, 47.5, 59.5, 71.0]",0,4,
outer_0V,0.0,False,C,0,0.0001,B4D4AB1B7A3B7E93CBA1F65CF6033B932ADBB610E82BA636D0BFFD7897C7848D,0.37823794300126257,0.33478189784142637,0.13294830903254162,2.8450000286102295,161,-0.3165017246870289,[],"[43.5, 54.5, 66.5]",0,3,,[],"[47.5, 59.0, 71.0]",0,3,
outer_0V,0.0,False,C,1,0.0001,D1FE2352536E2C55A3EABBC0B04203F59927C1F83A6420D9541CD258277B7B9C,0.37889074362870495,0.3351268826995438,0.13317776443531057,2.8450000286102295,161,-0.31712798974100753,[],"[43.5, 54.5, 66.5]",0,3,,[],"[47.5, 59.0, 71.0]",0,3,
outer_0V,0.0,False,C,2,0.0001,D564E1CFCF7B9BDC41F032DA57989171E44E5CF07DA2ECD4FA010A61481B05A8,0.3782111055231532,0.3346489602323876,0.1329388758241622,2.8450000286102295,161,-0.31648053505070367,[],"[43.5, 54.5, 66.5]",0,3,,[],"[47.5, 59.0, 71.0]",0,3,
outer_0V,0.0,True,d1,0,0.0,1C789BC00F82FF1224B2908F578BC8CE37C0F1AB4E83AF6947FA63DDE4AA0F60,0.33614386639882543,0.28800494780602015,0.11815250018223385,2.8450000286102295,161,-0.26756923385138004,[],"[43.5, 54.5, 66.5]",0,3,,[],"[47.5, 59.0, 71.0]",0,3,
outer_0V,0.0,False,g1,0,0.0,EDD555489C597250D248A3FBEE15714FAF6B41E44C5A00C4C4942AB4B4105853,0.32255150073814515,0.2740765259462345,0.11337486730912624,2.8450000286102295,161,-0.2532350640159725,[],"[43.5, 54.5, 66.5]",0,3,,[],"[47.5, 59.0, 71.0]",0,3,
outer_0V,0.0,False,d2,0,0.0,4E1EB33394F18ACDC45922E377E65144D590C31FD5180017AD981AC015C7A7A9,0.3233227591837908,0.2746839891361385,0.11364595990592401,2.8450000286102295,161,-0.25382877195323383,[],"[43.5, 54.5, 66.5]",0,3,,[],"[47.5, 59.0, 71.0]",0,3,
outer_0V,0.0,False,d3,0,0.0,8619D6B67FEE9F45C5D7F7A772A9CBD08AC389247279EEB54DE3EC479F428C14,0.32333207269773717,0.27468784027646137,0.11364923354875449,2.8450000286102295,161,-0.25383325139500246,[],"[43.5, 54.5, 66.5]",0,3,,[],"[47.5, 59.0, 71.0]",0,3,
outer_0V,0.0,False,d4,0,0.0,C4A65783BEA233ED1DB381EAE2B4D0AE6AF9D4A65226EA892A208226BEC7AFEB,0.32325243747955884,0.2746225985964494,0.11362124225969386,2.8450000286102295,161,-0.25374924230406654,[],"[43.5, 54.5, 66.5]",0,3,,[],"[47.5, 59.0, 71.0]",0,3,
outer_0V,0.0,False,h4s,0,0.0,5C0A09A9DBE46289A100BB32C475221AAF3291E9CFB2AADEF3892657F274C491,0.32258142432779335,0.2741114587800704,0.11338538526671756,2.8450000286102295,161,-0.25296191973843096,[],"[43.5, 54.5, 66.5]",0,3,,[],"[47.5, 59.0, 71.0]",0,3,
outer_0V,0.0,False,equal4,0,0.0,9EF162B507BAE9305183518F969C944D306D986EF806B36B85571DF572E2ED65,0.322388205201193,0.273970865884576,0.11331746993291887,2.8450000286102295,161,-0.2527442859422115,[],"[43.5, 54.5, 66.5]",0,3,,[],"[47.5, 59.0, 71.0]",0,3,
outer_0V,0.0,True,d1,1,0.0,BC2B13DB4D9FD98B67D3B673F9FF98B5454F334F17B97E204DF4DE025F5D14EB,0.33606996258131894,0.287433422005718,0.11812652344523444,2.8450000286102295,161,-0.2672641211918191,[],"[43.5, 54.5, 66.5]",0,3,,[],"[47.5, 59.0, 71.0]",0,3,
outer_0V,0.0,False,g1,1,0.0,781A40324176A1E3FF5D5F9C7C9FB47F61FA59D54A594F41F5CA0E41BD1AFCB5,0.32420824041264673,0.27526604466614607,0.11395720110801584,2.8450000286102295,161,-0.25481337860446446,[],"[43.5, 54.5, 66.5]",0,3,,[],"[47.5, 59.0, 71.0]",0,3,
outer_0V,0.0,False,d2,1,0.0,9CDF80E36FC8DC839279E360AF403BB311EE4ECCC1AD321A51596B357F3F6794,0.3249430230800889,0.2758510812845151,0.1142154726932717,2.8450000286102295,161,-0.25537529658028707,[],"[43.5, 54.5, 66.5]",0,3,,[],"[47.5, 59.0, 71.0]",0,3,
outer_0V,0.0,False,d3,1,0.0,33C34995CB9DEFC0749D446DB9D7B97096105D4707FC9DF09437F39F145E4723,0.32498115955664086,0.27588430886093224,0.11422887743006202,2.8450000286102295,161,-0.25541130239028276,[],"[43.5, 54.5, 66.5]",0,3,,[],"[47.5, 59.0, 71.0]",0,3,
outer_0V,0.0,False,d4,1,0.0,D72748038E8FBEDE98E13DCEF6E77D77AEF448D5DC64104BB644EC46E40F1BA9,0.325031607776606,0.27594141339628686,0.11424660966888726,2.8450000286102295,161,-0.25545421056160184,[],"[43.5, 54.5, 66.5]",0,3,,[],"[47.5, 59.0, 71.0]",0,3,
outer_0V,0.0,False,h4s,1,0.0,C1B52FE1A8DA78B9DC7393B2A33AC31AB0CF2DA996B85AA96A77DFBE65F2066C,0.32577755080251086,0.27653304775829735,0.11450880405145437,2.8450000286102295,161,-0.2563093747359394,[],"[43.5, 54.5, 66.5]",0,3,,[],"[47.5, 59.0, 71.0]",0,3,
outer_0V,0.0,False,equal4,1,0.0,0F4DEFC5E14F16EC4D5DCF0F236B7BC1E844E527ACA3F590445ED6EE6248513A,0.3252065860883713,0.27606440103259977,0.11430811346853775,2.8450000286102295,161,-0.2556570163604034,[],"[43.5, 54.5, 66.5]",0,3,,[],"[47.5, 59.0, 71.0]",0,3,
outer_0V,0.0,True,d1,2,0.0,68A5140E628C32FBECF423B6D10C0703F7172E4C3B1038727E07E4BF5B8BA40F,0.33454025696051654,0.28612759703862833,0.11758884133436653,2.8450000286102295,161,-0.26578602200281454,[],"[43.5, 54.5, 66.5]",0,3,,[],"[47.5, 59.0, 71.0]",0,3,
outer_0V,0.0,False,g1,2,0.0,1F19BFC807A36FF1FC3EDCE738C7F65F483B60BBA598FD08CAA7F815556FA588,0.32323611461436697,0.27455477471179934,0.11361550487304088,2.8450000286102295,161,-0.25390336612494,[],"[43.5, 54.5, 66.5]",0,3,,[],"[47.5, 59.0, 71.0]",0,3,
outer_0V,0.0,False,d2,2,0.0,7D255161DD9B48084DC76F034522F0AA50C07485E95B18BD915B46F7257A6DC8,0.32399430918061445,0.2751550414738309,0.11388200559663414,2.8450000286102295,161,-0.25448772464792085,[],"[43.5, 54.5, 66.5]",0,3,,[],"[47.5, 59.0, 71.0]",0,3,
outer_0V,0.0,False,d3,2,0.0,8E24A013A3A12A6659BFC9AB3CBE95693FED8D0EBE18CF66B70A13842424FC45,0.32396197945228467,0.2751264765262835,0.11387064189610527,2.8450000286102295,161,-0.25445595118419634,[],"[43.5, 54.5, 66.5]",0,3,,[],"[47.5, 59.0, 71.0]",0,3,
outer_0V,0.0,False,d4,2,0.0,0E5A82ECE988310B47C0B1DF5DEA5DCA7790263FEB52349061F1B3DFAA654F74,0.32405897909653936,0.2752193365830303,0.1139047366740593,2.8450000286102295,161,-0.25454167978583564,[],"[43.5, 54.5, 66.5]",0,3,,[],"[47.5, 59.0, 71.0]",0,3,
outer_0V,0.0,False,h4s,2,0.0,82CC84B2EDD157E3143F66E0F1783A34D0542EC4C0FBA12924BC239DCE99351F,0.32242943343479613,0.2739097960900677,0.1133319614032839,2.8450000286102295,161,-0.2527555727156932,[],"[43.5, 54.5, 66.5]",0,3,,[],"[47.5, 59.0, 71.0]",0,3,
outer_0V,0.0,False,equal4,2,0.0,BDE19A8E5BF91EF67AD6FAB364078DE34D35B9243D9DC3050027DF96568FF3E9,0.3246079889945872,0.27564313574202404,0.11409771027424448,2.8450000286102295,161,-0.255210202936407,[],"[43.5, 54.5, 66.5]",0,3,,[],"[47.5, 59.0, 71.0]",0,3,
outer_4V,4.0,False,H1,0,0.0,FB9BBE3A1EE301E411C28B7F43C4185336FAB0EE7EB220E41ECC695B4D1C5B0E,0.14586764936033386,0.12230267463272194,0.05588799050697984,2.609999895095825,161,-0.050931409375180973,"[32.0, 42.5, 53.5, 65.0, 77.0]","[20.0, 31.5, 43.0, 54.5, 66.5]",4,4,0.5,"[35.5, 47.0, 58.0, 70.0]","[24.0, 36.0, 47.5, 59.5, 71.5]",0,1,1.0
outer_4V,4.0,False,H1,1,0.0,8EF230E742E60F8E8BBE2FE6B396BA58FE15B3A11E1148646EC88DB78898B3CB,0.14586799435869124,0.12230283109491448,0.055888122690263844,2.609999895095825,161,-0.05093246721879504,"[32.0, 42.5, 53.5, 65.0, 77.0]","[20.0, 31.5, 43.0, 54.5, 66.5]",4,4,0.5,"[35.5, 47.0, 58.0, 70.0]","[24.0, 36.0, 47.5, 59.5, 71.5]",0,1,1.0
outer_4V,4.0,False,H1,2,0.0,168F7BAC3F8449C65132235069B4EA8267ED7F6D7A772C632EBBE71DC68F59CC,0.1458678298343846,0.12230290032515406,0.0558880596541285,2.609999895095825,161,-0.05093168032641945,"[32.0, 42.5, 53.5, 65.0, 77.0]","[20.0, 31.5, 43.0, 54.5, 66.5]",4,4,0.5,"[35.5, 47.0, 58.0, 70.0]","[24.0, 36.0, 47.5, 59.5, 71.5]",0,1,1.0
outer_4V,4.0,False,G1,0,0.0,9911A0AC2C63D638CDBD411925E199E5507C3CD34309858F500E619F190753BB,0.1461341445836841,0.12233776367422748,0.05599009596064326,2.609999895095825,161,-0.051904190080789905,"[32.0, 42.5, 53.5, 65.0, 77.0]","[20.0, 31.5, 43.0, 54.5, 66.5]",4,4,0.5,"[35.5, 47.0, 58.0, 70.0]","[24.0, 36.0, 47.5, 59.5, 71.5]",0,1,1.0
outer_4V,4.0,False,G1,1,0.0,6F30F9AF6351012648C0CC0CA9C0C1C0CCF29809724C6070CF041640127ED34E,0.14613503449517304,0.12233833813250226,0.055990436922913264,2.609999895095825,161,-0.05190610106215922,"[32.0, 42.5, 53.5, 65.0, 77.0]","[20.0, 31.5, 43.0, 54.5, 66.5]",4,4,0.5,"[35.5, 47.0, 58.0, 70.0]","[24.0, 36.0, 47.5, 59.5, 71.5]",0,1,1.0
outer_4V,4.0,False,G1,2,0.0,2EC5B2BB9492A3C590193BC657EED75C3DAFCDCA4299CB2FDAF1B060853A9029,0.1461342396220761,0.12233800375877492,0.05599013237382174,2.609999895095825,161,-0.05190271884564496,"[32.0, 42.5, 53.5, 65.0, 77.0]","[20.0, 31.5, 43.0, 54.5, 66.5]",4,4,0.5,"[35.5, 47.0, 58.0, 70.0]","[24.0, 36.0, 47.5, 59.5, 71.5]",0,1,1.0
outer_4V,4.0,False,C,0,0.0001,F15B82130B6DF40F5A63DD3A6354AA4E3B30532AB81C0B96C1600E02127BAE17,0.14622763127397914,0.12444235122638252,0.05602591461736838,2.609999895095825,161,-0.06764941938259054,"[32.0, 42.5, 53.5, 65.0, 77.0]","[43.5, 54.5, 66.5]",2,0,1.1666666666666667,"[35.5, 47.0, 58.0, 70.0]","[47.5, 59.0, 71.5]",1,0,1.0
outer_4V,4.0,False,C,1,0.0001,A7C9F6EB15B12E8CE9D1FF47976FB125739D3D7249976EAB85AE0DEDA05D5E53,0.14585397580908052,0.12401899368782754,0.05588275159824309,2.609999895095825,161,-0.06689982266983839,"[32.0, 42.5, 53.5, 65.0, 77.0]","[43.5, 54.5, 66.5]",2,0,1.1666666666666667,"[35.5, 47.0, 58.0, 70.0]","[47.5, 59.0, 71.5]",1,0,1.0
outer_4V,4.0,False,C,2,0.0001,CAE396E5F5C0ECFE7A1F8467348AE0EE7F2A54A0A62517DD2BD9E5A50A1C22D5,0.1459330313354692,0.12405792902215089,0.05591304107317266,2.609999895095825,161,-0.06691596535922416,"[32.0, 42.5, 53.5, 65.0, 77.0]","[43.5, 54.5, 66.5]",2,0,1.1666666666666667,"[35.5, 47.0, 58.0, 70.0]","[47.5, 59.0, 71.5]",1,0,1.0
outer_4V,4.0,True,d1,0,0.0,0DC336815793CF7B33A796EEC526C23C00116F02FC9C04A2746CB5649D6DF60C,0.14001394035340545,0.117967618162952,0.05364519003103825,2.609999895095825,161,-0.04159383542086605,"[32.0, 42.5, 53.5, 65.0, 77.0]","[43.5, 54.5, 66.5]",2,0,1.1666666666666667,"[35.5, 47.0, 58.0, 70.0]","[47.5, 59.5, 71.5]",1,0,1.1666666666666667
outer_4V,4.0,False,g1,0,0.0,0E80A4B36FEA74E8833555CCE839F5ECBF8E1224E547497D2FD87A12CC562A2A,0.13874425996355208,0.1165429704341031,0.05315872242916628,2.609999895095825,161,-0.03474500656535745,"[32.0, 42.5, 53.5, 65.0, 77.0]","[43.5, 54.5, 66.5]",2,0,1.1666666666666667,"[35.5, 47.0, 58.0, 70.0]","[47.5, 59.5, 71.5]",1,0,1.1666666666666667
outer_4V,4.0,False,d2,0,0.0,1AE1C757DDBD60487911B7FF0CF1C9C67204D1A4BC65AAC3650345EE3EB8768D,0.13879395314657073,0.11651495193573791,0.05317776196365516,2.609999895095825,161,-0.034662544152479595,"[32.0, 42.5, 53.5, 65.0, 77.0]","[43.5, 54.5, 66.5]",2,0,1.1666666666666667,"[35.5, 47.0, 58.0, 70.0]","[47.5, 59.5, 71.5]",1,0,1.1666666666666667
outer_4V,4.0,False,d3,0,0.0,0A25629CA6AAAA795C32901A2A3E5C12DF82EB8E03B8398E59D2971DD9C555A4,0.1388282308673744,0.11654913500283978,0.05319089519054458,2.609999895095825,161,-0.0347472534707302,"[32.0, 42.5, 53.5, 65.0, 77.0]","[43.5, 54.5, 66.5]",2,0,1.1666666666666667,"[35.5, 47.0, 58.0, 70.0]","[47.5, 59.5, 71.5]",1,0,1.1666666666666667
outer_4V,4.0,False,d4,0,0.0,558E6546AAF78970DD757661A28A49F584A746E82EDA8BE3DD77CDCB9EB8360A,0.13875844780228744,0.11649471752400516,0.05316415838292322,2.609999895095825,161,-0.03472209152959357,"[32.0, 42.5, 53.5, 65.0, 77.0]","[43.5, 54.5, 66.5]",2,0,1.1666666666666667,"[35.5, 47.0, 58.0, 70.0]","[47.5, 59.5, 71.5]",1,0,1.1666666666666667
outer_4V,4.0,False,h4s,0,0.0,87C7533A1A0F6FA4B986DCFEBD3987F6C36E5DE35B161428155C784F1F549A1D,0.138783194729309,0.11650947455579982,0.05317363996453863,2.609999895095825,161,-0.03461473923746311,"[32.0, 42.5, 53.5, 65.0, 77.0]","[43.5, 54.5, 66.5]",2,0,1.1666666666666667,"[35.5, 47.0, 58.0, 70.0]","[47.5, 59.5, 71.5]",1,0,1.1666666666666667
outer_4V,4.0,False,equal4,0,0.0,49E54B34946F2E0230974BF3B6E20485D2361948094FB42AAE03ED6619371DB7,0.13882590801621722,0.11651804079142579,0.05319000520922254,2.609999895095825,161,-0.03452551995782957,"[32.0, 42.5, 53.5, 65.0, 77.0]","[43.5, 54.5, 66.5]",2,0,1.1666666666666667,"[35.5, 47.0, 58.0, 70.0]","[47.5, 59.5, 71.5]",1,0,1.1666666666666667
outer_4V,4.0,True,d1,1,0.0,18D06AC0BBEFD9CDCBA1E5E4B881C770C8C35C67AAEB40F947710D238DC69743,0.1401241132050252,0.11786250760475092,0.05368740185327885,2.609999895095825,161,-0.041255909652356634,"[32.0, 42.5, 53.5, 65.0, 77.0]","[43.5, 54.5, 66.5]",2,0,1.1666666666666667,"[35.5, 47.0, 58.0, 70.0]","[47.5, 59.5, 71.5]",1,0,1.1666666666666667
outer_4V,4.0,False,g1,1,0.0,D4E2BB6F4C024BFA93FB24618E0A8AB1021B077EEC34E520A130B1AD45D81A1C,0.13895021975389946,0.11657575359032923,0.05323763422940596,2.609999895095825,161,-0.03516320992183079,"[32.0, 42.5, 53.5, 65.0, 77.0]","[43.5, 54.5, 66.5]",2,0,1.1666666666666667,"[35.5, 47.0, 58.0, 70.0]","[47.5, 59.5, 71.5]",1,0,1.1666666666666667
outer_4V,4.0,False,d2,1,0.0,4E1E59335324592FB4B2D79DDEA6F32BC1AAD2A241A9697A3B50CAAD7AFB9D5E,0.13895234216420896,0.11652153120332785,0.05323844741346527,2.609999895095825,161,-0.035081770656462646,"[32.0, 42.5, 53.5, 65.0, 77.0]","[43.5, 54.5, 66.5]",2,0,1.1666666666666667,"[35.5, 47.0, 58.0, 70.0]","[47.5, 59.5, 71.5]",1,0,1.1666666666666667
outer_4V,4.0,False,d3,1,0.0,4DA8889A5056E5D5AA58A3B8D874F85F569F55C9F47A02F5460A17767101820A,0.13897904174375653,0.11656572057370976,0.05324867713784102,2.609999895095825,161,-0.0352152940153393,"[32.0, 42.5, 53.5, 65.0, 77.0]","[43.5, 54.5, 66.5]",2,0,1.1666666666666667,"[35.5, 47.0, 58.0, 70.0]","[47.5, 59.5, 71.5]",1,0,1.1666666666666667
outer_4V,4.0,False,d4,1,0.0,2297C099DDBCE719332674CD7EC36A42347E34B1FF96F3037A9BA9EB033D2F9B,0.1389212941817753,0.11648696782110803,0.05322655163427692,2.609999895095825,161,-0.03506687032825296,"[32.0, 42.5, 53.5, 65.0, 77.0]","[43.5, 54.5, 66.5]",2,0,1.1666666666666667,"[35.5, 47.0, 58.0, 70.0]","[47.5, 59.5, 71.5]",1,0,1.1666666666666667
outer_4V,4.0,False,h4s,1,0.0,C8D7B1095EA15824C4028967781064E7761340229114960EE1BABBF5CADEB23E,0.13900243621316652,0.1165074577854414,0.05325764053644266,2.609999895095825,161,-0.034822792605126725,"[32.0, 42.5, 53.5, 65.0, 77.0]","[43.5, 54.5, 66.5]",2,0,1.1666666666666667,"[35.5, 47.0, 58.0, 70.0]","[47.5, 59.5, 71.5]",1,0,1.1666666666666667
outer_4V,4.0,False,equal4,1,0.0,172E42729E394FEA848A3639B82AF8531DB59D355A03AF2E332B1C0A78439BA7,0.13886933600756965,0.11638016216326737,0.05320664428703784,2.609999895095825,161,-0.03479707625518142,"[32.0, 42.5, 53.5, 65.0, 77.0]","[43.5, 54.5, 66.5]",2,0,1.1666666666666667,"[35.5, 47.0, 58.0, 70.0]","[47.5, 59.5, 71.5]",1,0,1.1666666666666667
outer_4V,4.0,True,d1,2,0.0,DA359CC770BD343ACB7CD559FB1B14D99A5857042137E15AFDB7244287C55494,0.14055699892065643,0.11831656530693242,0.05385325845597244,2.609999895095825,161,-0.04324978176194897,"[32.0, 42.5, 53.5, 65.0, 77.0]","[43.5, 54.5, 66.5]",2,0,1.1666666666666667,"[35.5, 47.0, 58.0, 70.0]","[47.5, 59.5, 71.5]",1,0,1.1666666666666667
outer_4V,4.0,False,g1,2,0.0,DE670C88CD4C1BB5CB52932BF150ECF3EB06C58D99FC25568198B43341E88A85,0.13892644218603806,0.1165222190284338,0.053228524049782545,2.609999895095825,161,-0.035049923670316195,"[32.0, 42.5, 53.5, 65.0, 77.0]","[43.5, 54.5, 66.5]",2,0,1.1666666666666667,"[35.5, 47.0, 58.0, 70.0]","[47.5, 59.5, 71.5]",1,0,1.1666666666666667
outer_4V,4.0,False,d2,2,0.0,ABB731D5A8979AFBF6C06BD54EA1DDD112B098C7552C4241E81360F093DAC8CB,0.138931101441115,0.1164658367713358,0.0532303092050562,2.609999895095825,161,-0.03497077070353032,"[32.0, 42.5, 53.5, 65.0, 77.0]","[43.5, 54.5, 66.5]",2,0,1.1666666666666667,"[35.5, 47.0, 58.0, 70.0]","[47.5, 59.5, 71.5]",1,0,1.1666666666666667
outer_4V,4.0,False,d3,2,0.0,EE6DB79303B62D06B9EE9730856E3E0FC28B49D03B052E3AC35AE66FD9A279FE,0.13894040572194286,0.1164825503093983,0.05323387406375421,2.609999895095825,161,-0.034977127494932564,"[32.0, 42.5, 53.5, 65.0, 77.0]","[43.5, 54.5, 66.5]",2,0,1.1666666666666667,"[35.5, 47.0, 58.0, 70.0]","[47.5, 59.5, 71.5]",1,0,1.1666666666666667
outer_4V,4.0,False,d4,2,0.0,81CC5882817FA8B8E9BB50B320A3759684387D2980405DCFAB9E2FE0F5DCEE7A,0.1389434954387503,0.11648205402437366,0.05323505786334487,2.609999895095825,161,-0.03506943862668314,"[32.0, 42.5, 53.5, 65.0, 77.0]","[43.5, 54.5, 66.5]",2,0,1.1666666666666667,"[35.5, 47.0, 58.0, 70.0]","[47.5, 59.5, 71.5]",1,0,1.1666666666666667
outer_4V,4.0,False,h4s,2,0.0,C46DA01AEC30CE489BD334CD8798A9B690C4FCCBDA6E8168B855623A48DE9BBB,0.13900974127078022,0.11648852970112716,0.05326043940920409,2.609999895095825,161,-0.03477410329231032,"[32.0, 42.5, 53.5, 65.0, 77.0]","[43.5, 54.5, 66.5]",2,0,1.1666666666666667,"[35.5, 47.0, 58.0, 70.0]","[47.5, 59.5, 71.5]",1,0,1.1666666666666667
outer_4V,4.0,False,equal4,2,0.0,32CB701D5E1364B8B96407B22DEEBD866AC8D55CB886AEBA0DB6730DA225106F,0.13885241636352025,0.11633008998104295,0.05320016166453613,2.609999895095825,161,-0.034691364479089236,"[32.0, 42.5, 53.5, 65.0, 77.0]","[43.5, 54.5, 66.5]",2,0,1.1666666666666667,"[35.5, 47.0, 58.0, 70.0]","[47.5, 59.5, 71.5]",1,0,1.1666666666666667
outer_6V,6.0,False,H1,0,0.0,89EBC9E648E4C21E35CFE49708ECD71611AC45F456154A9AD8AECA87E74ADB39,0.13235526314895893,0.10087814550522876,0.05296328903970371,2.499000072479248,161,0.08506611001718303,"[32.5, 43.0, 54.5, 66.0]","[19.5, 31.0, 42.5, 54.5, 66.0]",0,1,0.5,"[36.5, 48.0, 59.5, 71.0]","[23.5, 35.5, 47.5, 59.5, 71.0]",0,1,0.375
outer_6V,6.0,False,H1,1,0.0,837AABA4DC8356C0A4157A9A935767CDCB9D4B5D322628216C21400ADE963645,0.13235674967633396,0.1008792953935932,0.05296388388857602,2.499000072479248,161,0.08506779171966063,"[32.5, 43.0, 54.5, 66.0]","[19.5, 31.0, 42.5, 54.5, 66.0]",0,1,0.5,"[36.5, 48.0, 59.5, 71.0]","[23.5, 35.5, 47.5, 59.5, 71.0]",0,1,0.375
outer_6V,6.0,False,H1,2,0.0,9D20841ED0F81E3DAF7C4B1B6A05195E286E71C8C71F45C3303A0036937FBBE8,0.13235248797175495,0.1008759037828686,0.05296217852464829,2.499000072479248,161,0.08506277097701472,"[32.5, 43.0, 54.5, 66.0]","[19.5, 31.0, 42.5, 54.5, 66.0]",0,1,0.5,"[36.5, 48.0, 59.5, 71.0]","[23.5, 35.5, 47.5, 59.5, 71.0]",0,1,0.375
outer_6V,6.0,False,G1,0,0.0,B8E0F23A5A3E86B4C0B2D564AD48FEE537020EE6994CAE2AC654B1EE432F753E,0.13242382311708126,0.10074435103314448,0.052990724000141425,2.499000072479248,161,0.08407773209955566,"[32.5, 43.0, 54.5, 66.0]","[19.5, 31.0, 42.5, 54.5, 66.0]",0,1,0.5,"[36.5, 48.0, 59.5, 71.0]","[23.5, 35.5, 47.5, 59.5, 71.0]",0,1,0.375
outer_6V,6.0,False,G1,1,0.0,EEAB129A781CC97FE09A984666961C7E9E1EF007EA35D673484347A4570C220D,0.13242554397918554,0.10074543821631196,0.052991412620411286,2.499000072479248,161,0.08407855754058739,"[32.5, 43.0, 54.5, 66.0]","[19.5, 31.0, 42.5, 54.5, 66.0]",0,1,0.5,"[36.5, 48.0, 59.5, 71.0]","[23.5, 35.5, 47.5, 59.5, 71.0]",0,1,0.375
outer_6V,6.0,False,G1,2,0.0,FD04A5463C1DFE3E32204303ADEB4BCF69B37CCA58EDF7AD003D7BD174FFABBA,0.13242287116072315,0.10074428252019682,0.05299034306523527,2.499000072479248,161,0.08407698609281956,"[32.5, 43.0, 54.5, 66.0]","[19.5, 31.0, 42.5, 54.5, 66.0]",0,1,0.5,"[36.5, 48.0, 59.5, 71.0]","[23.5, 35.5, 47.5, 59.5, 71.0]",0,1,0.375
outer_6V,6.0,False,C,0,0.01,830847752160C90A4224AFA06846104DC3E377F212F946917C48F56173F30D94,0.24279145664781243,0.17374067166415247,0.09715544201923132,2.499000072479248,161,0.10141527782894255,"[32.5, 43.0, 54.5, 66.0]",[],4,0,,"[36.5, 48.0, 59.5, 71.0]",[],4,0,
outer_6V,6.0,False,C,1,0.01,0DAB827A636D9B2438477E9C332085A4F9CA97D3ABBCA882A98F8AF1CC8AE3F6,0.24292388031838438,0.17388926192493356,0.09720843268218898,2.499000072479248,161,0.10174388837022996,"[32.5, 43.0, 54.5, 66.0]",[],4,0,,"[36.5, 48.0, 59.5, 71.0]",[],4,0,
outer_6V,6.0,False,C,2,0.01,065CFE0C54C7B5255621689194F69465183848B4CDDE9B074915F0EE70C8C3A2,0.2428369765204486,0.17389474298388508,0.09717365725385155,2.499000072479248,161,0.10163019142281379,"[32.5, 43.0, 54.5, 66.0]",[],4,0,,"[36.5, 48.0, 59.5, 71.0]",[],4,0,
outer_6V,6.0,False,d1,0,0.0,9606F3A2C47B39508307FEFE9661C57B38BE2239C6076C79FFD07B1F084D7671,0.17628753569559705,0.1314951456354364,0.07054322952488068,2.499000072479248,161,0.06647519119986281,"[32.5, 43.0, 54.5, 66.0]",[66.5],3,0,0.5,"[36.5, 48.0, 59.5, 71.0]",[71.5],3,0,0.5
outer_6V,6.0,False,g1,0,0.0,84873C25410FD5B985C778742EEE426175253E988F74A731E6033D5B1FD05FB3,0.17938064054513422,0.1333976786479539,0.07178096652361095,2.499000072479248,161,0.06916091221483042,"[32.5, 43.0, 54.5, 66.0]",[66.5],3,0,0.5,"[36.5, 48.0, 59.5, 71.0]",[71.5],3,0,0.5
outer_6V,6.0,False,d2,0,0.0,5581899841942884755A5C9A5624F7E2A3CE6BBE06E9C55CC788135D9613301F,0.17634430916489224,0.13152767366712323,0.07056594799932989,2.499000072479248,161,0.06653124529590702,"[32.5, 43.0, 54.5, 66.0]",[66.5],3,0,0.5,"[36.5, 48.0, 59.5, 71.0]",[71.5],3,0,0.5
outer_6V,6.0,False,d3,0,0.0,B6ACC59316AC74C0C8A99BBE3CC73B684A0B362AF8D952FC65E28B2682242A70,0.1767966067703178,0.13181008824858792,0.07074693943282627,2.499000072479248,161,0.06691094909603737,"[32.5, 43.0, 54.5, 66.0]",[66.5],3,0,0.5,"[36.5, 48.0, 59.5, 71.0]",[71.5],3,0,0.5
outer_6V,6.0,False,d4,0,0.0,59B8F08A05A2456C03C3F7DE34153F1DEC1F57D8D0E0B73176D108A3071FA830,0.17706367125216202,0.131971661446859,0.07085380796988047,2.499000072479248,161,0.0671686194200786,"[32.5, 43.0, 54.5, 66.0]",[66.5],3,0,0.5,"[36.5, 48.0, 59.5, 71.0]",[71.5],3,0,0.5
outer_6V,6.0,False,h4s,0,0.0,B3FC743C09C278C88A85316105EB86C7BDDD159C3EAD2B10D9F1437547EB3B59,0.22216663629726494,0.16474211177215997,0.0889022128266104,2.499000072479248,161,0.08698437412078522,"[32.5, 43.0, 54.5, 66.0]",[],4,0,,"[36.5, 48.0, 59.5, 71.0]",[],4,0,
outer_6V,6.0,False,equal4,0,0.0,ED86C46637FA86F7A0E3C72290BB7D6B5467B6088B6C2DB74EC381E1292F448A,0.22214474074375523,0.16473343911123758,0.08889345110077021,2.499000072479248,161,0.08694427722474989,"[32.5, 43.0, 54.5, 66.0]",[],4,0,,"[36.5, 48.0, 59.5, 71.0]",[],4,0,
outer_6V,6.0,False,d1,1,0.0,010BAAB45133A1D9633EEDD5D48684413A449EFDFCC265F9CC948183F19F862A,0.18372699387590233,0.1341517876359339,0.07352020350028542,2.499000072479248,161,0.07625909599111132,"[32.5, 43.0, 54.5, 66.0]",[66.5],3,0,0.5,"[36.5, 48.0, 59.5, 71.0]",[71.5],3,0,0.5
outer_6V,6.0,False,g1,1,0.0,96DFB4AECC4187639F05F377884B55869407C9914A0D5FCD6912F83038C48288,0.18678848048358218,0.13615009332688885,0.07474528814169663,2.499000072479248,161,0.07854524954158512,"[32.5, 43.0, 54.5, 66.0]",[66.5],3,0,0.5,"[36.5, 48.0, 59.5, 71.0]",[71.5],3,0,0.5
outer_6V,6.0,False,d2,1,0.0,409933B06F350EB4F5E342097D9407D6EFF4B7A8A90DC0B29BB3BB91DA6BAC97,0.1838639048552446,0.13422574279309243,0.07357498980495585,2.499000072479248,161,0.07646836961116295,"[32.5, 43.0, 54.5, 66.0]",[66.5],3,0,0.5,"[36.5, 48.0, 59.5, 71.0]",[71.5],3,0,0.5
outer_6V,6.0,False,d3,1,0.0,48FDFB5DF0816A6941C72819EF43957889D65539232A8C1F16F83F550F419293,0.18437531441169305,0.13456191516463986,0.07377963547987217,2.499000072479248,161,0.07683534647760369,"[32.5, 43.0, 54.5, 66.0]",[66.5],3,0,0.5,"[36.5, 48.0, 59.5, 71.0]",[71.5],3,0,0.5
outer_6V,6.0,False,d4,1,0.0,13B8AE27130139B57B541B79002340023910C3F07EEE808EFD7B698F3F0AB28A,0.1845918940507017,0.1347054579578664,0.0738663019995709,2.499000072479248,161,0.07696954244805604,"[32.5, 43.0, 54.5, 66.0]",[66.5],3,0,0.5,"[36.5, 48.0, 59.5, 71.0]",[71.5],3,0,0.5
outer_6V,6.0,False,h4s,1,0.0,F73B69A78F49E745DF337EC3A2373317B7BA8C361223915A07932021703C34DF,0.22626252320960777,0.1680360566072675,0.09054122314815846,2.499000072479248,161,0.08841683054400712,"[32.5, 43.0, 54.5, 66.0]",[],4,0,,"[36.5, 48.0, 59.5, 71.0]",[],4,0,
outer_6V,6.0,False,equal4,1,0.0,E1BBE67B36CEE024E4975EC721451DC37291B8DAD8BF38976AB0690E4ED7129C,0.23146211720787743,0.17047687662152214,0.09262189295506694,2.499000072479248,161,0.09081012473921783,"[32.5, 43.0, 54.5, 66.0]",[],4,0,,"[36.5, 48.0, 59.5, 71.0]",[],4,0,
outer_6V,6.0,False,d1,2,0.0,7984DB750B2AB5FCF86FB542DD70D35C5DF03AF36469D51098903520EA311B2D,0.18357867710831335,0.13460495156924362,0.0734608530547923,2.499000072479248,161,0.07596933800634575,"[32.5, 43.0, 54.5, 66.0]",[66.5],3,0,0.5,"[36.5, 48.0, 59.5, 71.0]",[71.5],3,0,0.5
outer_6V,6.0,False,g1,2,0.0,8E529064B4A0AE538C879528EDCFA11504F28D7EEAF935569DA40F37D8BE20F7,0.18654205695832715,0.13656776371232657,0.07464667929091315,2.499000072479248,161,0.07815963701454934,"[32.5, 43.0, 54.5, 66.0]",[66.5],3,0,0.5,"[36.5, 48.0, 59.5, 71.0]",[71.5],3,0,0.5
outer_6V,6.0,False,d2,2,0.0,AA685BF970D33AAE28E0D4209A9B2556C3535D51ACBB7AB22810ED8D7D224D29,0.18365099541000943,0.1346518296042677,0.0734897919501899,2.499000072479248,161,0.07602884371111297,"[32.5, 43.0, 54.5, 66.0]",[66.5],3,0,0.5,"[36.5, 48.0, 59.5, 71.0]",[71.5],3,0,0.5
outer_6V,6.0,False,d3,2,0.0,64DA15E9393AF47F5241286BAA4C652D9210B26682C8BC7E8328EEDA10A2DC4C,0.1841603422353496,0.1349950235232896,0.07369361220251781,2.499000072479248,161,0.07642253868351256,"[32.5, 43.0, 54.5, 66.0]",[66.5],3,0,0.5,"[36.5, 48.0, 59.5, 71.0]",[71.5],3,0,0.5
outer_6V,6.0,False,d4,2,0.0,5D0EA77E127CB0279856529912839E9344E2C8F7FAC57269CCD0C73BC2FA6CFE,0.18429863828827656,0.135088296647629,0.0737489527583065,2.499000072479248,161,0.07652065126074953,"[32.5, 43.0, 54.5, 66.0]",[66.5],3,0,0.5,"[36.5, 48.0, 59.5, 71.0]",[71.5],3,0,0.5
outer_6V,6.0,False,h4s,2,0.0,466A505448A84E0B46C5AA11DE9B9BFDC6AE22E4EFCF11B6252E4DA06D5631E3,0.2310689359321942,0.17009552517871124,0.09246455751517911,2.499000072479248,161,0.09074767776736006,"[32.5, 43.0, 54.5, 66.0]",[],4,0,,"[36.5, 48.0, 59.5, 71.0]",[],4,0,
outer_6V,6.0,False,equal4,2,0.0,9F5240E75365E7675AED47371B38CFD9DF8D5E7750EB455999F637771BE61B39,0.2320055217368262,0.170492405737085,0.09283934173985615,2.499000072479248,161,0.09126779296499046,"[32.5, 43.0, 54.5, 66.0]",[],4,0,,"[36.5, 48.0, 59.5, 71.0]",[],4,0,
outer_8V,8.0,False,H1,0,0.0,8C953972D15BD7444D108E363CF8C017CF2274578AF3E120B3387BE25D601DCD,0.3724828141226661,0.2969069687522346,0.16365677081584354,2.2760000228881836,161,0.2969069687522346,"[33.0, 43.5, 55.0, 66.5]","[19.5, 31.0, 42.5, 54.0, 65.5, 77.0]",0,2,1.25,"[37.0, 48.5, 60.0, 72.0]","[23.0, 35.0, 47.0, 58.5, 70.5]",0,1,1.625
outer_8V,8.0,False,H1,1,0.0,0279533447D3BC00903D7FE23C5AAE4D8C059E070117CB7D4C93FE1DFAEEF361,0.3724839096032616,0.2969073312854545,0.16365725213420226,2.2760000228881836,161,0.2969073312854545,"[33.0, 43.5, 55.0, 66.5]","[19.5, 31.0, 42.5, 54.0, 65.5, 77.0]",0,2,1.25,"[37.0, 48.5, 60.0, 72.0]","[23.0, 35.0, 47.0, 58.5, 70.5]",0,1,1.625
outer_8V,8.0,False,H1,2,0.0,30C1CB6B30DF923310FAD9C9BB02C5D2FC61636D716F4E1D01661C091756A713,0.37248019324261,0.2969046605531103,0.16365561928683223,2.2760000228881836,161,0.2969046605531103,"[33.0, 43.5, 55.0, 66.5]","[19.5, 31.0, 42.5, 54.0, 65.5, 77.0]",0,2,1.25,"[37.0, 48.5, 60.0, 72.0]","[23.0, 35.0, 47.0, 58.5, 70.5]",0,1,1.625
outer_8V,8.0,False,G1,0,0.0,6834659E054BF375C2401C091894535DF5527437E702F675585BADCCEB951434,0.3717208905318341,0.29601200366890207,0.1633220064998638,2.2760000228881836,161,0.29601200366890207,"[33.0, 43.5, 55.0, 66.5]","[19.5, 31.0, 42.5, 54.0, 65.5, 77.0]",0,2,1.25,"[37.0, 48.5, 60.0, 72.0]","[23.0, 35.0, 47.0, 58.5, 70.5]",0,1,1.625
outer_8V,8.0,False,G1,1,0.0,4432F12BF5E582A146DC50434FD42C9CEB64BA1C19EBF03B70B1D760B6771018,0.371721484061357,0.2960122213554308,0.1633222672773317,2.2760000228881836,161,0.2960122213554308,"[33.0, 43.5, 55.0, 66.5]","[19.5, 31.0, 42.5, 54.0, 65.5, 77.0]",0,2,1.25,"[37.0, 48.5, 60.0, 72.0]","[23.0, 35.0, 47.0, 58.5, 70.5]",0,1,1.625
outer_8V,8.0,False,G1,2,0.0,54C17458B3BD71811BD92548B8C5478331D34C886C8A63F944F8E1763A27C3BA,0.37171885240876035,0.2960113178915489,0.16332111101521826,2.2760000228881836,161,0.2960113178915489,"[33.0, 43.5, 55.0, 66.5]","[19.5, 31.0, 42.5, 54.0, 65.5, 77.0]",0,2,1.25,"[37.0, 48.5, 60.0, 72.0]","[23.0, 35.0, 47.0, 58.5, 70.5]",0,1,1.625
outer_8V,8.0,False,C,0,0.01,F895C98D27FE475DA33369E40BAE7EC0EB7339525E3C3E33EB88116A2E6CED10,0.4633175829387492,0.3543151560129586,0.20356659854107184,2.2760000228881836,161,0.3543151560129586,"[33.0, 43.5, 55.0, 66.5]",[],4,0,,"[37.0, 48.5, 60.0, 72.0]",[],4,0,
outer_8V,8.0,False,C,1,0.01,E7AC08441C8D74FF53863DBD2D5AF6F4F238CA1C7873B75CDFAC453BB44F80CD,0.463525179251621,0.3545327561195963,0.20365780957392957,2.2760000228881836,161,0.3545327561195963,"[33.0, 43.5, 55.0, 66.5]",[],4,0,,"[37.0, 48.5, 60.0, 72.0]",[],4,0,
outer_8V,8.0,False,C,2,0.01,47015D3B151DB86CEDD63DB9BCF2490AC56DA73DCF0450ADF281A2BE17A3C82B,0.4635136851693653,0.3545262803849967,0.20365275944996641,2.2760000228881836,161,0.3545262803849967,"[33.0, 43.5, 55.0, 66.5]",[],4,0,,"[37.0, 48.5, 60.0, 72.0]",[],4,0,
outer_8V,8.0,False,d1,0,0.0,F84B526BD514A898EFCD7BB586A0AD444184F72E901B2C5737DC3F211A130107,0.4123913430423768,0.335905414005244,0.18119127367980564,2.2760000228881836,161,0.335905414005244,"[33.0, 43.5, 55.0, 66.5]",[66.0],3,0,0.5,"[37.0, 48.5, 60.0, 72.0]",[70.5],3,0,1.5
outer_8V,8.0,False,g1,0,0.0,F1F72450E2151F1612FF79FFB324D897C1BA8ED61760A40525FB10FC718DF4A7,0.41601454242660524,0.3380745437389575,0.1827831890347232,2.2760000228881836,161,0.3380745437389575,"[33.0, 43.5, 55.0, 66.5]",[66.0],3,0,0.5,"[37.0, 48.5, 60.0, 72.0]",[70.5],3,0,1.5
outer_8V,8.0,False,d2,0,0.0,BD9A3A9AD5B982A1A2B0BEAFB46F2FD609FB5328D107AC9D02214F031FBB0DF7,0.41236425302853763,0.3358918648699056,0.18117937121338792,2.2760000228881836,161,0.3358918648699056,"[33.0, 43.5, 55.0, 66.5]",[66.0],3,0,0.5,"[37.0, 48.5, 60.0, 72.0]",[70.5],3,0,1.5
outer_8V,8.0,False,d3,0,0.0,02CD83B267C67A3F94F8659F91AEAF32C7CCE713FEE60D25DED78DE01B64C1EA,0.4131780001475793,0.33637414284929723,0.18153690509337844,2.2760000228881836,161,0.33637414284929723,"[33.0, 43.5, 55.0, 66.5]",[66.0],3,0,0.5,"[37.0, 48.5, 60.0, 72.0]",[70.5],3,0,1.5
outer_8V,8.0,False,d4,0,0.0,A4767D868CE2E4309551DDA4A426BC3177E9189D79BE9EC7FC8A74ACABCD90D1,0.41336007467423413,0.33647643381394216,0.18161690268776498,2.2760000228881836,161,0.33647643381394216,"[33.0, 43.5, 55.0, 66.5]",[66.0],3,0,0.5,"[37.0, 48.5, 60.0, 72.0]",[70.5],3,0,1.5
outer_8V,8.0,False,h4s,0,0.0,65770C5C0DB0F89156610B9A9AFAD1C3B34245E7720FA5DF4765F28C4444880E,0.4938515589688086,0.39243947922813227,0.21698222935082578,2.2760000228881836,161,0.39243947922813227,"[33.0, 43.5, 55.0, 66.5]",[],4,0,,"[37.0, 48.5, 60.0, 72.0]",[],4,0,
outer_8V,8.0,False,equal4,0,0.0,CAE2428F0E05DC0F144091E9A128FD52CB50A32288B943A1B3576EAF994BE66F,0.4935475428237689,0.39228889961605484,0.21684865459600047,2.2760000228881836,161,0.39228889961605484,"[33.0, 43.5, 55.0, 66.5]",[],4,0,,"[37.0, 48.5, 60.0, 72.0]",[],4,0,
outer_8V,8.0,False,d1,1,0.0,B665402B9E0FCA40551701624FE45785ADA52534AA40511B38C5CAA330D56106,0.42083937618117373,0.3420538653775772,0.18490306324651953,2.2760000228881836,161,0.3420538653775772,"[33.0, 43.5, 55.0, 66.5]",[66.0],3,0,0.5,"[37.0, 48.5, 60.0, 72.0]",[70.5],3,0,1.5
outer_8V,8.0,False,g1,1,0.0,0EAF8A305054BAF984ADB2D9270EFAAF1A33D78AFAF0F5E3D5B30BB8C820BFE4,0.4246317156054712,0.3442903703876904,0.18656929320528953,2.2760000228881836,161,0.3442903703876904,"[33.0, 43.5, 55.0, 66.5]",[66.0],3,0,0.5,"[37.0, 48.5, 60.0, 72.0]",[70.5],3,0,1.5
outer_8V,8.0,False,d2,1,0.0,B9B74E1B8F1ACE34445F6BC32A1030B2AF3B5D72E63C06302DC2C5528C5B09BB,0.42098168509082445,0.34216125772236294,0.1849655891288656,2.2760000228881836,161,0.34216125772236294,"[33.0, 43.5, 55.0, 66.5]",[66.0],3,0,0.5,"[37.0, 48.5, 60.0, 72.0]",[70.5],3,0,1.5
outer_8V,8.0,False,d3,1,0.0,4D80E89A0DFFF05FE08065D67BB82E95C731A74573A29D9BB78C673DE96E4B4F,0.4217126385061021,0.34258234065882165,0.1852867461622254,2.2760000228881836,161,0.34258234065882165,"[33.0, 43.5, 55.0, 66.5]",[66.0],3,0,0.5,"[37.0, 48.5, 60.0, 72.0]",[70.5],3,0,1.5
outer_8V,8.0,False,d4,1,0.0,E082AA499015B781843BCBD1C8458CBF24BC1A0F4B656F5B6EA21E9C351F17DD,0.42196871248263346,0.3427377942463626,0.1853992566955981,2.2760000228881836,161,0.3427377942463626,"[33.0, 43.5, 55.0, 66.5]",[66.0],3,0,0.5,"[37.0, 48.5, 60.0, 72.0]",[70.5],3,0,1.5
outer_8V,8.0,False,h4s,1,0.0,52269F47F7C40EE752E254986FC15A7A580481CF136863CAA47FE06DCB55B4E5,0.4938368303443565,0.3920026644601585,0.21697575807476954,2.2760000228881836,161,0.3920026644601585,"[33.0, 43.5, 55.0, 66.5]",[],4,0,,"[37.0, 48.5, 60.0, 72.0]",[],4,0,
outer_8V,8.0,False,equal4,1,0.0,A0B48B505D23CA46B4E4960FC7D9839C285ED7C41A3761B71FCBC127CC93B93E,0.4936417736648275,0.3919317095731356,0.2168900565468401,2.2760000228881836,161,0.3919317095731356,"[33.0, 43.5, 55.0, 66.5]",[],4,0,,"[37.0, 48.5, 60.0, 72.0]",[],4,0,
outer_8V,8.0,False,d1,2,0.0,56CC57C6A2E227903BEC3277156D1B045FD9128E9686915AC11DA6E115D06896,0.4208989497054015,0.3421879493579361,0.18492923790540736,2.2760000228881836,161,0.3421879493579361,"[33.0, 43.5, 55.0, 66.5]",[66.0],3,0,0.5,"[37.0, 48.5, 60.0, 72.0]",[70.5],3,0,1.5
outer_8V,8.0,False,g1,2,0.0,69132B8BB1740930EC8CF6948B1CF5B866EFF018F82EFEF98EA21A01EF3BA8BC,0.4245390666293937,0.3443323582503366,0.18652858627420615,2.2760000228881836,161,0.3443323582503366,"[33.0, 43.5, 55.0, 66.5]",[66.0],3,0,0.5,"[37.0, 48.5, 60.0, 72.0]",[70.5],3,0,1.5
outer_8V,8.0,False,d2,2,0.0,956F34C6FFD0A4A1AB0174E6DA484AD6794A30AF8A6402A6751FEE0212F765B2,0.421037413577048,0.3422683072941644,0.1849900744037615,2.2760000228881836,161,0.3422683072941644,"[33.0, 43.5, 55.0, 66.5]",[66.0],3,0,0.5,"[37.0, 48.5, 60.0, 72.0]",[70.5],3,0,1.5
outer_8V,8.0,False,d3,2,0.0,2D7756B6C652C5D6F0772CBC9D8847BC875D05525F80FA92034ECAC0478466E7,0.42172697080787297,0.3426685947346391,0.18529304330705262,2.2760000228881836,161,0.3426685947346391,"[33.0, 43.5, 55.0, 66.5]",[66.0],3,0,0.5,"[37.0, 48.5, 60.0, 72.0]",[70.5],3,0,1.5
outer_8V,8.0,False,d4,2,0.0,EA60B0822BC4815907A7D060DE34749A6083A0730030BD62914E4B345452153C,0.4219988719327923,0.3428356553549352,0.1854125077719845,2.2760000228881836,161,0.3428356553549352,"[33.0, 43.5, 55.0, 66.5]",[66.0],3,0,0.5,"[37.0, 48.5, 60.0, 72.0]",[70.5],3,0,1.5
outer_8V,8.0,False,h4s,2,0.0,836F9410871398D79C765762EDFD7AF7451100C06C1CB4DB418DCE519984E98F,0.4940550654346207,0.3923367239673686,0.21707164343859625,2.2760000228881836,161,0.3923367239673686,"[33.0, 43.5, 55.0, 66.5]",[],4,0,,"[37.0, 48.5, 60.0, 72.0]",[],4,0,
outer_8V,8.0,False,equal4,2,0.0,9BEA2CDDC3A7C00E930E74CA7FE82E4983E3DC03FF6C8795A14F27CA69184F24,0.49385855393228484,0.3922611547182806,0.21698530270908847,2.2760000228881836,161,0.3922611547182806,"[33.0, 43.5, 55.0, 66.5]",[],4,0,,"[37.0, 48.5, 60.0, 72.0]",[],4,0,
