scope,stage,candidate,mean_nrmse,se_nrmse,folds,threshold,selected
outer_0V,lambda,1e-06,0.0816594959145148,0.020204807038676068,3,0.09493011184402161,False
outer_0V,lambda,0.0001,0.0799093188552799,0.015020792988741712,3,0.09493011184402161,True
outer_0V,lambda,0.01,0.1176916007512611,0.016464869686287808,3,0.09493011184402161,False
outer_0V,local,d1,0.07987099287489217,0.02682177539759058,3,0.10669276827248275,True
outer_0V,local,d2,0.0803859918214404,0.028364093435522895,3,0.10669276827248275,False
outer_0V,local,d3,0.08037538795837436,0.028367177801494173,3,0.10669276827248275,False
outer_0V,local,d4,0.08039202324273477,0.028368878505319786,3,0.10669276827248275,False
outer_0V,local,equal4,0.08090497772140345,0.02834344082266187,3,0.10669276827248275,False
outer_0V,local,g1,0.08028669246150742,0.028253584800026946,3,0.10669276827248275,False
outer_0V,local,h4s,0.08086086666341087,0.028296169790986706,3,0.10669276827248275,False
outer_4V,lambda,1e-06,0.11856444684881463,0.035807780450311216,3,0.14657967512344505,False
outer_4V,lambda,0.0001,0.11467218148744163,0.03190749363600344,3,0.14657967512344505,True
outer_4V,lambda,0.01,0.163709063323575,0.03501537568650744,3,0.14657967512344505,False
outer_4V,local,d1,0.11072663513945213,0.031532581053261725,3,0.14111224922650423,True
outer_4V,local,d2,0.11043560350870163,0.03094269471406432,3,0.14111224922650423,False
outer_4V,local,d3,0.110422423479771,0.030956101798750586,3,0.14111224922650423,False
outer_4V,local,d4,0.11042490148665803,0.030950409977792213,3,0.14111224922650423,False
outer_4V,local,equal4,0.11094772534855224,0.03105025166789906,3,0.14111224922650423,False
outer_4V,local,g1,0.11022126908417558,0.030890980142328658,3,0.14111224922650423,False
outer_4V,local,h4s,0.11096937855858235,0.03104554843875414,3,0.14111224922650423,False
outer_6V,lambda,1e-06,0.13241248697198185,0.04120555422324241,3,0.1758568509266156,False
outer_6V,lambda,0.0001,0.1317568948443296,0.044099956082286014,3,0.1758568509266156,False
outer_6V,lambda,0.01,0.14893255105030956,0.04458946210681087,3,0.1758568509266156,True
outer_8V,lambda,1e-06,0.09839538233974932,0.031660879990928786,3,0.1300562623306781,False
outer_8V,lambda,0.0001,0.10249258789886213,0.029245691381726797,3,0.1300562623306781,False
outer_8V,lambda,0.01,0.11632464268668508,0.02454720157471324,3,0.1300562623306781,True
final,lambda,1e-06,0.10017890337175964,0.027862249613280893,4,0.12804115298504054,False
final,lambda,0.0001,0.10046125223124722,0.025665906623943965,4,0.12804115298504054,True
final,lambda,0.01,0.13275756058108973,0.03100162746173658,4,0.12804115298504054,False
final,local,d1,0.09698331098541979,0.027415114371377145,4,0.12311469984208398,True
final,local,d2,0.09604893489196276,0.02722905162804623,4,0.12311469984208398,False
final,local,d3,0.09604910590350768,0.027226242729754338,4,0.12311469984208398,False
final,local,d4,0.09604749710816803,0.027220444661788443,4,0.12311469984208398,False
final,local,equal4,0.09600395449984939,0.027231904945562144,4,0.12311469984208398,False
final,local,g1,0.09594748887819177,0.02716721096389221,4,0.12311469984208398,False
final,local,h4s,0.09598521891405037,0.027194416910531035,4,0.12311469984208398,False
