levels,block,rank1_rmse,rank2_rmse,relative_gain
0-4-6,1,0.44099083600231415,0.4733910254015059,-0.07347134396920152
0-4-6,2,0.4210868573428525,0.39124402860333696,0.07087095742628999
0-4-6,3,0.4870836446455424,0.3797643680675189,0.22033028158053064
0-4-6,4,0.606539952320074,0.5157864053848042,0.14962501083090837
0-4-6,5,0.6347653843295815,0.5158433320668441,0.18734804259740634
0-4-6-8,1,0.47372172280033886,0.5913457701286134,-0.24829776990794655
0-4-6-8,2,0.45725739388637193,0.34497684761124536,0.24555217209462596
0-4-6-8,3,0.5898501715985065,0.339876398181139,0.42379198219088965
0-4-6-8,4,0.8000005316615868,0.5487970611701236,0.31400412943441186
0-4-6-8,5,1.014552550730579,0.6768744779744899,0.3328344820708669
0-4-6-8-10,1,0.6005321601862847,0.581625645777414,0.03148293407468121
0-4-6-8-10,2,0.562006994485497,0.3251436969108275,0.42145969694115953
0-4-6-8-10,3,0.7501442495015531,0.34094227959484297,0.5454977095120196
0-4-6-8-10,4,0.8899726607356971,0.5241971424115457,0.4109963535529087
0-4-6-8-10,5,1.0982687899811627,0.6174382648942591,0.43780769286464993
