noise_scheme,true_factor,true_span_eV,recovery_rate
self_block_3,0.25,0.0699291849999999,0.22
self_block_3,0.5,0.1398583699999998,0.002
self_block_3,1.0,0.2797167399999996,0.004
self_block_3,2.0,0.5594334799999992,0.006
self_block_3,4.0,1.1188669599999983,0.06
self_block_3,8.0,2.2377339199999966,0.85
self_block_5,0.25,0.0699291849999999,0.206
self_block_5,0.5,0.1398583699999998,0.0
self_block_5,1.0,0.2797167399999996,0.008
self_block_5,2.0,0.5594334799999992,0.01
self_block_5,4.0,1.1188669599999983,0.056
self_block_5,8.0,2.2377339199999966,0.808
self_block_9,0.25,0.0699291849999999,0.246
self_block_9,0.5,0.1398583699999998,0.0
self_block_9,1.0,0.2797167399999996,0.0
self_block_9,2.0,0.5594334799999992,0.016
self_block_9,4.0,1.1188669599999983,0.072
self_block_9,8.0,2.2377339199999966,0.764
common_phase,0.25,0.0699291849999999,0.282
common_phase,0.5,0.1398583699999998,0.002
common_phase,1.0,0.2797167399999996,0.006
common_phase,2.0,0.5594334799999992,0.024
common_phase,4.0,1.1188669599999983,0.078
common_phase,8.0,2.2377339199999966,0.798
