model,mean_balanced_rmse,block_errors,selected_ridge
NIST_4s,0.09791915969892431,0.0872437388;0.0782250957;0.0514373748;0.10119783;0.171491759,0.0316227766;0.0316227766;0.0316227766;0.00562341325;0.001
equal_spacing,0.0986701036507102,0.0871706336;0.0774568501;0.051592619;0.101506783;0.175623632,0.0316227766;0.0316227766;0.0316227766;0.00562341325;0.001
pseudo_0,0.0960655201464445,0.0871915496;0.0785421274;0.0512993026;0.100858238;0.162436383,0.0316227766;0.0316227766;0.0316227766;0.00562341325;0.001
pseudo_1,0.10227097354955905,0.0870494726;0.0713474037;0.0536450019;0.103177443;0.196135547,0.0316227766;0.00562341325;0.00562341325;0.00562341325;0.000177827941
pseudo_2,0.09941945913389519,0.0868914248;0.074790334;0.0522634306;0.102237939;0.180914167,0.0316227766;0.0316227766;0.0316227766;0.00562341325;0.001
pseudo_3,0.09992450554272995,0.087108942;0.0746229963;0.0526045099;0.102543489;0.182742591,0.0316227766;0.0316227766;0.0316227766;0.00562341325;0.001
pseudo_4,0.09835148744810647,0.0876027706;0.0797447208;0.0514005076;0.10085892;0.172150519,0.0316227766;0.0316227766;0.0316227766;0.00562341325;0.001
pseudo_5,0.09878523210952803,0.0872975006;0.0781900774;0.0514920054;0.101325045;0.175621532,0.0316227766;0.0316227766;0.0316227766;0.00562341325;0.001
pseudo_6,0.10157515963238897,0.0863461609;0.076652649;0.0508965989;0.100249877;0.193730512,0.00562341325;0.00562341325;0.00562341325;0.00562341325;3.16227766e-05
pseudo_7,0.09630768357496917,0.0868278185;0.0762017318;0.0516460817;0.101460258;0.165402527,0.0316227766;0.0316227766;0.0316227766;0.00562341325;0.001
pseudo_8,0.09469379044605226,0.0878379778;0.0813247231;0.0513573549;0.0999366586;0.153012238,0.0316227766;0.0316227766;0.0316227766;0.00562341325;0.001
pseudo_9,0.09252353526331598,0.0880452276;0.0822077891;0.051487877;0.0994367763;0.141440006,0.0316227766;0.0316227766;0.0316227766;0.00562341325;0.001
pseudo_10,0.09783561990617719,0.0870365151;0.0727668249;0.0533453001;0.102920285;0.173109175,0.0316227766;0.00562341325;0.0316227766;0.00562341325;0.001
pseudo_11,0.09958747736626437,0.0873002844;0.0778402352;0.0515889057;0.101529273;0.179678688,0.0316227766;0.0316227766;0.0316227766;0.00562341325;0.001
pseudo_12,0.09974621275393365,0.0871911423;0.0769621059;0.0517657123;0.101791163;0.18102094,0.0316227766;0.0316227766;0.0316227766;0.00562341325;0.001
pseudo_13,0.09613936479814858,0.0873496518;0.0793015603;0.0512441637;0.100649154;0.162152294,0.0316227766;0.0316227766;0.0316227766;0.00562341325;0.001
pseudo_14,0.0962163147161198,0.0874603633;0.0797518882;0.0512476698;0.100538752;0.1620829,0.0316227766;0.0316227766;0.0316227766;0.00562341325;0.001
pseudo_15,0.09553763878454966,0.0872027984;0.0788122557;0.0511574302;0.100637883;0.159877826,0.0316227766;0.0316227766;0.0316227766;0.00562341325;0.001
pseudo_16,0.09850593891683654,0.0870772403;0.0768522977;0.0517025275;0.101648971;0.175248658,0.0316227766;0.0316227766;0.0316227766;0.00562341325;0.001
pseudo_17,0.09621146316689808,0.0875708096;0.0802180546;0.0512098613;0.100372704;0.161685886,0.0316227766;0.0316227766;0.0316227766;0.00562341325;0.001
pseudo_18,0.09867125628419095,0.0869621137;0.0756439082;0.0520283088;0.101998207;0.176723744,0.0316227766;0.0316227766;0.0316227766;0.00562341325;0.001
pseudo_19,0.09951107918763553,0.0871013319;0.0741056911;0.0528341338;0.102680186;0.180834054,0.0316227766;0.0316227766;0.0316227766;0.00562341325;0.001
pseudo_20,0.09848156762414582,0.0870794207;0.0732352379;0.0531766871;0.1028519;0.176064593,0.0316227766;0.00562341325;0.0316227766;0.00562341325;0.001
pseudo_21,0.09708152090941774,0.0870145548;0.0720269447;0.0536648898;0.103069776;0.169631439,0.0316227766;0.00562341325;0.0316227766;0.00562341325;0.001
pseudo_22,0.10014174034504966,0.0873847689;0.0780646495;0.0515948871;0.101546685;0.182117711,0.0316227766;0.0316227766;0.0316227766;0.00562341325;0.001
pseudo_23,0.0940070024981752,0.0879446277;0.0817535249;0.0513703784;0.0997007326;0.149265749,0.0316227766;0.0316227766;0.0316227766;0.00562341325;0.001
pseudo_24,0.09564880824658588,0.0876975989;0.0807459678;0.0512644093;0.100180716;0.15835535,0.0316227766;0.0316227766;0.0316227766;0.00562341325;0.001
pseudo_25,0.09607222714128204,0.0873281707;0.0792227482;0.0512412571;0.100660215;0.161908745,0.0316227766;0.0316227766;0.0316227766;0.00562341325;0.001
pseudo_26,0.09941924161976852,0.0870371635;0.0744075945;0.052631883;0.102528837;0.18049073,0.0316227766;0.0316227766;0.0316227766;0.00562341325;0.001
pseudo_27,0.09716966834588141,0.0868862824;0.0761314193;0.0517577211;0.101635148;0.169437771,0.0316227766;0.0316227766;0.0316227766;0.00562341325;0.001
pseudo_28,0.10036596232900312,0.0873479893;0.0777118924;0.0516632224;0.101672925;0.183433783,0.0316227766;0.0316227766;0.0316227766;0.00562341325;0.001
pseudo_29,0.0962975044315219,0.0869103353;0.0766918181;0.0515930784;0.101387049;0.164905241,0.0316227766;0.0316227766;0.0316227766;0.00562341325;0.001
pseudo_30,0.10032378684429619,0.0871503143;0.0757787012;0.0521568664;0.102217975;0.184315077,0.0316227766;0.0316227766;0.0316227766;0.00562341325;0.001
pseudo_31,0.09602373369863484,0.0876085298;0.080379739;0.0512302934;0.100317202;0.160582904,0.0316227766;0.0316227766;0.0316227766;0.00562341325;0.001
pseudo_32,0.10160236789436232,0.0868577233;0.0772238874;0.0511360356;0.100459068;0.192335125,0.0316227766;0.00562341325;0.0316227766;0.00562341325;0.000177827941
pseudo_33,0.09711860354763491,0.086096381;0.0706872228;0.053921703;0.103293786;0.171593925,0.00562341325;0.00562341325;0.00562341325;0.00562341325;0.000177827941
pseudo_34,0.09906117159595862,0.086888644;0.074980879;0.0521891537;0.102156946;0.179090236,0.0316227766;0.0316227766;0.0316227766;0.00562341325;0.001
pseudo_35,0.09732337546574599,0.0868398512;0.0758857943;0.0517655669;0.101658003;0.170467662,0.0316227766;0.0316227766;0.0316227766;0.00562341325;0.001
pseudo_36,0.09753926270866643,0.0867337613;0.076583154;0.0510204566;0.100499141;0.172859801,0.0316227766;0.00562341325;0.00562341325;0.00562341325;0.000177827941
pseudo_37,0.09985870276362621,0.0871164945;0.0744362974;0.0526956637;0.102604959;0.1824401,0.0316227766;0.0316227766;0.0316227766;0.00562341325;0.001
pseudo_38,0.09910261532202178,0.0868758909;0.0751106799;0.0521028383;0.102087779;0.179335888,0.0316227766;0.0316227766;0.0316227766;0.00562341325;0.001
pseudo_39,0.10220471613815192,0.0867678333;0.0765000908;0.0513179035;0.100765114;0.195672639,0.0316227766;0.00562341325;0.0316227766;0.00562341325;0.000177827941
pseudo_40,0.10062105423990572,0.0872555634;0.0767925417;0.0518759635;0.101962953;0.18521825,0.0316227766;0.0316227766;0.0316227766;0.00562341325;0.001
pseudo_41,0.09929993524866672,0.0868831986;0.0749550079;0.0521784518;0.102162667;0.180320351,0.0316227766;0.0316227766;0.0316227766;0.00562341325;0.001
pseudo_42,0.0998447372452121,0.087164145;0.0766357352;0.0518526595;0.101896554;0.181674593,0.0316227766;0.0316227766;0.0316227766;0.00562341325;0.001
pseudo_43,0.0957411012258631,0.0870437407;0.0714709765;0.0536055872;0.103158061;0.163427141,0.0316227766;0.00562341325;0.00562341325;0.00562341325;0.001
pseudo_44,0.09698138374540935,0.0876476364;0.0802580915;0.0513524428;0.100537451;0.165111297,0.0316227766;0.0316227766;0.0316227766;0.00562341325;0.001
pseudo_45,0.0965818983087121,0.0870583038;0.0720097163;0.0536572714;0.103066336;0.167117864,0.0316227766;0.00562341325;0.0316227766;0.00562341325;0.001
pseudo_46,0.09761876290602424,0.0868755511;0.075838491;0.05184773;0.101758019;0.171774023,0.0316227766;0.0316227766;0.0316227766;0.00562341325;0.001
pseudo_47,0.09894440508636818,0.0870326629;0.0761162171;0.0519200186;0.101913528;0.177739599,0.0316227766;0.0316227766;0.0316227766;0.00562341325;0.001
pseudo_48,0.09449048779449169,0.0878766826;0.081464453;0.0513925945;0.0998862073;0.151832501,0.0316227766;0.0316227766;0.0316227766;0.00562341325;0.001
pseudo_49,0.09820591145500587,0.0863174333;0.0767171312;0.0508784957;0.100300994;0.176815503,0.00562341325;0.00562341325;0.00562341325;0.001;3.16227766e-05
pseudo_50,0.09575287767026291,0.0870331964;0.0712895872;0.0537090824;0.103201659;0.163530864,0.0316227766;0.00562341325;0.00562341325;0.00562341325;0.001
pseudo_51,0.09723202181797949,0.087009277;0.0719262322;0.0537294291;0.103104636;0.170390535,0.0316227766;0.00562341325;0.0316227766;0.00562341325;0.001
pseudo_52,0.09344637561808258,0.0869839168;0.0780735107;0.0511790525;0.100604302;0.150391096,0.0316227766;0.0316227766;0.0316227766;0.00562341325;0.001
pseudo_53,0.09907007858017461,0.0875276304;0.0792159138;0.0514389886;0.101094782;0.176073078,0.0316227766;0.0316227766;0.0316227766;0.00562341325;0.001
pseudo_54,0.10386472055397009,0.0882575759;0.0829183214;0.0515509621;0.0989760275;0.197620716,0.0316227766;0.0316227766;0.0316227766;0.00562341325;0.000177827941
pseudo_55,0.0972675884791269,0.0872310521;0.0783818903;0.0513841397;0.101067434;0.168273427,0.0316227766;0.0316227766;0.0316227766;0.00562341325;0.001
pseudo_56,0.09795301716910423,0.0872834981;0.0784293816;0.0514181966;0.101147643;0.171486366,0.0316227766;0.0316227766;0.0316227766;0.00562341325;0.001
pseudo_57,0.09576719191528002,0.0870538467;0.0715578082;0.0535616265;0.103141512;0.163521167,0.0316227766;0.00562341325;0.00562341325;0.00562341325;0.001
pseudo_58,0.10301342623320628,0.0868629273;0.0770617293;0.0512506342;0.100654317;0.199237523,0.0316227766;0.00562341325;0.0316227766;0.00562341325;0.000177827941
pseudo_59,0.09997679254102043,0.0871321191;0.0761205699;0.0520099699;0.102063896;0.182557408,0.0316227766;0.0316227766;0.0316227766;0.00562341325;0.001
pseudo_60,0.0989436570443933,0.0869971192;0.0757127883;0.052038369;0.102025328;0.177944681,0.0316227766;0.0316227766;0.0316227766;0.00562341325;0.001
pseudo_61,0.09506850486649947,0.0878829792;0.0813837515;0.0514213288;0.0999968128;0.154657652,0.0316227766;0.0316227766;0.0316227766;0.00562341325;0.001
pseudo_62,0.0966354056805235,0.0875372279;0.0799380178;0.0513014367;0.100564931;0.163835414,0.0316227766;0.0316227766;0.0316227766;0.00562341325;0.001
pseudo_63,0.09640103426787291,0.0874121044;0.0795001496;0.0512662451;0.100639363;0.16318731,0.0316227766;0.0316227766;0.0316227766;0.00562341325;0.001
